-- MySQL dump 10.13  Distrib 8.0.19, for Win64 (x86_64)
--
-- Host: localhost    Database: pcrs
-- ------------------------------------------------------
-- Server version	8.0.19

/*!40101 SET @OLD_CHARACTER_SET_CLIENT=@@CHARACTER_SET_CLIENT */;
/*!40101 SET @OLD_CHARACTER_SET_RESULTS=@@CHARACTER_SET_RESULTS */;
/*!40101 SET @OLD_COLLATION_CONNECTION=@@COLLATION_CONNECTION */;
/*!50503 SET NAMES utf8 */;
/*!40103 SET @OLD_TIME_ZONE=@@TIME_ZONE */;
/*!40103 SET TIME_ZONE='+00:00' */;
/*!40014 SET @OLD_UNIQUE_CHECKS=@@UNIQUE_CHECKS, UNIQUE_CHECKS=0 */;
/*!40014 SET @OLD_FOREIGN_KEY_CHECKS=@@FOREIGN_KEY_CHECKS, FOREIGN_KEY_CHECKS=0 */;
/*!40101 SET @OLD_SQL_MODE=@@SQL_MODE, SQL_MODE='NO_AUTO_VALUE_ON_ZERO' */;
/*!40111 SET @OLD_SQL_NOTES=@@SQL_NOTES, SQL_NOTES=0 */;

--
-- Table structure for table `cpu`
--

DROP TABLE IF EXISTS `cpu`;
/*!40101 SET @saved_cs_client     = @@character_set_client */;
/*!50503 SET character_set_client = utf8mb4 */;
CREATE TABLE `cpu` (
  `ID` varchar(100) NOT NULL,
  `manufacturer` varchar(100) NOT NULL,
  `serieName` varchar(100) NOT NULL,
  `chipset` varchar(100) DEFAULT NULL,
  `socket` varchar(100) NOT NULL,
  `Cores` int NOT NULL,
  `Threads` int NOT NULL,
  `fullname` text NOT NULL,
  `image` varchar(300) NOT NULL,
  PRIMARY KEY (`ID`)
) ENGINE=InnoDB DEFAULT CHARSET=utf8;
/*!40101 SET character_set_client = @saved_cs_client */;

--
-- Dumping data for table `cpu`
--

LOCK TABLES `cpu` WRITE;
/*!40000 ALTER TABLE `cpu` DISABLE KEYS */;
INSERT INTO `cpu` VALUES ('amd-ryzen-3-3100','AMD','Matisse','Ryzen 3','AM4',4,8,'AMD Ryzen 3 3100 Desktop Processor','https://www.amd.com/system/files/styles/992px/private/2020-04/450000-ryzen3-3rd-gen-pib-1260x709_0.png?itok=VXFSHOf6'),('amd-ryzen-3-3200g','AMD','Picasso','Ryzen 3','AM4',4,4,'AMD Ryzen 3 3200G Desktop Processor','https://www.amd.com/system/files/styles/992px/private/2020-04/450000-ryzen3-3rd-gen-pib-1260x709_0.png?itok=VXFSHOf6'),('amd-ryzen-3-3300x','AMD','Matisse','Ryzen 3','AM4',4,8,'AMD Ryzen 3 3300X Desktop Processor','https://www.amd.com/system/files/styles/992px/private/2020-04/450000-ryzen3-3rd-gen-pib-1260x709_0.png?itok=VXFSHOf6'),('amd-ryzen-5-3400g','AMD','Picasso','Ryzen 5','AM4',4,8,'AMD Ryzen 5 3400G Desktop Processor','https://www.amd.com/system/files/styles/992px/private/2019-06/238593-ryzen-5-pib-left-facing-1260x709.png?itok=umdtyaSy'),('amd-ryzen-5-3500','AMD','Matisse','Ryzen 5','AM4',6,12,'AMD Ryzen 5 3500 Desktop Processor','https://www.amd.com/system/files/styles/992px/private/2019-06/238593-ryzen-5-pib-left-facing-1260x709.png?itok=umdtyaSy'),('amd-ryzen-5-3500x','AMD','Matisse','Ryzen 5','AM4',6,12,'AMD Ryzen 5 3500X Desktop Processor','https://www.amd.com/system/files/styles/992px/private/2019-06/238593-ryzen-5-pib-left-facing-1260x709.png?itok=umdtyaSy'),('amd-ryzen-5-3600','AMD','Matisse','Ryzen 5','AM4',6,12,'AMD Ryzen 5 3600 Desktop Processor','https://www.amd.com/system/files/styles/992px/private/2019-06/238593-ryzen-5-pib-left-facing-1260x709.png?itok=umdtyaSy'),('amd-ryzen-5-3600x','AMD','Matisse','Ryzen 5','AM4',6,12,'AMD Ryzen 5 3600X Desktop Processor','https://www.amd.com/system/files/styles/992px/private/2019-06/238593-ryzen-5-pib-left-facing-1260x709.png?itok=umdtyaSy'),('amd-ryzen-5-5600x','AMD','Vermeer','Ryzen 5','AM4',6,12,'AMD Ryzen 5 5600X Desktop Processor','https://www.amd.com/system/files/styles/992px/private/2020-09/616656-amd-ryzen-5-5000-series-PIB-fan-1260x709.png?itok=g0FNgeyd'),('amd-ryzen-7-3700x','AMD','Matisse','Ryzen 7','AM4',8,16,'AMD Ryzen 7 3700X Desktop Processor','https://www.amd.com/system/files/styles/992px/private/2019-06/238593-ryzen-7-pib-left-facing-1260x709.png?itok=ACRb3hX0'),('amd-ryzen-7-3800x','AMD','Matisse','Ryzen 7','AM4',8,16,'AMD Ryzen 7 3800X Desktop Processor','https://www.amd.com/system/files/styles/992px/private/2019-06/238593-ryzen-7-pib-left-facing-1260x709.png?itok=ACRb3hX0'),('amd-ryzen-7-3800xt','AMD','Matisse 2','Ryzen 7','AM4',8,16,'AMD Ryzen 7 3800XT Desktop Processor','https://www.amd.com/system/files/styles/992px/private/2019-06/238593-ryzen-7-pib-left-facing-1260x709.png?itok=ACRb3hX0'),('amd-ryzen-7-5800x','AMD','Vermeer','Ryzen 7','AM4',8,16,'AMD Ryzen 7 5800X Desktop Processor','https://www.amd.com/system/files/styles/992px/private/2020-09/616656-amd-ryzen-7-5000-series-PIB-1260x709_0.png?itok=aoadgISc'),('amd-ryzen-9-3900x','AMD','Matisse','Ryzen 9','AM4',12,24,'AMD Ryzen 9 3900X Desktop Processor','https://www.amd.com/system/files/styles/992px/private/2019-11/238593-ryzen-9-pib-left-facing-1260x709_0.png?itok=lahqo3M0'),('amd-ryzen-9-3900xt','AMD','Matisse 2','Ryzen 9','AM4',12,24,'AMD Ryzen 9 3900XT Desktop Processor','https://www.amd.com/system/files/styles/992px/private/2019-11/238593-ryzen-9-pib-left-facing-1260x709_0.png?itok=lahqo3M0'),('amd-ryzen-9-3950x','AMD','Matisse','Ryzen 9','AM4',16,32,'AMD Ryzen 9 3950X Desktop Processor','https://www.amd.com/system/files/styles/992px/private/2019-11/238593-ryzen-9-pib-left-facing-1260x709_0.png?itok=lahqo3M0'),('amd-ryzen-9-5900x','AMD','Vermeer','Ryzen 9','AM4',12,24,'AMD Ryzen 9 5900X Desktop Processor','https://www.amd.com/system/files/styles/992px/private/2020-09/616656-amd-ryzen-9-5000-series-PIB-1260x709_0.png?itok=Wj2ScmBq'),('amd-ryzen-9-5950x','AMD','Vermeer','Ryzen 9','AM4',16,32,'AMD Ryzen 9 5950X Desktop Processor','https://www.amd.com/system/files/styles/992px/private/2020-09/616656-amd-ryzen-9-5000-series-PIB-1260x709_0.png?itok=Wj2ScmBq'),('intel-i3-10100','Intel','Comet Lake','Core i3','LGA1200',4,8,'Intel Core i3-10100 Processor','https://product.hstatic.net/1000262653/product/go_af6933415948425382f28b864fe02_97cc8ea4dd9f4cdeb43b668aeed01a6d_grande.jpg'),('intel-i3-10100F','Intel','Comet Lake','Core i3','LGA1200',4,8,'Intel Core i3-10100F Processor','https://product.hstatic.net/1000262653/product/go_af6933415948425382f28b864fe02_97cc8ea4dd9f4cdeb43b668aeed01a6d_grande.jpg'),('intel-i3-8100','Intel','Coffee Lake','Core i3','LGA1151',4,4,'Intel Core i3-8100 Processor','https://product.hstatic.net/1000371351/product/cpu_i3_8100_286e5b947225427b8e1d9f60a3497219_master.jpeg'),('intel-i3-9100','Intel','Coffee Lake','Core i3','LGA1151',4,4,'Intel Core i3-9100 Processor','https://lh3.googleusercontent.com/proxy/S0igK3p2JILLned8XxHIkP0tOyxrRTjNpIYgSo-vJ8K3c-nQBKfQj_f7lXPJxR1-vMdxVlAYCP0vmlx9if-TzIwyw5f60g'),('intel-i3-9100F','Intel','Coffee Lake','Core i3','LGA1151',4,4,'Intel Core i3-9100F Processor','https://lh3.googleusercontent.com/proxy/S0igK3p2JILLned8XxHIkP0tOyxrRTjNpIYgSo-vJ8K3c-nQBKfQj_f7lXPJxR1-vMdxVlAYCP0vmlx9if-TzIwyw5f60g'),('intel-i5-10400','Intel','Comet Lake','Core i5','LGA1200',6,12,'Intel Core i5-10400 Processor','https://phucanhcdn.com/media/product/39092_cpu_core_i5__the_he_10_ha3.jpg'),('intel-i5-10400F','Intel','Comet Lake','Core i5','LGA1200',6,12,'Intel Core i5-10400F Processor','https://phucanhcdn.com/media/product/39092_cpu_core_i5__the_he_10_ha3.jpg'),('intel-i5-10500','Intel','Comet Lake','Core i5','LGA1200',6,12,'Intel Core i5-10500 Processor','https://phucanhcdn.com/media/product/39092_cpu_core_i5__the_he_10_ha3.jpg'),('intel-i5-10600','Intel','Comet Lake','Core i5','LGA1200',6,12,'Intel Core i5-10600 Processor','https://phucanhcdn.com/media/product/39092_cpu_core_i5__the_he_10_ha3.jpg'),('intel-i5-10600K','Intel','Comet Lake','Core i5','LGA1200',6,12,'Intel Core i5-10600K Processor','https://phucanhcdn.com/media/product/39092_cpu_core_i5__the_he_10_ha3.jpg'),('intel-i5-10600KF','Intel','Comet Lake','Core i5','LGA1200',6,12,'Intel Core i5-10600KF Processor','https://phucanhcdn.com/media/product/39092_cpu_core_i5__the_he_10_ha3.jpg'),('intel-i5-8400','Intel','Coffee Lake','Core i5','LGA1151',6,6,'Intel Core i5-8400 Processor','https://anphat.com.vn/media/product/23793_21439590_1596480713751124_1263792608_o.png'),('intel-i5-8500','Intel','Coffee Lake','Core i5','LGA1151',6,6,'Intel Core i5-8500 Processor','https://anphat.com.vn/media/product/25152_cpu_intel_core_i5_8500__1.jpg'),('intel-i5-9400','Intel','Coffee Lake','Core i5','LGA1151',6,6,'Intel Core i5-9400 Processor','https://hanoicomputercdn.com/media/product/44011_hnc_intel_core_i5_9400_right_face_850x850.jpg'),('intel-i5-9400F','Intel','Coffee Lake','Core i5','LGA1151',6,6,'Intel Core i5-9400F Processor','https://hanoicomputercdn.com/media/product/44011_hnc_intel_core_i5_9400_right_face_850x850.jpg'),('intel-i5-9600K','Intel','Coffee Lake','Core i5','LGA1151',6,6,'Intel Core i5-9600K Processor','https://hanoicomputercdn.com/media/product/44011_hnc_intel_core_i5_9400_right_face_850x850.jpg'),('intel-i7-10700','Intel','Comet Lake','Core i7','LGA1200',8,16,'Intel Core i7-10700 Processor','https://product.hstatic.net/1000026716/product/intel-core-i7_ce12bc05c12845ceb6e6cd76e14d33a1.jpg'),('intel-i7-10700F','Intel','Comet Lake','Core i7','LGA1200',8,16,'Intel Core i7-10700F Processor','https://product.hstatic.net/1000026716/product/intel-core-i7_ce12bc05c12845ceb6e6cd76e14d33a1.jpg'),('intel-i7-10700K','Intel','Comet Lake','Core i7','LGA1200',8,16,'Intel Core i7-10700K Processor','https://product.hstatic.net/1000026716/product/intel-core-i7_ce12bc05c12845ceb6e6cd76e14d33a1.jpg'),('intel-i7-10700KF','Intel','Comet Lake','Core i7','LGA1200',8,16,'Intel Core i7-10700KF Processor','https://product.hstatic.net/1000026716/product/intel-core-i7_ce12bc05c12845ceb6e6cd76e14d33a1.jpg'),('intel-i7-8700','Intel','Coffee Lake','Core i7','LGA1151',6,12,'Intel Core i7-8700 Processor','https://maytinhanhphat.com/wp-content/uploads/2020/01/81c5de4a0de1df7b064c3614642970d0.jpg'),('intel-i7-8700K','Intel','Coffee Lake','Core i7','LGA1151',6,12,'Intel Core i7-8700K Processor','https://maytinhanhphat.com/wp-content/uploads/2020/01/81c5de4a0de1df7b064c3614642970d0.jpg'),('intel-i7-9700','Intel','Coffee Lake','Core i7','LGA1151',8,8,'Intel Core i7-9700 Processor','https://anphat.com.vn/media/product/26197_i7_9700_1.jpg'),('intel-i7-9700F','Intel','Coffee Lake','Core i7','LGA1151',8,8,'Intel Core i7-9700F Processor','https://anphat.com.vn/media/product/26197_i7_9700_1.jpg'),('intel-i7-9700K','Intel','Coffee Lake','Core i7','LGA1151',8,8,'Intel Core i7-9700K Processor','https://anphat.com.vn/media/product/26197_i7_9700_1.jpg'),('intel-i7-9700KF','Intel','Coffee Lake','Core i7','LGA1151',8,8,'Intel Core i7-9700KF Processor','https://anphat.com.vn/media/product/26197_i7_9700_1.jpg'),('intel-i9-10850K','Intel','Comet Lake','Core i9','LGA1200',10,20,'Intel Core i9-10850K Processor','https://phucanhcdn.com/media/product/39753_core_i9_10850k_ha3.jpg'),('intel-i9-10900','Intel','Comet Lake','Core i9','LGA1200',10,20,'Intel Core i9-10900 Processor','https://phucanhcdn.com/media/product/39753_core_i9_10850k_ha3.jpg'),('intel-i9-10900F','Intel','Comet Lake','Core i9','LGA1200',10,20,'Intel Core i9-10900F Processor','https://phucanhcdn.com/media/product/39753_core_i9_10850k_ha3.jpg'),('intel-i9-10900K','Intel','Comet Lake','Core i9','LGA1200',10,20,'Intel Core i9-10900K Processor','https://phucanhcdn.com/media/product/39753_core_i9_10850k_ha3.jpg'),('intel-i9-10900KF','Intel','Comet Lake','Core i9','LGA1200',10,20,'Intel Core i9-10900KF Processor','https://phucanhcdn.com/media/product/39753_core_i9_10850k_ha3.jpg');
/*!40000 ALTER TABLE `cpu` ENABLE KEYS */;
UNLOCK TABLES;

--
-- Table structure for table `cpu_price_list`
--

DROP TABLE IF EXISTS `cpu_price_list`;
/*!40101 SET @saved_cs_client     = @@character_set_client */;
/*!50503 SET character_set_client = utf8mb4 */;
CREATE TABLE `cpu_price_list` (
  `Id` int NOT NULL AUTO_INCREMENT,
  `link` text NOT NULL,
  `name` text NOT NULL,
  `price` int NOT NULL,
  `rid` int NOT NULL,
  `fid` varchar(100) NOT NULL,
  PRIMARY KEY (`Id`),
  KEY `fid` (`fid`),
  KEY `cpu_price_list_ibfk_2_idx` (`rid`),
  CONSTRAINT `cpu_price_list_ibfk_1` FOREIGN KEY (`fid`) REFERENCES `cpu` (`ID`),
  CONSTRAINT `cpu_price_list_ibfk_2` FOREIGN KEY (`rid`) REFERENCES `retailer` (`ID`)
) ENGINE=InnoDB AUTO_INCREMENT=115 DEFAULT CHARSET=utf8;
/*!40101 SET character_set_client = @saved_cs_client */;

--
-- Dumping data for table `cpu_price_list`
--

LOCK TABLES `cpu_price_list` WRITE;
/*!40000 ALTER TABLE `cpu_price_list` DISABLE KEYS */;
INSERT INTO `cpu_price_list` VALUES (1,'https://gearvn.com/products/intel-core-i3-8100-6m-3-6ghz-4-nhan-4-luong','Intel Core i3 8100 / 6M / 3.6GHz / 4 nhân 4 luồng',3250000,1,'intel-i3-8100'),(2,'https://gearvn.com/products/intel-core-i5-8400-9m-2-8ghz-6-nhan-6-luong','Intel Core i5 8400 / 9M / 2.8GHz / 6 nhân 6 luồng',5310000,1,'intel-i5-8400'),(3,'https://gearvn.com/products/intel-core-i5-8500-9m-3-0ghz-6-nhan-6-luong','Intel Core i5 8500 / 9M / 3.0GHz / 6 nhân 6 luồng',5990000,1,'intel-i5-8500'),(4,'https://gearvn.com/products/intel-core-i7-8700k-12m-3-7ghz-6-nhan-12-luong','Intel Core i7 8700k / 12M / 3.7GHz / 6 nhân 12 luồng',9550000,1,'intel-i7-8700K'),(5,'https://gearvn.com/products/core-i3-9100f-6m-3-6ghz-upto-4-20ghz-4-nhan-4-luong','Core i3 9100F / 6M / 3.6GHz upto 4.20GHz / 4 nhân 4 luồng',1990000,1,'intel-i3-9100F'),(6,'https://gearvn.com/products/core-i3-9100-6m-3-6ghz-upto-4-20ghz-4-nhan-4-luong','Core i3 9100 / 6M / 3.6GHz upto 4.20GHz / 4 nhân 4 luồng',3190000,1,'intel-i3-9100'),(7,'https://gearvn.com/products/core-i5-9400f-9m-2-9ghz-6-nhan-6-luong','Core i5 9400F / 9M / 2.9GHz / 6 nhân 6 luồng',3490000,1,'intel-i5-9400F'),(8,'https://gearvn.com/products/core-i5-9400-9m-2-9ghz-upto-4-1ghz-6-nhan-6-luong','Core i5 9400 / 9M / 2.9GHz upto 4.1GHz / 6 nhân 6 luồng',4490000,1,'intel-i5-9400'),(9,'https://gearvn.com/products/intel-core-i5-9600k-9m-3-7ghz-6-nhan-6-luong','Intel Core i5 9600k / 9M / 3.7GHz / 6 nhân 6 luồng',6290000,1,'intel-i5-9600K'),(10,'https://gearvn.com/products/intel-core-i7-9700f-12m-3-0-ghz-8-nhan-8-luong','Intel Core i7 9700F / 12M / 3.0 GHz / 8 nhân 8 luồng',7990000,1,'intel-i7-9700F'),(11,'https://gearvn.com/products/intel-core-i7-9700k-12m-3-6ghz-8-nhan-8-luong','Intel Core i7 9700k / 12M / 3.6GHz / 8 nhân 8 luồng',7990000,1,'intel-i7-9700K'),(12,'https://gearvn.com/products/intel-core-i7-9700-12m-3-0ghz-upto-4-70ghz-8-nhan-8-luong','Core i7 9700 / 12M / 3.0GHz upto 4.70GHz / 8 nhân 8 luồng',8800000,1,'intel-i7-9700'),(16,'https://gearvn.com/products/core-i3-10100f-6mb-4-3ghz-4-nhan-8-luong','Core i3 10100F / 6MB / 4.3GHZ / 4 nhân 8 luồng',2090000,1,'intel-i3-10100F'),(17,'https://gearvn.com/products/intel-core-i3-10100','Intel Core i3 10100 / 6MB / 3.6GHz / 4 Nhân 8 Luồng / LGA 1200',2990000,1,'intel-i3-10100'),(18,'https://gearvn.com/products/intel-core-i5-10400f','Intel Core i5 10400F / 12MB / 2.9GHz / 6 Nhân 12 Luồng / LGA 1200',4090000,1,'intel-i5-10400F'),(19,'https://gearvn.com/products/intel-core-i5-10400','Intel Core i5 10400 / 12MB / 2.9GHz / 6 Nhân 12 Luồng / LGA 1200',4790000,1,'intel-i5-10400'),(20,'https://gearvn.com/products/intel-core-i5-10500','Intel Core i5 10500 / 12MB / 3.1GHz / 6 Nhân 12 Luồng / LGA 1200',5490000,1,'intel-i5-10500'),(21,'https://gearvn.com/products/intel-core-i5-10600','Intel Core i5 10600 / 12MB / 3.3GHz / 6 Nhân 12 Luồng / LGA 1200',5990000,1,'intel-i5-10600'),(22,'https://gearvn.com/products/intel-core-i5-10600ka-avengers-edition-12mb-4-1ghz-6-nhan-12-luong-lga-1200','Intel Core i5 10600KA Avengers Edition / 12MB / 4.1GHz / 6 Nhân 12 Luồng / LGA 1200',7290000,1,'intel-i5-10600K'),(23,'https://gearvn.com/products/intel-core-i7-10700f','Intel Core i7 10700F / 16MB / 2.9GHz / 8 Nhân 16 Luồng / LGA 1200',8290000,1,'intel-i7-10700F'),(24,'https://gearvn.com/products/intel-core-i7-10700','Intel Core i7 10700 / 16MB / 2.9GHz / 8 Nhân 16 Luồng / LGA 1200',9490000,1,'intel-i7-10700'),(25,'https://gearvn.com/products/intel-core-i7-10700kf','Intel Core i7 10700KF / 16MB / 3.8GHz / 8 Nhân 16 Luồng / LGA 1200',9890000,1,'intel-i7-10700KF'),(26,'https://gearvn.com/products/intel-core-i7-10700ka-avengers-edition-16mb-3-8ghz-8-nhan-16-luong-lga-1200','Intel Core i7-10700KA Avengers Edition / 16MB / 3.8GHz / 8 Nhân 16 Luồng / LGA 1200',10490000,1,'intel-i7-10700K'),(27,'https://gearvn.com/products/intel-core-i7-10700k','Intel Core i7 10700K / 16MB / 3.8GHz / 8 Nhân 16 Luồng / LGA 1200',10490000,1,'intel-i7-10700K'),(28,'https://gearvn.com/products/intel-core-i9-10900f','Intel Core i9 10900F/ 20MB / 2.8GHz / 10 Nhân 20 Luồng / LGA 1200',11790000,1,'intel-i9-10900F'),(29,'https://gearvn.com/products/intel-core-i9-10900','Intel Core i9 10900 / 20MB / 2.8GHz / 10 Nhân 20 Luồng / LGA 1200',12490000,1,'intel-i9-10900'),(30,'https://gearvn.com/products/core-i9-10850ka-20mb-3-6ghz-10-nhan-20-luong','Intel Core i9-10850KA / 20MB / 3.6GHz / 10 Nhân 20 Luồng',12590000,1,'intel-i9-10850K'),(31,'https://gearvn.com/products/intel-core-i9-10900k','Intel Core i9 10900K / 20MB / 3.7GHz / 10 Nhân 20 Luồng / LGA 1200',13490000,1,'intel-i9-10900K'),(32,'https://gearvn.com/products/amd-ryzen-3-3200g-6mb-3-6ghz-4-nhan-4-luong','AMD Ryzen 3 3200G /6MB /3.6GHz /4 nhân 4 luồng',2490000,1,'amd-ryzen-3-3200g'),(33,'https://gearvn.com/products/amd-ryzen-3-3100-16mb-3-6ghz-4-nhan-8-luong','AMD Ryzen 3 3100 /16MB /3.6GHz /4 nhân 8 luồng',2590000,1,'amd-ryzen-3-3100'),(34,'https://gearvn.com/products/cpu-ryzen-5-3500','CPU Ryzen 5 3500 /16MB /3.6GHz /6 nhân 6 luồng',2990000,1,'amd-ryzen-5-3500'),(35,'https://gearvn.com/products/amd-ryzen-3-3300x-16mb-3-8ghz-4-nhan-8-luong','AMD Ryzen 3 3300X /16MB /3.8GHz /4 nhân 8 luồng',3190000,1,'amd-ryzen-3-3300x'),(36,'https://gearvn.com/products/amd-ryzen-5-3500x-32mb-3-6ghz-6-nhan-6-luong','AMD Ryzen 5 3500x /32MB /3.6GHz /6 nhân 6 luồng',3790000,1,'amd-ryzen-5-3500x'),(37,'https://gearvn.com/products/amd-ryzen-5-3400g-6mb-3-7ghz-4-nhan-8-luong','AMD Ryzen 5 3400G /6MB /3.7GHz /4 nhân 8 luồng',3900000,1,'amd-ryzen-5-3400g'),(38,'https://gearvn.com/products/amd-ryzen-5-3600-36mb-3-6ghz-6-nhan-12-luong','AMD Ryzen 5 3600 /36MB /3.6GHz /6 nhân 12 luồng',4990000,1,'amd-ryzen-5-3600'),(39,'https://gearvn.com/products/amd-ryzen-5-3600x-36mb-3-8ghz-6-nhan-12-luong','AMD Ryzen 5 3600x /36MB /3.8GHz /6 nhân 12 luồng',5690000,1,'amd-ryzen-5-3600x'),(40,'https://gearvn.com/products/amd-ryzen-7-3700x-36mb-3-6ghz-8-nhan-12-luong','AMD Ryzen 7 3700x /36MB /3.6GHz /8 nhân 16 luồng',8290000,1,'amd-ryzen-7-3700x'),(41,'https://gearvn.com/products/amd-ryzen-7-3800x-36mb-3-9ghz-8-nhan-16-luong','AMD Ryzen 7 3800x /36MB /3.9GHz /8 nhân 16 luồng',9300000,1,'amd-ryzen-7-3800x'),(42,'https://gearvn.com/products/cpu-amd-ryzen-7-3800xt-32mb-3-8ghz-8-nhan-16-luong','CPU AMD Ryzen 7 3800XT / 32MB / 3.8GHz / 8 nhân 16 luồng',9590000,1,'amd-ryzen-7-3800xt'),(43,'https://gearvn.com/products/amd-ryzen-9-3900x-70mb-3-8ghz-12-nhan-24-luong','AMD Ryzen 9 3900x /70MB /3.8GHz /12 nhân 24 luồng',12290000,1,'amd-ryzen-9-3900x'),(44,'https://gearvn.com/products/cpu-amd-ryzen-9-3900xt-64mb-3-8ghz-12-nhan-24-luong','CPU AMD Ryzen 9 3900XT / 64MB / 3.8GHz / 12 nhân 24 luồng',12590000,1,'amd-ryzen-9-3900xt'),(45,'https://gearvn.com/products/amd-ryzen-9-3950x-socket-am4','AMD Ryzen™ 9 3950X / 64MB /3.5Ghz / 16 nhân 32 luồng',18990000,1,'amd-ryzen-9-3950x'),(46,'https://gearvn.com/products/amd-ryzen-5-5600x-32mb-3-7ghz-boost-4-6ghz-6-nhan-12-luong','CPU AMD Ryzen 5 5600X / 32MB / 3.7GHz Boost 4.6GHz / 6 nhân 12 luồng',7900000,1,'amd-ryzen-5-5600x'),(47,'https://gearvn.com/products/amd-ryzen-7-5800x-32mb-3-8ghz-boost-4-7ghz-8-nhan-16-luong','AMD Ryzen 7 5800X / 32MB / 3.8GHz Boost 4.7GHz / 8 nhân 16 luồng',11600000,1,'amd-ryzen-7-5800x'),(48,'https://gearvn.com/products/amd-ryzen-9-5900x-64mb-3-7ghz-boost-4-8ghz-12-nhan-24-luong','AMD Ryzen 9 5900X / 64MB / 3.7GHz Boost 4.8GHz / 12 nhân 24 luồng',14690000,1,'amd-ryzen-9-5900x'),(49,'https://gearvn.com/products/amd-ryzen-9-5950x-64md-3-4ghz-boost-4-9ghz-16-nhan-32-luong','AMD Ryzen 9 5950X / 64MD / 3.4GHz Boost 4.9GHz / 16 nhân 32 luồng',20900000,1,'amd-ryzen-9-5950x'),(50,'https://www.hanoicomputer.vn/cpu-intel-core-i3-9100-3.7-ghz-4-cores-4-threads6mbsocket-1151coffee-lake-refresh','CPU Intel Core i3-9100 (3.6GHz turbo up to 4.2GHz, 4 nhân 4 luồng, 6MB Cache, 65W) - Socket Intel LGA 1151-v2 ',3199000,2,'intel-i3-9100'),(51,'https://www.hanoicomputer.vn/cpu-intel-core-i3-8100-36ghz-6mb-4-cores-4-threads-socket-1151-v2-coffee-lake','CPU Intel Core i3-8100 (3.6GHz, 4 nhân, 4 luồng, 6MB Cache, 65W) - Socket Intel LGA 1151-v2',2799000,2,'intel-i3-8100'),(52,'https://www.hanoicomputer.vn/cpu-intel-core-i3-9100f-36ghz-6mb-4-cores-4-threads-socket-1151-coffee-lake','CPU Intel Core i3-9100F (3.6Ghz, 4 nhân 4 luồng, 6MB Cache, 65W) - Socket Intel LGA 1151-v2',1899000,2,'intel-i3-9100F'),(53,'https://www.hanoicomputer.vn/cpu-intel-core-i3-10100-3-6ghz-turbo-up-to-4-3ghz-4-nhan-8-luong-6mb-cache-65w-socket-intel-lga-1200','CPU Intel Core i3-10100 (3.6GHz turbo up to 4.3Ghz, 4 nhân 8 luồng, 6MB Cache, 65W) - Socket Intel LGA 1200',3159000,2,'intel-i3-10100'),(54,'https://www.hanoicomputer.vn/cpu-intel-core-i3-10100f','CPU Intel Core i3-10100F (3.6GHz turbo up to 4.3Ghz, 4 nhân 8 luồng, 6MB Cache, 65W) - Socket Intel LGA 1200',2199000,2,'intel-i3-10100F'),(55,'https://www.hanoicomputer.vn/cpu-intel-core-i5-9400-2.9-ghz-turbo-up-to-4.1-ghz6-cores-6-threads-9mb-socket-1151coffee-lake','CPU Intel Core i5-9400 (2.9GHz turbo up to 4.1GHz, 6 nhân 6 luồng, 9MB Cache, 65W) - Socket Intel LGA 1151-v2 ',4299000,2,'intel-i5-9400'),(56,'https://www.hanoicomputer.vn/cpu-intel-core-i5-9400f-2.90ghz-turbo-up-to-4.10ghz-9mb-6-cores-6-threads-socket-1151-coffee-lake','CPU Intel Core i5-9400F (2.9GHz turbo up to 4.1GHz, 6 nhân 6 luồng, 9MB Cache, 65W) - Socket Intel LGA 1151-v2 ',3599000,2,'intel-i5-9400F'),(57,'https://www.hanoicomputer.vn/cpu-intel-core-i5-104003.4ghz-turbo-up-to-4.4ghz-6-nhan-12-luong-12mb-cache-65w-socket-intel-lga-1200','CPU Intel Core i5-10400 (2.9GHz turbo up to 4.3GHz, 6 nhân 12 luồng, 12MB Cache, 65W) - Socket Intel LGA 1200',4899000,2,'intel-i5-10400'),(58,'https://www.hanoicomputer.vn/cpu-intel-core-i5-10400f-2.9ghz-turbo-up-to-4.3ghz-6-nhan-12-luong-12mb-cache-65w-socket-intel-lga-1200','CPU Intel Core i5-10400F (2.9GHz turbo up to 4.3Ghz, 6 nhân 12 luồng, 12MB Cache, 65W) - Socket Intel LGA 1200',4199000,2,'intel-i5-10400F'),(59,'https://www.hanoicomputer.vn/cpu-intel-core-i5-10600k-4.1ghz-turbo-up-to-4.8ghz-6-nhan-12-luong-12mb-cache-125w-socket-intel-lga-1200','CPU Intel Core i5-10600K (4.1GHz turbo up to 4.8GHz, 6 nhân 12 luồng, 12MB Cache, 125W) - Socket Intel LGA 1200',7499000,2,'intel-i5-10600K'),(60,'https://www.hanoicomputer.vn/cpu-intel-core-i5-10500-3-1ghz-turbo-up-to-4-5ghz-6-nhan-12-luong-12mb-cache-65w-socket-intel-lga-1200','CPU Intel Core i5-10500 (3.1GHz turbo up to 4.5Ghz, 6 nhân 12 luồng, 12MB Cache, 65W) - Socket Intel LGA 1200',5499000,2,'intel-i5-10500'),(61,'https://www.hanoicomputer.vn/cpu-intel-core-i5-10600-3-3ghz-turbo-up-to-4-8ghz-6-nhan-12-luong-12mb-cache-125w-socket-intel-lga-1200','CPU Intel Core i5-10600 (3.3GHz turbo up to 4.8GHz, 6 nhân 12 luồng, 12MB Cache, 65W) - Socket Intel LGA 1200',5999000,2,'intel-i5-10600'),(62,'https://www.hanoicomputer.vn/cpu-intel-core-i5-8400-2-8ghz','CPU Intel Core i5-8400 (2.8GHz turbo up to 4.0GHz, 6 nhân 6 luồng, 9MB Cache, 65W) - Socket Intel LGA 1151 v2',4999000,2,'intel-i5-8400'),(63,'https://www.hanoicomputer.vn/cpu-intel-core-i5-10600k-avengers-edition-4.1ghz-turbo-up-to-4.8ghz-6-nhan-12-luong-12mb-cache-125w-socket-intel-lga-1200','CPU Intel Core i5-10600K Avengers Edition (4.1GHz turbo up to 4.8GHz, 6 nhân 12 luồng, 12MB Cache, 125W) - Socket Intel LGA 1200',7299000,2,'intel-i5-10600K'),(64,'https://www.hanoicomputer.vn/cpu-intel-core-i5-10600kf-4.1ghz-turbo-up-to-4.8ghz-6-nhan-12-luong-12mb-cache-125w-socket-intel-lga-1200','CPU Intel Core i5-10600KF (4.1GHz turbo up to 4.8GHz, 6 nhân 12 luồng, 12MB Cache, 125W) - Socket Intel LGA 1200',6599000,2,'intel-i5-10600KF'),(65,'https://www.hanoicomputer.vn/cpu-intel-core-i7-9700f-3-0-ghz-upto-4-7-ghz-12mb-8-cores-8-threads-socket-1151-coffee-lake','CPU Intel Core i7-9700F (3.0GHz turbo up to 4.7Ghz, 8 nhân 8 luồng, 12MB Cache, 65W) - Socket Intel LGA 1151-v2 ',7999000,2,'intel-i7-9700F'),(66,'https://www.hanoicomputer.vn/cpu-intel-core-i7-9700k-3.6-ghz-turbo-up-to-4.9-ghz8-cores-8-threads12mb-socket-1151coffee-lake','CPU Intel Core i7-9700K (3.6GHz turbo up to 4.9GHz, 8 nhân 8 luồng, 12MB Cache, 95W) - Socket Intel LGA 1151-v2',8599000,2,'intel-i7-9700K'),(67,'https://www.hanoicomputer.vn/cpu-intel-core-i7-10700k3.8ghz-turbo-up-to-5.1ghz-8-nhan-16-luong-16mb-cache-125w-socket-intel-lga-1200','CPU Intel Core i7-10700K (3.8GHz turbo up to 5.1GHz, 8 nhân 16 luồng, 16MB Cache, 125W) - Socket Intel LGA 1200',10499000,2,'intel-i7-10700K'),(68,'https://www.hanoicomputer.vn/cpu-intel-core-i7-10700kf3.8ghz-turbo-up-to-5.1ghz-8-nhan-16-luong-16mb-cache-125w-socket-intel-lga-1200','CPU Intel Core i7-10700KF (3.8GHz turbo up to 5.1Ghz, 8 nhân 16 luồng, 16MB Cache, 125W) - Socket Intel LGA 1200',9899000,2,'intel-i7-10700KF'),(69,'https://www.hanoicomputer.vn/cpu-intel-core-i7-10700-2-9ghz-turbo-up-to-4-8ghz-8-nhan-16-luong-16mb-cache-65w-socket-intel-lga-1200','CPU Intel Core i7-10700 (2.9GHz turbo up to 4.8GHz, 8 nhân 16 luồng, 16MB Cache, 65W) - Socket Intel LGA 1200',8899000,2,'intel-i7-10700'),(70,'https://www.hanoicomputer.vn/cpu-intel-core-i7-10700f-2-9ghz-turbo-up-to-4-8ghz-8-nhan-16-luong-16mb-cache-65w-socket-intel-lga-1200','CPU Intel Core i7-10700F (2.9GHz turbo up to 4.8GHz, 8 nhân 16 luồng, 16MB Cache, 65W) - Socket Intel LGA 1200',8299000,2,'intel-i7-10700F'),(71,'https://www.hanoicomputer.vn/cpu-intel-core-i7-10700k-avengers-edition-3.8ghz-turbo-up-to-5.1ghz-8-nhan-16-luong-16mb-cache-125w-socket-intel-lga-1200','CPU Intel Core i7-10700K Avengers Edition (3.8GHz turbo up to 5.1GHz, 8 nhân 16 luồng, 16MB Cache, 125W) - Socket Intel LGA 1200',10499000,2,'intel-i7-10700K'),(72,'https://www.hanoicomputer.vn/cpu-intel-core-i7-8700k-37ghz-turbo-up-to-47ghz-12mb-6-cores-12-threads-socket-1151-v2-coffee-lake','CPU Intel Core i7-8700K (3.7GHz turbo up to 4.7Ghz, 6 nhân 12 luồng, 12MB Cache, 95W) - Socket Intel LGA 1151-v2',9599000,2,'intel-i7-8700K'),(73,'https://www.hanoicomputer.vn/cpu-intel-core-i7-8700-32ghz-turbo-up-to-46ghz-12mb-6-cores-12-threads-socket-1151-v2-coffee-lake','CPU Intel Core i7-8700 (3.2GHz turbo up to 4.6Ghz, 6 nhân 12 luồng, 12MB Cache, 65W) - Socket Intel LGA 1151-v2',7899000,2,'intel-i7-8700'),(74,'https://www.hanoicomputer.vn/cpu-intel-core-i7-9700kf-3.60ghz-turbo-up-to-4.90ghz-12mb-8-cores-8-threads-socket-1151-coffee-lake','CPU Intel Core i7-9700KF (3.6GHz turbo up to 4.9GHz, 8 nhân 8 luồng, 12MB Cache, 95W) - Socket Intel LGA 1151-v2 ',9399000,2,'intel-i7-9700KF'),(75,'https://www.hanoicomputer.vn/cpu-intel-core-i7-9700-30ghz-turbo-up-to-47-ghz-12mb-8-cores-8-threads-socket-1151-coffee-lake','CPU Intel Core i7-9700 (3.0GHz turbo up to 4.7Ghz, 8 nhân 8 luồng, 12MB Cache, 65W) - Socket Intel LGA 1151-v2',7599000,2,'intel-i7-9700'),(79,'https://www.hanoicomputer.vn/cpu-intel-core-i9-10900k3.7ghz-turbo-up-to-5.3ghz-10-nhan-20-luong-20mb-cache-125w-socket-intel-lga-1200','CPU Intel Core i9-10900K (3.7GHz turbo up to 5.3GHz, 10 nhân 20 luồng, 20MB Cache, 125W) - Socket Intel LGA 1200',13899000,2,'intel-i9-10900K'),(80,'https://www.hanoicomputer.vn/cpu-intel-core-i9-10900kf-3.7ghz-turbo-up-to-5.3ghz-10-nhan-20-luong-20mb-cache-125w-socket-intel-lga-1200','CPU Intel Core i9-10900KF (3.7GHz turbo up to 5.3GHz, 10 nhân 20 luồng, 20MB Cache, 125W) - Socket Intel LGA 1200',12799000,2,'intel-i9-10900KF'),(81,'https://www.hanoicomputer.vn/cpu-intel-core-i9-10900-2-8ghz-turbo-up-to-5-2ghz-10-nhan-20-luong-20mb-cache-65w-socket-intel-lga-1200','CPU Intel Core i9-10900 (2.8GHz turbo up to 5.2GHz, 10 nhân 20 luồng, 20MB Cache, 65W) - Socket Intel LGA 1200',12299000,2,'intel-i9-10900'),(82,'https://www.hanoicomputer.vn/cpu-intel-core-i9-10900f-2-8ghz-turbo-up-to-5-2ghz-10-nhan-20-luong-20mb-cache-65w-socket-intel-lga-1200','CPU Intel Core i9-10900F (2.8GHz turbo up to 5.2GHz, 10 nhân 20 luồng, 20MB Cache, 65W) - Socket Intel LGA 1200',11799000,2,'intel-i9-10900F'),(83,'https://www.hanoicomputer.vn/cpu-intel-core-i9-10850k-avengers-edition-3.6ghz-turbo-up-to-5.2ghz-10-nhan-20-luong-20mb-cache-95w-socket-intel-lga-1200','CPU Intel Core i9-10850K Avengers Edition (3.6GHz turbo up to 5.2GHz, 10 nhân 20 luồng, 20MB Cache, 95W) - Socket Intel LGA 1200',12499000,2,'intel-i9-10850K'),(84,'https://www.hanoicomputer.vn/cpu-intel-core-i9-10900k-avengers-edition-3.7ghz-turbo-up-to-5.3ghz-10-nhan-20-luong-20mb-cache-125w-socket-intel-lga-1200','CPU Intel Core i9-10900K Avengers Edition (3.7GHz turbo up to 5.3GHz, 10 nhân 20 luồng, 20MB Cache, 125W) - Socket Intel LGA 1200',13899000,2,'intel-i9-10900K'),(86,'https://www.hanoicomputer.vn/cpu-intel-core-i9-10850k','CPU Intel Core i9-10850K (3.6GHz turbo up to 5.2GHz, 10 nhân 20 luồng, 20MB Cache, 95W) - Socket Intel LGA 1200',12899000,2,'intel-i9-10850K'),(87,'https://www.anphatpc.com.vn/cpu-intel-core-i3-9100f-3.6-ghzturbo-up-to-4.20ghz-4-nhan-4-luong-6mb-socket-1151_id29353.html','CPU Intel Core i3 -9100F (3.6 GHzTurbo up to 4.20GHz / 4 nhân 4 luồng/ 6MB /Socket 1151)',1899000,3,'intel-i3-9100F'),(88,'https://www.anphatpc.com.vn/cpu-intel-core-i3-10100f-6m-cache-3-60-ghz-up-to-4-30-ghz-4c8t-socket-1200-comet-lake-s_id35028.html','CPU Intel Core i3-10100F (6M Cache, 3.60 GHz up to 4.30 GHz, 4C8T, Socket 1200, Comet Lake-S)',2149000,3,'intel-i3-10100f'),(89,'https://www.anphatpc.com.vn/cpu-intel-core-i3-10100-6m-cache-3.60-ghz-up-to-4.30-ghz-4c8t-socket-1200-comet-lake-s_id32917.html','CPU Intel Core i3-10100 (6M Cache, 3.60 GHz up to 4.30 GHz, 4C8T, Socket 1200, Comet Lake-S)',3190000,3,'intel-i3-10100'),(90,'https://www.anphatpc.com.vn/cpu-intel-core-i3-9100-3.7ghz-4c4t-6mb-coffee-lake-s_id26882.html','CPU Intel Core i3-9100 (3.6GHz/ 4C4T/ 6MB/ Coffee Lake-R)',3090000,3,'intel-i3-9100'),(91,'https://www.anphatpc.com.vn/cpu-intel-core-i5-9400f-2.90-ghz-upto-4.10-ghz-6-nhan-6-luong-9mb_id28531.html','CPU Intel Core i5-9400F ( 2.90 GHz upto  4.10 GHz, 6 nhân 6 luồng, 9MB)',3590000,3,'intel-i5-9400F'),(92,'https://www.anphatpc.com.vn/cpu-intel-core-i5-9400-2.9-upto-4.1ghz-6c6t-9mb-coffee-lake-s_id26877.html','CPU Intel Core i5-9400 (2.9 Upto 4.1GHz/ 6C6T/ 9MB/ Coffee Lake-R)',4299000,3,'intel-i5-9400'),(93,'https://www.anphatpc.com.vn/cpu-intel-core-i5-10400-12m-cache-2.90-ghz-up-to-4.30-ghz-6c12t-socket-1200-comet-lake-s_id32925.html','CPU Intel Core i5-10400 (12M Cache, 2.90 GHz up to 4.30 GHz, 6C12T, Socket 1200, Comet Lake-S)',4890000,3,'intel-i5-10400'),(94,'https://www.anphatpc.com.vn/cpu-intel-core-i5-10500-12m-cache-3.10-ghz-up-to-4.50-ghz-6c12t-socket-1200-comet-lake-s_id32926.html','CPU Intel Core i5-10500 (12M Cache, 3.10 GHz up to 4.50 GHz, 6C12T, Socket 1200, Comet Lake-S)',5499000,3,'intel-i5-10500'),(95,'https://www.anphatpc.com.vn/cpu-intel-core-i5-10600-12m-cache-3.30-ghz-up-to-4.80-ghz-6c12t-socket-1200-comet-lake-s_id32929.html','CPU Intel Core i5-10600 (12M Cache, 3.30 GHz up to 4.80 GHz, 6C12T, Socket 1200, Comet Lake-S)',5990000,3,'intel-i5-10600'),(96,'https://www.anphatpc.com.vn/cpu-intel-core-i7-10700-16m-cache-2.90-ghz-up-to-4.80-ghz-8c16t-socket-1200-comet-lake-s_id32937.html','CPU Intel Core i7-10700 (16M Cache, 2.90 GHz up to 4.80 GHz, 8C16T, Socket 1200, Comet Lake-S)',8990000,3,'intel-i7-10700'),(97,'https://www.anphatpc.com.vn/cpu-intel-core-i7-10700k-16m-cache-3.80-ghz-up-to-5.10-ghz-8c16t-socket-1200-comet-lake-s_id32944.html','CPU Intel Core i7-10700K (16M Cache, 3.80 GHz up to 5.10 GHz, 8C16T, Socket 1200, Comet Lake-S)',10490000,3,'intel-i7-10700K'),(98,'https://www.anphatpc.com.vn/cpu-intel-core-i7-10700f-16m-cache-2.90-ghz-up-to-4.80-ghz-8c16t-socket-1200-comet-lake-s_id32935.html','CPU Intel Core i7-10700F (16M Cache, 2.90 GHz up to 4.80 GHz, 8C16T, Socket 1200, Comet Lake-S)',8290000,3,'intel-i7-10700F'),(99,'https://www.anphatpc.com.vn/cpu-intel-core-i7-9700f-3.0-upto-4.7ghz-8c8t-12mb-coffee-lake-r_id30760.html','CPU Intel Core i7-9700F (3.0 Upto 4.7GHz/ 8C8T/ 12MB/ Coffee Lake-R) ',7390000,3,'intel-i7-9700F'),(100,'https://www.anphatpc.com.vn/cpu-intel-core-i7-9700-8-cores-16-threads-16mb-coffee-lake-s_id26197.html','CPU Intel Core i7-9700 (8 Cores 8 Threads/ 12MB/ Coffee Lake R)',7690000,3,'intel-i7-9700'),(101,'https://www.anphatpc.com.vn/cpu-intel-core-i7-10700kf-16m-cache-3.80-ghz-up-to-5.10-ghz-8c16t-socket-1200-comet-lake-s_id32939.html','CPU Intel Core i7-10700KF (16M Cache, 3.80 GHz up to 5.10 GHz, 8C16T, Socket 1200, Comet Lake-S)',9890000,3,'intel-i7-10700KF'),(102,'https://www.anphatpc.com.vn/cpu-amd-ryzen-3-3200g_id29891.html','CPU AMD Ryzen 3 3200G, with Wraith Stealth cooler/ 3.6 GHz (4.0 GHz with boost) / 6MB / 4 cores 4 threads / Radeon Vega 8 /  65W / Socket AM4',2599000,3,'amd-ryzen-3-3200g'),(103,'https://www.anphatpc.com.vn/cpu-amd-ryzen-3-3100-wraith-stealth-cooler-3.6-ghz-3.9-ghz-with-boost-18mb-4-cores-8-threads-65w-socket-am4_id33043.html','CPU AMD Ryzen 3 3100, Wraith Stealth cooler/ 3.6 GHz (3.9 GHz with boost) / 18MB / 4 cores 8 threads / 65W / Socket AM4',2549000,3,'amd-ryzen-3-3100'),(104,'https://www.anphatpc.com.vn/cpu-amd-ryzen-3-3300x-wraith-stealth-cooler-3.8-ghz-4.3-ghz-with-boost-18mb-4-cores-8-threads-65w-socket-am4_id33044.html','CPU AMD Ryzen 3 3300X, Wraith Stealth cooler/ 3.8 GHz (4.3 GHz with boost) / 18MB / 4 cores 8 threads / 65W / Socket AM4',3189000,3,'amd-ryzen-3-3300x'),(105,'https://www.anphatpc.com.vn/cpu-amd-ryzen-5-3600_id29889.html','CPU AMD Ryzen 5 3600, with Wraith Stealth cooler/ 3.6 GHz (4.2GHz Max Boost) / 36MB Cache / 6 cores / 12 threads / 65W / Socket AM4',5199000,3,'amd-ryzen-5-3600'),(106,'https://www.anphatpc.com.vn/cpu-amd-ryzen-5-3400g_id29890.html','CPU AMD Ryzen 5 3400G, with Wraith Spire cooler/ 3.7 GHz (4.2 GHz with boost) / 6MB / 4 cores 8 threads / Radeon Vega 11 / 65W / Socket AM4',3899000,3,'amd-ryzen-5-3400g'),(107,'https://www.anphatpc.com.vn/cpu-amd-ryzen-5-3500-3.6-ghz-4.1-ghz-with-boost-16mb-cache-6-cores-6-threads-socket-am4-65w-wraith-stealth-cooler-no-integrated-graphics_id31037.html','CPU AMD Ryzen 5 3500 3.6 GHz (4.1 GHz with boost) / 16MB cache / 6 cores 6 threads / socket AM4 / 65W / Wraith Stealth Cooler / No Integrated Graphics',3099000,3,'amd-ryzen-5-3500'),(108,'https://www.anphatpc.com.vn/cpu-amd-ryzen-5-5600x-with-wraith-stealth-cooler-3-7-ghz-4-6ghz-max-boost-35mb-cache-6-cores-12-threads-65w-socket-am4_id34979.html','CPU AMD Ryzen 5 5600X, with Wraith Stealth cooler / 3.7 GHz (4.6GHz Max Boost) / 35MB Cache / 6 cores, 12 threads / 65W / Socket AM4',7899000,3,'amd-ryzen-5-5600x'),(109,'https://www.anphatpc.com.vn/cpu-amd-ryzen-7-3700x_id29887.html','CPU AMD Ryzen 7 3700X, with Wraith Prism cooler/ 3.6 GHz (4.4GHz Max Boost) / 36MB Cache / 8 cores / 16 threads / 65W / Socket AM4',7799000,3,'amd-ryzen-7-3700x'),(110,'https://www.anphatpc.com.vn/cpu-amd-ryzen-9-3900x_id29885.html','CPU AMD Ryzen 9 3900X, with Wraith Prism cooler/ 3.8 GHz (4.6GHz Max Boost) / 70MB Cache / 12 cores / 24 threads / 105W / Socket AM4',12299000,3,'amd-ryzen-9-3900x'),(111,'https://www.anphatpc.com.vn/cpu-amd-ryzen-9-3950x-3.5-ghz-4.7ghz-max-boost-72mb-cache-16-cores-32-threads-105w-socket-am4-no-fan_id31421.html','CPU AMD Ryzen 9 3950X / 3.5 GHz (4.7GHz Max Boost) / 72MB Cache / 16 cores / 32 threads / 105W / Socket AM4 / (No Fan)',19299000,3,'amd-ryzen-9-3950x'),(112,'https://www.anphatpc.com.vn/cpu-amd-ryzen-9-5950x-3-4-ghz-4-9ghz-max-boost-72mb-cache-16-cores-32-threads-105w-socket-am4_id34976.html','CPU AMD Ryzen 9 5950X / 3.4 GHz (4.9GHz Max Boost) / 72MB Cache / 16 cores, 32 threads / 105W / Socket AM4',20899000,3,'amd-ryzen-9-5950x'),(113,'https://www.anphatpc.com.vn/cpu-amd-ryzen-9-5900x-3-7-ghz-4-8ghz-max-boost-70mb-cache-12-cores-24-threads-105w-socket-am4_id34977.html','CPU AMD Ryzen 9 5900X / 3.7 GHz (4.8GHz Max Boost) / 70MB Cache / 12 cores, 24 threads / 105W / Socket AM4',14299000,3,'amd-ryzen-9-5900x'),(114,'https://www.anphatpc.com.vn/cpu-amd-ryzen-7-5800x-3-8-ghz-4-7ghz-max-boost-36mb-cache-8-cores-16-threads-105w-socket-am4_id34978.html','CPU AMD Ryzen 7 5800X / 3.8 GHz (4.7GHz Max Boost) / 36MB Cache / 8 cores, 16 threads / 105W / Socket AM4',11599000,3,'amd-ryzen-7-5800x');
/*!40000 ALTER TABLE `cpu_price_list` ENABLE KEYS */;
UNLOCK TABLES;

--
-- Table structure for table `cpu_rating`
--

DROP TABLE IF EXISTS `cpu_rating`;
/*!40101 SET @saved_cs_client     = @@character_set_client */;
/*!50503 SET character_set_client = utf8mb4 */;
CREATE TABLE `cpu_rating` (
  `ID` int NOT NULL AUTO_INCREMENT,
  `UserID` int NOT NULL,
  `CpuID` varchar(100) NOT NULL,
  `Rating` double DEFAULT NULL,
  PRIMARY KEY (`ID`),
  KEY `cpu_rating_ibfk_1` (`UserID`),
  KEY `cpu_rating_ibfk_2` (`CpuID`),
  CONSTRAINT `cpu_rating_ibfk_1` FOREIGN KEY (`UserID`) REFERENCES `user` (`ID`),
  CONSTRAINT `cpu_rating_ibfk_2` FOREIGN KEY (`CpuID`) REFERENCES `cpu` (`ID`)
) ENGINE=InnoDB DEFAULT CHARSET=utf8;
/*!40101 SET character_set_client = @saved_cs_client */;

--
-- Dumping data for table `cpu_rating`
--

LOCK TABLES `cpu_rating` WRITE;
/*!40000 ALTER TABLE `cpu_rating` DISABLE KEYS */;
/*!40000 ALTER TABLE `cpu_rating` ENABLE KEYS */;
UNLOCK TABLES;

--
-- Table structure for table `feedbacks`
--

DROP TABLE IF EXISTS `feedbacks`;
/*!40101 SET @saved_cs_client     = @@character_set_client */;
/*!50503 SET character_set_client = utf8mb4 */;
CREATE TABLE `feedbacks` (
  `ID` int NOT NULL AUTO_INCREMENT,
  `name` text,
  `CreationTime` text,
  `Details` text,
  `PostID` int DEFAULT NULL,
  `CreatorId` int NOT NULL,
  PRIMARY KEY (`ID`),
  KEY `feedbacks_ibfk_1` (`PostID`),
  KEY `feedbacks_ibfk_2_idx` (`CreatorId`),
  CONSTRAINT `feedbacks_ibfk_1` FOREIGN KEY (`PostID`) REFERENCES `post` (`ID`),
  CONSTRAINT `feedbacks_ibfk_2` FOREIGN KEY (`CreatorId`) REFERENCES `user` (`ID`)
) ENGINE=InnoDB DEFAULT CHARSET=utf8;
/*!40101 SET character_set_client = @saved_cs_client */;

--
-- Dumping data for table `feedbacks`
--

LOCK TABLES `feedbacks` WRITE;
/*!40000 ALTER TABLE `feedbacks` DISABLE KEYS */;
/*!40000 ALTER TABLE `feedbacks` ENABLE KEYS */;
UNLOCK TABLES;

--
-- Table structure for table `gpu`
--

DROP TABLE IF EXISTS `gpu`;
/*!40101 SET @saved_cs_client     = @@character_set_client */;
/*!50503 SET character_set_client = utf8mb4 */;
CREATE TABLE `gpu` (
  `ID` varchar(100) NOT NULL,
  `manufacturer` varchar(100) NOT NULL,
  `serieName` varchar(100) NOT NULL,
  `chipset` varchar(100) NOT NULL,
  `VRam` int NOT NULL,
  `fullname` text NOT NULL,
  `image` varchar(100) NOT NULL,
  PRIMARY KEY (`ID`)
) ENGINE=InnoDB DEFAULT CHARSET=utf8;
/*!40101 SET character_set_client = @saved_cs_client */;

--
-- Dumping data for table `gpu`
--

LOCK TABLES `gpu` WRITE;
/*!40000 ALTER TABLE `gpu` DISABLE KEYS */;
INSERT INTO `gpu` VALUES ('asus-geforce-gt-710-gt710-sl-2gd5','Asus','GT710-SL-2GD5','GT 710',2,'Asus GeForce GT 710 GT710-SL-2GD5',''),('asus-geforce-gtx-1060-6gb-strix-oc','Asus','STRIX OC','GTX 1060 6GB',6,'Asus GeForce GTX 1060 6GB STRIX OC',''),('asus-geforce-gtx-1650-dual-oc','Asus','DUAL OC','GTX 1650',4,'Asus GeForce GTX 1650 DUAL OC',''),('asus-geforce-gtx-1650-phoenix-oc','Asus','Phoenix OC','GTX 1650',4,'Asus GeForce GTX 1650 Phoenix OC',''),('asus-geforce-gtx-1650-super-strix-gaming-oc','Asus','STRIX GAMING OC','GTX 1650 SUPER',4,'Asus GeForce GTX 1650 SUPER STRIX GAMING OC',''),('asus-geforce-gtx-1650-super-tuf-gaming','Asus','TUF GAMING','GTX 1650 SUPER',4,'Asus GeForce GTX 1650 SUPER TUF GAMING',''),('asus-geforce-gtx-1650-super-tuf-gaming-oc','Asus','TUF GAMING OC','GTX 1650 SUPER',4,'Asus GeForce GTX 1650 SUPER TUF GAMING OC',''),('asus-geforce-gtx-1660-super-tuf-gaming-x3-oc','Asus','TUF Gaming X3 OC','GTX 1660 SUPER',6,'Asus GeForce GTX 1660 SUPER TUF Gaming X3 OC',''),('asus-geforce-rtx-2060-dual-mini-oc','Asus','DUAL MINI OC','RTX 2060',6,'Asus GeForce RTX 2060 DUAL MINI OC',''),('asus-geforce-rtx-2070-dual-evo-oc-v2','Asus','DUAL EVO OC V2','RTX 2070',8,'Asus GeForce RTX 2070 DUAL EVO OC V2',''),('asus-geforce-rtx-2080-ti-matrix','Asus','MATRIX','RTX 2080 Ti',11,'Asus GeForce RTX 2080 Ti MATRIX',''),('asus-geforce-rtx-3060-ti-dual-oc','Asus','DUAL OC','RTX 3060 Ti',8,'Asus GeForce RTX 3060 Ti DUAL OC',''),('asus-geforce-rtx-3060-ti-rog-strix-gaming-oc','Asus','ROG STRIX GAMING OC','RTX 3060 Ti',8,'Asus GeForce RTX 3060 Ti ROG STRIX GAMING OC',''),('asus-geforce-rtx-3060-ti-tuf-gaming-oc','Asus','TUF GAMING OC','RTX 3060 Ti',8,'Asus GeForce RTX 3060 Ti TUF GAMING OC',''),('asus-geforce-rtx-3070-dual','Asus','DUAL','RTX 3070',8,'Asus GeForce RTX 3070 DUAL',''),('asus-geforce-rtx-3070-dual-oc','Asus','DUAL OC','RTX 3070',8,'Asus GeForce RTX 3070 DUAL OC',''),('asus-geforce-rtx-3070-ko-gaming-oc','Asus','KO Gaming OC','RTX 3070',8,'Asus GeForce RTX 3070 KO Gaming OC',''),('asus-geforce-rtx-3070-strix-gaming','Asus','STRIX GAMING','RTX 3070',8,'Asus GeForce RTX 3070 STRIX GAMING',''),('asus-geforce-rtx-3070-tuf-gaming-oc','Asus','TUF GAMING OC','RTX 3070',8,'Asus GeForce RTX 3070 TUF GAMING OC',''),('asus-geforce-rtx-3080-strix-gaming','Asus','STRIX GAMING','RTX 3080',10,'Asus GeForce RTX 3080 STRIX GAMING',''),('asus-geforce-rtx-3080-strix-gaming-oc','Asus','STRIX GAMING OC','RTX 3080',10,'Asus GeForce RTX 3080 STRIX GAMING OC',''),('asus-geforce-rtx-3080-tuf-gaming','Asus','TUF GAMING','RTX 3080',10,'Asus GeForce RTX 3080 TUF GAMING',''),('asus-geforce-rtx-3080-tuf-gaming-oc','Asus','TUF GAMING OC','RTX 3080',10,'Asus GeForce RTX 3080 TUF GAMING OC',''),('asus-geforce-rtx-3090-strix-gaming','Asus','STRIX GAMING','RTX 3090',24,'Asus GeForce RTX 3090 STRIX GAMING',''),('asus-geforce-rtx-3090-strix-gaming-oc','Asus','STRIX GAMING OC','RTX 3090',24,'Asus GeForce RTX 3090 STRIX GAMING OC',''),('asus-geforce-rtx-3090-tuf-gaming','Asus','TUF GAMING','RTX 3090',24,'Asus GeForce RTX 3090 TUF GAMING',''),('asus-geforce-rtx-3090-tuf-gaming-oc','Asus','TUF GAMING OC','RTX 3090',24,'Asus GeForce RTX 3090 TUF GAMING OC',''),('asus-radeon-rx-550---512-rx550-4g','Asus','RX550-4G','RX 550 - 512',4,'Asus Radeon RX 550 - 512 RX550-4G',''),('asus-radeon-rx-5600-xt-strix-gaming-oc','Asus','STRIX GAMING OC','RX 5600 XT',6,'Asus Radeon RX 5600 XT STRIX GAMING OC',''),('asus-radeon-rx-5600-xt-tuf-gaming-x3-evo-oc','Asus','TUF Gaming X3 EVO OC','RX 5600 XT',6,'Asus Radeon RX 5600 XT TUF Gaming X3 EVO OC',''),('asus-radeon-rx-570-rog-strix','Asus','ROG STRIX','RX 570',4,'Asus Radeon RX 570 ROG STRIX',''),('gigabyte-geforce-gt-1030-gv-n1030oc-2gi','Gigabyte','GV-N1030OC-2GI','GT 1030',2,'Gigabyte GeForce GT 1030 GV-N1030OC-2GI',''),('gigabyte-geforce-gt-710-gv-n710d3-1gl-1.0','Gigabyte','GV-N710D3-1GL 1.0','GT 710',1,'Gigabyte GeForce GT 710 GV-N710D3-1GL 1.0',''),('gigabyte-geforce-gt-710-gv-n710sl-2gl','Gigabyte','GV-N710SL-2GL','GT 710',2,'Gigabyte GeForce GT 710 GV-N710SL-2GL',''),('gigabyte-geforce-gtx-1650-super-windforce-oc','Gigabyte','WINDFORCE OC','GTX 1650 SUPER',4,'Gigabyte GeForce GTX 1650 SUPER WINDFORCE OC',''),('gigabyte-geforce-gtx-1650-windforce-oc','Gigabyte','WINDFORCE OC','GTX 1650',4,'Gigabyte GeForce GTX 1650 WINDFORCE OC',''),('gigabyte-geforce-gtx-1660-super-gaming','Gigabyte','GAMING','GTX 1660 SUPER',6,'Gigabyte GeForce GTX 1660 SUPER GAMING',''),('gigabyte-geforce-rtx-2060-super-windforce-oc','Gigabyte','WINDFORCE OC','RTX 2060 SUPER',8,'Gigabyte GeForce RTX 2060 SUPER WINDFORCE OC',''),('gigabyte-geforce-rtx-2070-aorus','Gigabyte','AORUS','RTX 2070',8,'Gigabyte GeForce RTX 2070 AORUS',''),('gigabyte-geforce-rtx-2070-gaming-8g','Gigabyte','GAMING 8G','RTX 2070',8,'Gigabyte GeForce RTX 2070 GAMING 8G',''),('gigabyte-geforce-rtx-2070-super-gaming-oc-3x','Gigabyte','GAMING OC 3X','RTX 2070 SUPER',8,'Gigabyte GeForce RTX 2070 SUPER GAMING OC 3X',''),('gigabyte-geforce-rtx-2070-super-windforce-oc','Gigabyte','WINDFORCE OC','RTX 2070 SUPER',8,'Gigabyte GeForce RTX 2070 SUPER WINDFORCE OC',''),('gigabyte-geforce-rtx-2070-super-windforce-oc-3x','Gigabyte','WINDFORCE OC 3X','RTX 2070 SUPER',8,'Gigabyte GeForce RTX 2070 SUPER WINDFORCE OC 3X',''),('gigabyte-geforce-rtx-2070-windforce','Gigabyte','WINDFORCE','RTX 2070',8,'Gigabyte GeForce RTX 2070 WINDFORCE',''),('gigabyte-geforce-rtx-2070-windforce-2x','Gigabyte','WINDFORCE 2X','RTX 2070',8,'Gigabyte GeForce RTX 2070 WINDFORCE 2X',''),('gigabyte-geforce-rtx-2080-aorus','Gigabyte','AORUS','RTX 2080',8,'Gigabyte GeForce RTX 2080 AORUS',''),('gigabyte-geforce-rtx-2080-aorus-xtreme','Gigabyte','AORUS XTREME','RTX 2080',8,'Gigabyte GeForce RTX 2080 AORUS XTREME',''),('gigabyte-geforce-rtx-2080-aorus-xtreme-waterforce','Gigabyte','AORUS XTREME WATERFORCE','RTX 2080',8,'Gigabyte GeForce RTX 2080 AORUS XTREME WATERFORCE',''),('gigabyte-geforce-rtx-2080-ti-aorus-xtreme-waterforce','Gigabyte','AORUS XTREME WATERFORCE','RTX 2080 Ti',11,'Gigabyte GeForce RTX 2080 Ti AORUS XTREME WATERFORCE',''),('gigabyte-geforce-rtx-3060-ti-aorus-master','Gigabyte','AORUS MASTER','RTX 3060 Ti',8,'Gigabyte GeForce RTX 3060 Ti AORUS MASTER',''),('gigabyte-geforce-rtx-3060-ti-eagle','Gigabyte','EAGLE','RTX 3060 Ti',8,'Gigabyte GeForce RTX 3060 Ti EAGLE',''),('gigabyte-geforce-rtx-3060-ti-eagle-oc','Gigabyte','EAGLE OC','RTX 3060 Ti',8,'Gigabyte GeForce RTX 3060 Ti EAGLE OC',''),('gigabyte-geforce-rtx-3060-ti-gaming-oc','Gigabyte','GAMING OC','RTX 3060 Ti',8,'Gigabyte GeForce RTX 3060 Ti GAMING OC',''),('gigabyte-geforce-rtx-3060-ti-gaming-oc-pro','Gigabyte','GAMING OC PRO','RTX 3060 Ti',8,'Gigabyte GeForce RTX 3060 Ti GAMING OC PRO',''),('gigabyte-geforce-rtx-3070-aorus-master','Gigabyte','AORUS MASTER','RTX 3070',8,'Gigabyte GeForce RTX 3070 AORUS MASTER',''),('gigabyte-geforce-rtx-3070-eagle','Gigabyte','EAGLE','RTX 3070',8,'Gigabyte GeForce RTX 3070 EAGLE',''),('gigabyte-geforce-rtx-3070-eagle-oc','Gigabyte','EAGLE OC','RTX 3070',8,'Gigabyte GeForce RTX 3070 EAGLE OC',''),('gigabyte-geforce-rtx-3070-gaming-oc','Gigabyte','GAMING OC','RTX 3070',8,'Gigabyte GeForce RTX 3070 GAMING OC',''),('gigabyte-geforce-rtx-3070-vision-oc','Gigabyte','Vision OC','RTX 3070',8,'Gigabyte GeForce RTX 3070 Vision OC',''),('gigabyte-geforce-rtx-3080-aorus-master','Gigabyte','AORUS MASTER','RTX 3080',10,'Gigabyte GeForce RTX 3080 AORUS MASTER',''),('gigabyte-geforce-rtx-3080-eagle-oc','Gigabyte','EAGLE OC','RTX 3080',10,'Gigabyte GeForce RTX 3080 EAGLE OC',''),('gigabyte-geforce-rtx-3080-vision-oc','Gigabyte','Vision OC','RTX 3080',10,'Gigabyte GeForce RTX 3080 Vision OC',''),('gigabyte-geforce-rtx-3090-aorus-master','Gigabyte','AORUS MASTER','RTX 3090',24,'Gigabyte GeForce RTX 3090 AORUS MASTER',''),('gigabyte-geforce-rtx-3090-aorus-xtreme','Gigabyte','AORUS XTREME','RTX 3090',24,'Gigabyte GeForce RTX 3090 AORUS XTREME',''),('gigabyte-geforce-rtx-3090-gv-n3090gaming-oc-24gd','Gigabyte','GV-N3090GAMING OC-24GD','RTX 3090',24,'Gigabyte GeForce RTX 3090 GV-N3090GAMING OC-24GD',''),('gigabyte-geforce-rtx-3090-turbo','Gigabyte','TURBO','RTX 3090',24,'Gigabyte GeForce RTX 3090 TURBO',''),('gigabyte-radeon-rx-5600-xt-gaming-oc','Gigabyte','GAMING OC','RX 5600 XT',6,'Gigabyte Radeon RX 5600 XT GAMING OC',''),('gigabyte-radeon-rx-6800-xt-gv-r68xt-16gc-b','Gigabyte','GV-R68XT-16GC-B','RX 6800 XT',16,'Gigabyte Radeon RX 6800 XT GV-R68XT-16GC-B',''),('msi-geforce-gt-1030-aero-itx-oc','MSI','AERO ITX OC','GT 1030',2,'MSI GeForce GT 1030 AERO ITX OC',''),('msi-geforce-gtx-1050-ti-aero-itx','MSI','AERO ITX','GTX 1050 Ti',4,'MSI GeForce GTX 1050 Ti AERO ITX',''),('msi-geforce-gtx-1650-d6-aero-itx-oc','MSI','D6 AERO ITX OC','GTX 1650',4,'MSI GeForce GTX 1650 D6 AERO ITX OC',''),('msi-geforce-gtx-1650-d6-ventus-xs-oc','MSI','D6 VENTUS XS OC','GTX 1650',4,'MSI GeForce GTX 1650 D6 VENTUS XS OC',''),('msi-geforce-gtx-1650-super-gaming-x','MSI','GAMING X','GTX 1650 SUPER',4,'MSI GeForce GTX 1650 SUPER GAMING X',''),('msi-geforce-gtx-1650-super-ventus-xs-oc','MSI','VENTUS XS OC','GTX 1650 SUPER',4,'MSI GeForce GTX 1650 SUPER VENTUS XS OC',''),('msi-geforce-gtx-1650-ventus-xs-oc','MSI','VENTUS XS OC','GTX 1650',4,'MSI GeForce GTX 1650 VENTUS XS OC',''),('msi-geforce-gtx-1660-super-gaming-x','MSI','GAMING X','GTX 1660 SUPER',6,'MSI GeForce GTX 1660 SUPER GAMING X',''),('msi-geforce-gtx-1660-super-ventus-xs-oc','MSI','VENTUS XS OC','GTX 1660 SUPER',6,'MSI GeForce GTX 1660 SUPER VENTUS XS OC',''),('msi-geforce-gtx-1660-ti-ventus-xs-oc','MSI','VENTUS XS OC','GTX 1660 Ti',6,'MSI GeForce GTX 1660 Ti VENTUS XS OC',''),('msi-geforce-gtx-1660-ventus-xs-oc','MSI','VENTUS XS OC','GTX 1660',6,'MSI GeForce GTX 1660 VENTUS XS OC',''),('msi-geforce-rtx-2060-gaming-z','MSI','GAMING Z','RTX 2060',6,'MSI GeForce RTX 2060 GAMING Z',''),('msi-geforce-rtx-2060-super-armor-oc','MSI','ARMOR OC','RTX 2060 SUPER',8,'MSI GeForce RTX 2060 SUPER ARMOR OC',''),('msi-geforce-rtx-2060-super-gaming-x','MSI','GAMING X','RTX 2060 SUPER',8,'MSI GeForce RTX 2060 SUPER GAMING X',''),('msi-geforce-rtx-2060-super-ventus-oc','MSI','VENTUS OC','RTX 2060 SUPER',8,'MSI GeForce RTX 2060 SUPER VENTUS OC',''),('msi-geforce-rtx-2060-ventus-xs-oc','MSI','VENTUS XS OC','RTX 2060',6,'MSI GeForce RTX 2060 VENTUS XS OC',''),('msi-geforce-rtx-2070-armor','MSI','ARMOR','RTX 2070',8,'MSI GeForce RTX 2070 ARMOR',''),('msi-geforce-rtx-2070-gaming-z','MSI','GAMING Z','RTX 2070',8,'MSI GeForce RTX 2070 GAMING Z',''),('msi-geforce-rtx-2070-super-gaming-x-trio','MSI','GAMING X TRIO','RTX 2070 SUPER',8,'MSI GeForce RTX 2070 SUPER GAMING X TRIO',''),('msi-geforce-rtx-2070-super-ventus-gp-oc','MSI','VENTUS GP OC','RTX 2070 SUPER',8,'MSI GeForce RTX 2070 SUPER VENTUS GP OC',''),('msi-geforce-rtx-2080-duke','MSI','DUKE','RTX 2080',8,'MSI GeForce RTX 2080 DUKE',''),('msi-geforce-rtx-2080-gaming-x-trio','MSI','GAMING X TRIO','RTX 2080',8,'MSI GeForce RTX 2080 GAMING X TRIO',''),('msi-geforce-rtx-2080-sea-hawk-x','MSI','SEA HAWK X','RTX 2080',8,'MSI GeForce RTX 2080 SEA HAWK X',''),('msi-geforce-rtx-2080-super-gaming-x-trio','MSI','GAMING X TRIO','RTX 2080 SUPER',8,'MSI GeForce RTX 2080 SUPER GAMING X TRIO',''),('msi-geforce-rtx-2080-ti-aero','MSI','AERO','RTX 2080 Ti',11,'MSI GeForce RTX 2080 Ti AERO',''),('msi-geforce-rtx-2080-ti-duke','MSI','DUKE','RTX 2080 Ti',11,'MSI GeForce RTX 2080 Ti DUKE',''),('msi-geforce-rtx-2080-ti-gaming-x-trio','MSI','GAMING X TRIO','RTX 2080 Ti',11,'MSI GeForce RTX 2080 Ti GAMING X TRIO',''),('msi-geforce-rtx-2080-ti-lightning-z','MSI','LIGHTNING Z','RTX 2080 Ti',11,'MSI GeForce RTX 2080 Ti LIGHTNING Z',''),('msi-geforce-rtx-2080-ti-sea-hawk-x','MSI','SEA HAWK X','RTX 2080 Ti',11,'MSI GeForce RTX 2080 Ti SEA HAWK X',''),('msi-geforce-rtx-3060-ti-gaming-x-trio','MSI','GAMING X TRIO','RTX 3060 Ti',8,'MSI GeForce RTX 3060 Ti GAMING X TRIO',''),('msi-geforce-rtx-3060-ti-ventus-2x-oc','MSI','VENTUS 2X OC','RTX 3060 Ti',8,'MSI GeForce RTX 3060 Ti VENTUS 2X OC',''),('msi-geforce-rtx-3070-gaming-x-trio','MSI','GAMING X TRIO','RTX 3070',8,'MSI GeForce RTX 3070 GAMING X TRIO',''),('msi-geforce-rtx-3070-suprim-x','MSI','SUPRIM X','RTX 3070',8,'MSI GeForce RTX 3070 SUPRIM X',''),('msi-geforce-rtx-3070-ventus-2x-oc','MSI','VENTUS 2X OC','RTX 3070',8,'MSI GeForce RTX 3070 VENTUS 2X OC',''),('msi-geforce-rtx-3070-ventus-3x-oc','MSI','VENTUS 3X OC','RTX 3070',8,'MSI GeForce RTX 3070 VENTUS 3X OC',''),('msi-geforce-rtx-3080-gaming-x-trio','MSI','GAMING X TRIO','RTX 3080',10,'MSI GeForce RTX 3080 GAMING X TRIO',''),('msi-geforce-rtx-3080-suprim-x','MSI','SUPRIM X','RTX 3080',10,'MSI GeForce RTX 3080 SUPRIM X',''),('msi-geforce-rtx-3080-ventus-3x-oc','MSI','VENTUS 3X OC','RTX 3080',10,'MSI GeForce RTX 3080 VENTUS 3X OC',''),('msi-geforce-rtx-3090-gaming-trio','MSI','GAMING TRIO','RTX 3090',24,'MSI GeForce RTX 3090 GAMING TRIO',''),('msi-geforce-rtx-3090-gaming-x-trio','MSI','GAMING X TRIO','RTX 3090',24,'MSI GeForce RTX 3090 GAMING X TRIO',''),('msi-geforce-rtx-3090-ventus-3x-oc','MSI','VENTUS 3X OC','RTX 3090',24,'MSI GeForce RTX 3090 VENTUS 3X OC',''),('msi-radeon-rx-5600-xt-gaming-x','MSI','GAMING X','RX 5600 XT',6,'MSI Radeon RX 5600 XT GAMING X',''),('msi-radeon-rx-5600-xt-mech-oc','MSI','MECH OC','RX 5600 XT',6,'MSI Radeon RX 5600 XT MECH OC','');
/*!40000 ALTER TABLE `gpu` ENABLE KEYS */;
UNLOCK TABLES;

--
-- Table structure for table `gpu_price_list`
--

DROP TABLE IF EXISTS `gpu_price_list`;
/*!40101 SET @saved_cs_client     = @@character_set_client */;
/*!50503 SET character_set_client = utf8mb4 */;
CREATE TABLE `gpu_price_list` (
  `Id` int NOT NULL AUTO_INCREMENT,
  `link` text NOT NULL,
  `name` text NOT NULL,
  `price` int NOT NULL,
  `rid` int NOT NULL,
  `fid` varchar(100) NOT NULL,
  PRIMARY KEY (`Id`),
  KEY `fid` (`fid`),
  KEY `gpu_price_list_ibfk_2_idx` (`rid`),
  CONSTRAINT `gpu_price_list_ibfk_1` FOREIGN KEY (`fid`) REFERENCES `gpu` (`ID`),
  CONSTRAINT `gpu_price_list_ibfk_2` FOREIGN KEY (`rid`) REFERENCES `retailer` (`ID`)
) ENGINE=InnoDB AUTO_INCREMENT=131 DEFAULT CHARSET=utf8;
/*!40101 SET character_set_client = @saved_cs_client */;

--
-- Dumping data for table `gpu_price_list`
--

LOCK TABLES `gpu_price_list` WRITE;
/*!40000 ALTER TABLE `gpu_price_list` DISABLE KEYS */;
INSERT INTO `gpu_price_list` VALUES (1,'https://www.anphatpc.com.vn/vga-msi-geforce-gtx-1650-d6-ventus-xs-oc_id35057.html','VGA MSI GeForce GTX 1650 D6 VENTUS XS OC',3799000,3,'msi-geforce-gtx-1650-d6-ventus-xs-oc'),(2,'https://www.anphatpc.com.vn/vga-gigabyte-geforce-gt-1030-oc-2g-gv-n1030oc-2gi_id22872.html','VGA GIGABYTE GV-N1030OC-2GI (GeForce GT 1030)',2199000,3,'gigabyte-geforce-gt-1030-gv-n1030oc-2gi'),(3,'https://www.anphatpc.com.vn/vga-msi-geforce-gtx-1650-super-ventus-xs-oc_id31390.html','VGA MSI GeForce GTX 1650 SUPER VENTUS XS OC',4999000,3,'msi-geforce-gtx-1650-super-ventus-xs-oc'),(4,'https://www.anphatpc.com.vn/vga-msi-geforce-gtx-1660-super-ventus-xs-oc_id31038.html','VGA MSI GEFORCE GTX 1660 SUPER VENTUS XS OC',6099000,3,'msi-geforce-gtx-1660-super-ventus-xs-oc'),(5,'https://www.anphatpc.com.vn/vga-msi-geforce-rtx-3070-ventus-2x-oc_id34442.html','VGA MSI GeForce RTX 3070 VENTUS 2X OC',15499000,3,'msi-geforce-rtx-3070-ventus-2x-oc'),(6,'https://www.anphatpc.com.vn/vga-msi-geforce-rtx-3070-ventus-3x-oc_id34437.html','VGA MSI GeForce RTX 3070 VENTUS 3X OC',16199000,3,'msi-geforce-rtx-3070-ventus-3x-oc'),(7,'https://www.anphatpc.com.vn/vga-msi-geforce-rtx-3070-gaming-x-trio_id34435.html','VGA MSI GeForce RTX 3070 GAMING X TRIO',17999000,3,'msi-geforce-rtx-3070-gaming-x-trio'),(8,'https://www.anphatpc.com.vn/vga-msi-geforce-gtx-1660-super-gaming-x_id31251.html','VGA MSI GeForce GTX 1660 SUPER GAMING X',6599000,3,'msi-geforce-gtx-1660-super-gaming-x'),(9,'https://www.anphatpc.com.vn/vga-gigabyte-geforce-rtx-3090-gaming-oc-24g-gv-n3090gaming-oc-24gd_id34419.html','VGA GIGABYTE GeForce RTX 3090 GAMING OC 24G (GV-N3090GAMING OC-24GD)',49199000,3,'gigabyte-geforce-rtx-3090-gv-n3090gaming-oc-24gd'),(10,'https://www.anphatpc.com.vn/vga-msi-geforce-rtx-3090-ventus-3x-24g-oc_id34427.html','VGA MSI GeForce RTX 3090 VENTUS 3X 24G OC',45999000,3,'msi-geforce-rtx-3090-ventus-3x-oc'),(11,'https://www.anphatpc.com.vn/vga-msi-geforce-rtx-3090-gaming-x-trio-24g_id34425.html','VGA MSI GeForce RTX 3090 GAMING X TRIO 24G',47399000,3,'msi-geforce-rtx-3090-gaming-x-trio'),(12,'https://www.anphatpc.com.vn/vga-msi-geforce-gtx-1660-ti-ventus-xs-6g-oc_id28699.html','VGA MSI GeForce GTX 1660 Ti VENTUS XS 6G OC ',8099000,3,'msi-geforce-gtx-1660-ti-ventus-xs-oc'),(13,'https://www.anphatpc.com.vn/vga-msi-geforce-rtx-3080-ventus-3x-10g-oc_id34433.html','VGA MSI GeForce RTX 3080 VENTUS 3X 10G OC',21799000,3,'msi-geforce-rtx-3080-ventus-3x-oc'),(14,'https://www.anphatpc.com.vn/vga-msi-geforce-rtx-2060-ventus-6g-oc_id28422.html','VGA MSI GeForce RTX 2060 VENTUS XS 6G OC',9499000,3,'msi-geforce-rtx-2060-ventus-xs-oc'),(15,'https://www.anphatpc.com.vn/vga-msi-geforce-rtx-3080-gaming-x-trio-10g_id34431.html','VGA MSI GeForce RTX 3080 GAMING X TRIO 10G',22899000,3,'msi-geforce-rtx-3080-gaming-x-trio'),(16,'https://www.anphatpc.com.vn/vga-msi-geforce-rtx-3080-suprim-x-10g_id35433.html','VGA MSI GeForce RTX 3080 SUPRIM X 10G',25499000,3,'msi-geforce-rtx-3080-suprim-x'),(17,'https://www.anphatpc.com.vn/vga-asus-gt710-sl-2gd5-brk-geforce-gt-710-2gb-gddr5_id32642.html','VGA Asus GT710-SL-2GD5-BRK (GeForce GT 710 2GB GDDR5)',1249000,3,'asus-geforce-gt-710-gt710-sl-2gd5'),(18,'https://www.anphatpc.com.vn/vga-gigabyte-geforce-gtx-1650-super-windforce-oc-4g-gv-n165swf2oc-4gd_id32180.html','VGA GIGABYTE GeForce GTX 1650 SUPER WINDFORCE OC 4G (GV-N165SWF2OC-4GD)',5199000,3,'gigabyte-geforce-gtx-1650-super-windforce-oc'),(19,'https://www.anphatpc.com.vn/vga-asus-tuf-gaming-geforce-rtx-3090-oc-tuf-rtx3090-o24g-gaming_id34548.html','VGA ASUS TUF Gaming GeForce RTX 3090 OC (TUF-RTX3090-O24G-GAMING)',50749000,3,'asus-geforce-rtx-3090-tuf-gaming-oc'),(20,'https://www.anphatpc.com.vn/vga-asus-tuf-gaming-geforce-rtx-3080-oc-tuf-rtx3080-o10g-gaming_id34551.html','VGA ASUS TUF Gaming GeForce RTX 3080 OC (TUF-RTX3080-O10G-GAMING)',24499000,3,'asus-geforce-rtx-3080-tuf-gaming-oc'),(21,'https://www.anphatpc.com.vn/vga-asus-tuf-gaming-geforce-rtx-3070-oc-tuf-rtx3070-o8g-gaming_id34974.html','VGA ASUS TUF Gaming GeForce RTX 3070 OC (TUF-RTX3070-O8G-GAMING)',16999000,3,'asus-geforce-rtx-3070-tuf-gaming-oc'),(22,'https://www.anphatpc.com.vn/vga-asus-tuf-gaming-geforce-rtx-3090-tuf-rtx3090-24g-gaming_id34412.html','VGA ASUS TUF GAMING GeForce RTX 3090 (TUF-RTX3090-24G-GAMING)',42799000,3,'asus-geforce-rtx-3090-tuf-gaming'),(23,'https://www.anphatpc.com.vn/vga-asus-dual-geforce-rtx-3070-oc-dual-rtx3070-o8g_id34552.html','VGA ASUS DUAL GeForce RTX 3070 OC (DUAL-RTX3070-O8G)',16349000,3,'asus-geforce-rtx-3070-dual-oc'),(24,'https://www.anphatpc.com.vn/vga-gigabyte-geforce-rtx-3080-vision-oc-10g-gv-n3080vision-oc-10gd_id34856.html','VGA GIGABYTE GeForce RTX 3080 VISION OC 10G (GV-N3080VISION OC-10GD)',23799000,3,'gigabyte-geforce-rtx-3080-vision-oc'),(25,'https://www.anphatpc.com.vn/vga-asus-dual-geforce-rtx-3070-dual-rtx3070-8g_id34454.html','VGA ASUS DUAL GeForce RTX 3070 (DUAL-RTX3070-8G)',15899000,3,'asus-geforce-rtx-3070-dual'),(26,'https://www.anphatpc.com.vn/vga-gigabyte-geforce-rtx-3070-eagle-oc-8g-gv-n3070eagle-oc-8gd_id34768.html','VGA GIGABYTE GeForce RTX 3070 EAGLE OC 8G (GV-N3070EAGLE OC-8GD)',16999000,3,'gigabyte-geforce-rtx-3070-eagle-oc'),(27,'https://www.anphatpc.com.vn/vga-gigabyte-geforce-rtx-3070-eagle-8g-gv-n3070eagle-8gd_id35091.html','VGA GIGABYTE GeForce RTX 3070 EAGLE 8G (GV-N3070EAGLE-8GD)',16499000,3,'gigabyte-geforce-rtx-3070-eagle'),(28,'https://www.anphatpc.com.vn/vga-asus-rog-strix-geforce-rtx-3090-oc-rog-strix-rtx3090-o24g-gaming_id34547.html','VGA ASUS ROG Strix GeForce RTX 3090 OC (ROG-STRIX-RTX3090-O24G-GAMING)',55899000,3,'asus-geforce-rtx-3090-strix-gaming-oc'),(29,'https://www.anphatpc.com.vn/vga-gigabyte-geforce-rtx-3070-vision-oc-8g-gv-n3070vision-oc-8gd_id35090.html','VGA GIGABYTE GeForce RTX 3070 VISION OC 8G (GV-N3070VISION OC-8GD)',18399000,3,'gigabyte-geforce-rtx-3070-vision-oc'),(30,'https://www.anphatpc.com.vn/vga-gigabyte-geforce-rtx-3080-eagle-oc-10g-gv-n3080eagle-oc-10gd_id34424.html','VGA GIGABYTE GeForce RTX 3080 EAGLE OC 10G (GV-N3080EAGLE OC-10GD)',22399000,3,'gigabyte-geforce-rtx-3080-eagle-oc'),(31,'https://www.anphatpc.com.vn/vga-asus-tuf-gaming-geforce-rtx-3080-tuf-rtx3080-10g-gaming_id34414.html','VGA ASUS TUF GAMING GeForce RTX 3080 (TUF-RTX3080-10G-GAMING)',22999000,3,'asus-geforce-rtx-3080-tuf-gaming'),(32,'https://www.anphatpc.com.vn/vga-asus-tuf-gaming-x3-geforce-gtx-1660-super-oc-edition-6gb-gddr6-tuf-3-gtx1660s-o6g-gaming_id31250.html','VGA ASUS TUF Gaming X3 GeForce GTX 1660 SUPER OC edition 6GB GDDR6 (TUF 3-GTX1660S-O6G-GAMING)',6799000,3,'asus-geforce-gtx-1660-super-tuf-gaming-x3-oc'),(33,'https://www.anphatpc.com.vn/vga-gigabyte-aorus-geforce-rtx-3070-master-8g-gv-n3070aorus-m-8gd_id35089.html','VGA GIGABYTE AORUS GeForce RTX 3070 MASTER 8G (GV-N3070AORUS M-8GD)',19399000,3,'gigabyte-geforce-rtx-3070-aorus-master'),(34,'https://www.anphatpc.com.vn/vga-gigabyte-aorus-geforce-rtx-3090-xtreme-24g-gv-n3090aorus-x-24gd_id34415.html','VGA GIGABYTE AORUS GeForce RTX 3090 XTREME 24G (GV-N3090AORUS X-24GD)',53799000,3,'gigabyte-geforce-rtx-3090-aorus-xtreme'),(35,'https://www.anphatpc.com.vn/vga-asus-rog-strix-geforce-rtx-3080-oc-rog-strix-rtx3080-o10g-gaming_id34549.html','VGA ASUS ROG Strix GeForce RTX 3080 OC (ROG-STRIX-RTX3080-O10G-GAMING)',27899000,3,'asus-geforce-rtx-3080-strix-gaming-oc'),(36,'https://www.anphatpc.com.vn/vga-gigabyte-aorus-geforce-rtx-3090-master-24g-gv-n3090aorus-m-24gd_id34417.html','VGA GIGABYTE AORUS GeForce RTX 3090 MASTER 24G (GV-N3090AORUS M-24GD)',51599000,3,'gigabyte-geforce-rtx-3090-aorus-master'),(37,'https://www.anphatpc.com.vn/vga-asus-rog-strix-geforce-rtx-3090-rog-strix-rtx3090-24g-gaming_id34409.html','VGA ASUS ROG Strix GeForce RTX 3090 (ROG-STRIX-RTX3090-24G-GAMING)',53749000,3,'asus-geforce-rtx-3090-strix-gaming'),(38,'https://www.anphatpc.com.vn/vga-gigabyte-geforce-rtx-3090-turbo-24g-gv-n3090turbo-24gd_id34857.html','VGA GIGABYTE GeForce RTX 3090 TURBO 24G (GV-N3090TURBO-24GD)',49999000,3,'gigabyte-geforce-rtx-3090-turbo'),(39,'https://www.anphatpc.com.vn/vga-gigabyte-aorus-geforce-rtx-3080-master-10g-gv-n3080aorus-m-10gd_id34422.html','VGA GIGABYTE AORUS GeForce RTX 3080 MASTER 10G (GV-N3080AORUS M-10GD)',26799000,3,'gigabyte-geforce-rtx-3080-aorus-master'),(40,'https://www.anphatpc.com.vn/vga-asus-tuf-gaming-geforce-rtx-3070-tuf-rtx3070-8g-gaming_id34975.html','VGA ASUS TUF Gaming GeForce RTX 3070 (TUF-RTX3070-8G-GAMING)',17749000,3,'asus-geforce-rtx-3070-tuf-gaming-oc'),(41,'https://www.anphatpc.com.vn/vga-asus-rog-strix-geforce-rtx-3070-rog-strix-rtx3070-8g-gaming_id34453.html','VGA ASUS ROG Strix GeForce RTX 3070 (ROG-STRIX-RTX3070-8G-GAMING)',19699000,3,'asus-geforce-rtx-3070-strix-gaming'),(42,'https://www.anphatpc.com.vn/vga-asus-rog-strix-geforce-rtx-3080-rog-strix-rtx3080-10g-gaming_id34413.html','VGA ASUS ROG Strix GeForce RTX 3080 (ROG-STRIX-RTX3080-10G-GAMING)',26499000,3,'asus-geforce-rtx-3080-strix-gaming'),(43,'https://www.anphatpc.com.vn/vga-asus-rog-strix-geforce-rtx-3070-oc-rog-strix-rtx3070-o8g-gaming_id34972.html','VGA ASUS ROG Strix GeForce RTX 3070 OC (ROG-STRIX-RTX3070-O8G-GAMING)',20699000,3,'asus-geforce-rtx-3070-strix-gaming'),(44,'https://www.anphatpc.com.vn/vga-gigabite-geforce-gt-710-gv-n710d5-2gil_id30906.html','VGA Gigabite GeForce GT 710 2GB DDR5 (GV-N710D5-2GIL)',1299000,3,'gigabyte-geforce-gt-710-gv-n710sl-2gl'),(45,'https://www.anphatpc.com.vn/vga-asus-phoenix-geforce-gtx-1650-oc-edition-4gb-gddr6-ph-gtx1650-o4gd6_id35055.html','VGA ASUS Phoenix GeForce GTX 1650 OC edition 4GB GDDR6 (PH-GTX1650-O4GD6)',3799000,3,'asus-geforce-gtx-1650-phoenix-oc'),(46,'https://www.anphatpc.com.vn/vga-asus-rog-strix-radeon-rx570-8gb-gddr5-rog-strix-rx570-8g-gaming_id32022.html','VGA ASUS ROG Strix Radeon RX570 8GB GDDR5 (ROG-STRIX-RX570-8G-GAMING)',3999000,3,'asus-radeon-rx-570-rog-strix'),(47,'https://www.anphatpc.com.vn/vga-asus-tuf-gaming-x3-geforce-gtx-1660-super-6gb-gddr6-tuf-3-gtx1660s-6g-gaming_id31034.html','VGA ASUS TUF Gaming X3 GeForce GTX 1660 SUPER 6GB GDDR6 (TUF 3-GTX1660S-6G-GAMING)',6499000,3,'asus-geforce-gtx-1660-super-tuf-gaming-x3-oc'),(48,'https://www.anphatpc.com.vn/vga-asus-phoenix-radeon-rx-550-4gb-gddr5-ph-rx550-4g-evo_id33989.html','VGA ASUS Phoenix Radeon RX 550 4GB GDDR5 (PH-RX550-4G-EVO)',1899000,3,'asus-radeon-rx-550---512-rx550-4g'),(49,'https://www.anphatpc.com.vn/vga-asus-phoenix-geforce-gtx-1650-4gb-gddr6-ph-gtx1650-4gd6_id34303.html','VGA ASUS Phoenix GeForce GTX 1650 4GB GDDR6 (PH-GTX1650-4GD6)',3599000,3,'asus-geforce-gtx-1650-phoenix-oc'),(50,'https://www.hanoicomputer.vn/card-man-hinh-gigabyte-rtx-3080-eagle-oc-10gd-10gb-gdd6x-320-bit-hdmi-dp-2x8-pin','Card màn hình Gigabyte RTX 3080 EAGLE OC-10GD (10GB GDD6X, 320-bit, HDMI +DP, 2x8-pin)',22949000,2,'gigabyte-geforce-rtx-3080-eagle-oc'),(51,'https://www.hanoicomputer.vn/card-man-hinh-gigabyte-rtx-3070-vision-oc-8gd-8gb-gdd6-256-bit-hdmi-dp-1x8-pin-6x1-pin','Card màn hình Gigabyte RTX 3070 VISION OC - 8GD (8GB GDD6, 256-bit, HDMI +DP, 1x8-pin+6x1-pin)',17999000,2,'gigabyte-geforce-rtx-3070-vision-oc'),(52,'https://www.hanoicomputer.vn/card-man-hinh-msi-rtx-3070-ventus-2x-8g-8gb-gdd6-256-bit-hdmi-dp-2x8-pin','Card màn hình MSI RTX 3070 VENTUS 2X OC 8G',15999000,2,'msi-geforce-rtx-3070-ventus-2x-oc'),(53,'https://www.hanoicomputer.vn/card-man-hinh-gigabyte-rtx-3090-aorus-xtreme-24gd','Card màn hình Gigabyte RTX 3090 AORUS XTREME-24GD',53990000,2,'gigabyte-geforce-rtx-3090-aorus-xtreme'),(54,'https://www.hanoicomputer.vn/card-man-hinh-gigabyte-rtx-3070-eagle-oc-8gd-1','Card màn hình Gigabyte RTX 3070 EAGLE OC - 8GD (8GB GDD6, 256-bit, HDMI +DP, 1x8-pin+6x1-pin)',16999000,2,'gigabyte-geforce-rtx-3070-eagle-oc'),(55,'https://www.hanoicomputer.vn/card-man-hinh-msi-gtx-1650-super-ventus-xs-4g-oc','Card màn hình MSI GTX 1650 Super VENTUS XS OC (4GB GDDR6, 128-bit, DVI+HDMI+DP, 1x6-pin) ',4799000,2,'msi-geforce-gtx-1650-super-ventus-xs-oc'),(56,'https://www.hanoicomputer.vn/card-man-hinh-msi-rtx-3090-ventus-3x-oc-24g-24gb-gddr6x-384-bit-hdmi-dp-2x8-pin','Card màn hình MSI RTX 3090 VENTUS 3X OC 24G (24GB GDDR6X, 384-bit, HDMI +DP, 2x8-pin)',45999000,2,'msi-geforce-rtx-3090-ventus-3x-oc'),(57,'https://www.hanoicomputer.vn/card-man-hinh-gigabyte-rtx-3060-ti-aorus-master-8gd','Card màn hình Gigabyte RTX 3060 Ti AORUS MASTER (8GB GDD6, 256-bit, HDMI +DP, 1x8-pin, 1x6-pin)',15999000,2,'gigabyte-geforce-rtx-3060-ti-aorus-master'),(58,'https://www.hanoicomputer.vn/card-man-hinh-msi-rtx-3090-gaming-x-trio-24g-24gb-gddr6x-384-bit-hdmi-dp-3x8-pin','Card màn hình MSI RTX 3090 GAMING X TRIO 24G (24GB GDDR6X, 384-bit, HDMI +DP, 3x8-pin)',49990000,2,'msi-geforce-rtx-3090-gaming-x-trio'),(59,'https://www.hanoicomputer.vn/card-man-hinh-gigabyte-rtx-3070-aorus-master-8gd','Card màn hình Gigabyte RTX 3070 AORUS MASTER - 8GD (8GB GDD6, 256-bit, HDMI +DP, 2x8-pin) ',19599000,2,'gigabyte-geforce-rtx-3070-aorus-master'),(60,'https://www.hanoicomputer.vn/card-man-hinh-msi-gtx-1650-d6-ventus-xs-4g-oc','Card màn hình MSI GTX 1650 D6 VENTUS XS 4G OCV1 (4GB GDDR6, 128-bit, DVI+HDMI+DP)',4099000,2,'msi-geforce-gtx-1650-d6-ventus-xs-oc'),(61,'https://www.hanoicomputer.vn/card-man-hinh-asus-tuf-rtx3090-o24g-gaming-24gb-gdd6x-384-bit-hdmi-dp-2x8-pin','Card màn hình Asus TUF RTX3090-O24G-GAMING (24GB GDD6X, 384-bit, HDMI +DP, 2x8-Pin)',50790000,2,'asus-geforce-rtx-3090-tuf-gaming'),(62,'https://www.hanoicomputer.vn/card-man-hinh-msi-gtx-1650-d6-aero-itx-4g-ocv1','Card màn hình MSI GTX 1650 D6 AERO ITX 4G OCV1 (4GB GDDR6, 128-bit, DVI+HDMI+DP, 1x6-pin)',3899000,2,'msi-geforce-gtx-1650-d6-aero-itx-oc'),(63,'https://www.hanoicomputer.vn/card-man-hinh-asus-rog-strix-rtx3090-o24g-gaming','Card màn hình Asus ROG STRIX RTX3090-O24G-GAMING (24GB GDD6X, 384-bit, HDMI +DP, 3x8-pin)',55899000,2,'asus-geforce-rtx-3090-strix-gaming'),(64,'https://gearvn.com/products/asus-tuf-gaming-geforce-rtx-3060-ti-oc','ASUS TUF Gaming GeForce RTX 3060 Ti OC',15290000,1,'asus-geforce-rtx-3060-ti-tuf-gaming-oc'),(65,'https://gearvn.com/products/msi-geforce-rtx-3060-ti-gaming-x-trio','MSI GeForce RTX 3060 Ti GAMING X TRIO',14990000,1,'msi-geforce-rtx-3060-ti-gaming-x-trio'),(66,'https://gearvn.com/products/msi-geforce-rtx-3060-ti-ventus-2x-oc','MSI GeForce RTX 3060 Ti VENTUS 2X OC',13490000,1,'msi-geforce-rtx-3060-ti-ventus-2x-oc'),(67,'https://gearvn.com/products/asus-dual-geforce-rtx-3060-ti-oc','ASUS Dual GeForce RTX 3060 Ti OC',13390000,1,'asus-geforce-rtx-3060-ti-dual-oc'),(68,'https://gearvn.com/products/asus-rog-strix-geforce-rtx-3060-ti-oc','ASUS ROG Strix GeForce RTX 3060 Ti OC',16990000,1,'asus-geforce-rtx-3060-ti-rog-strix-gaming-oc'),(69,'https://gearvn.com/products/gigabyte-geforce-rtx-2070-gaming-oc-8g','GIGABYTE GeForce® RTX 2070 GAMING OC 8G',16290000,1,'gigabyte-geforce-rtx-2070-gaming-8g'),(70,'https://gearvn.com/products/msi-geforce-rtx-3090-ventus-3x-24g-oc','MSI GeForce RTX 3090 VENTUS 3X 24G OC',45990000,1,'msi-geforce-rtx-3090-ventus-3x-oc'),(71,'https://gearvn.com/products/vga-msi-geforce-rtx-3070-ventus-2x-oc','VGA MSI Geforce RTX 3070 VENTUS 2x OC',15990000,1,'msi-geforce-rtx-3070-ventus-2x-oc'),(72,'https://gearvn.com/products/card-man-hinh-aorus-geforce-rtx-3060-ti-master-8g','GIGABYTE AORUS GeForce RTX 3060 Ti MASTER 8G',15650000,1,'gigabyte-geforce-rtx-3060-ti-aorus-master'),(73,'https://gearvn.com/products/msi-geforce-rtx-3090-gaming-x-trio-24g','MSI GeForce RTX 3090 GAMING X TRIO 24G',47990000,1,'msi-geforce-rtx-3090-gaming-x-trio'),(74,'https://gearvn.com/products/vga-msi-geforce-rtx-3070-ventus-3x-oc','VGA MSI GeForce RTX 3070 VENTUS 3X OC',17490000,1,'msi-geforce-rtx-3070-ventus-3x-oc'),(75,'https://gearvn.com/products/asus-geforce-rtx-3070-ko-oc-8g-gaming','ASUS GeForce RTX 3070 KO OC 8G GAMING',16990000,1,'asus-geforce-rtx-3070-ko-gaming-oc'),(76,'https://gearvn.com/products/gigabyte-geforce-rtx-3060-ti-eagle-oc-8g','GIGABYTE GeForce RTX 3060 Ti EAGLE OC 8G',13490000,1,'gigabyte-geforce-rtx-3060-ti-eagle-oc'),(77,'https://gearvn.com/products/gigabyte-aorus-geforce-rtx-3090-master-24g','GIGABYTE AORUS GeForce RTX 3090 MASTER 24G',51990000,1,'gigabyte-geforce-rtx-3090-aorus-master'),(78,'https://gearvn.com/products/msi-geforce-rtx-3070-gaming-x-trio-8gb','MSI GeForce RTX 3070 GAMING X TRIO 8GB',18490000,1,'msi-geforce-rtx-3070-gaming-x-trio'),(79,'https://gearvn.com/products/msi-geforce-gt-1030-aero-itx-2gb-oc','MSI GeForce® GT 1030 AERO ITX 2GB OC',2390000,1,'msi-geforce-gt-1030-aero-itx-oc'),(80,'https://gearvn.com/products/msi-geforce-rtx-3070-suprim-x-8g','MSI GeForce RTX 3070 SUPRIM X 8G',20990000,1,'msi-geforce-rtx-3070-suprim-x'),(81,'https://gearvn.com/products/card-man-hinh-aorus-geforce-rtx-3060-ti-gaming-oc-pro-8g','GIGABYTE GeForce RTX 3060 Ti GAMING OC PRO 8G',14250000,1,'gigabyte-geforce-rtx-3060-ti-gaming-oc-pro'),(82,'https://gearvn.com/products/gigabyte-geforce-rtx-3060-ti-eagle-8g','GIGABYTE GeForce RTX 3060 Ti EAGLE 8G',12990000,1,'gigabyte-geforce-rtx-3060-ti-eagle'),(83,'https://gearvn.com/products/gigabyte-geforce-rtx-3070-eagle-oc-8g','GIGABYTE GeForce RTX 3070 EAGLE OC 8G',16890000,1,'gigabyte-geforce-rtx-3070-eagle-oc'),(84,'https://gearvn.com/products/gigabyte-geforce-rtx-2070-super-windforce-oc-8g','GIGABYTE GeForce RTX™ 2070 SUPER WINDFORCE OC 8G',14690000,1,'gigabyte-geforce-rtx-2070-super-windforce-oc'),(85,'https://gearvn.com/products/gigabyte-geforce-rtx-2060-super-windforce-oc-8g','GIGABYTE GeForce RTX™ 2060 SUPER WINDFORCE OC 8G',10990000,1,'gigabyte-geforce-rtx-2060-super-windforce-oc'),(86,'https://gearvn.com/products/msi-geforce-rtx-2070-gaming-z-8g','MSI GeForce RTX 2070 GAMING Z 8G',16790000,1,'msi-geforce-rtx-2070-gaming-z'),(87,'https://gearvn.com/products/gigabyte-geforce-rtx-3070-eagle-8g','GIGABYTE GeForce RTX 3070 EAGLE 8G',16390000,1,'gigabyte-geforce-rtx-3070-eagle'),(88,'https://gearvn.com/products/gigabyte-geforce-rtx-3060-ti-gaming-oc-8g','GIGABYTE GeForce RTX 3060 Ti GAMING OC 8G',13990000,1,'gigabyte-geforce-rtx-3060-ti-gaming-oc'),(89,'https://gearvn.com/products/gigabyte-geforce-rtx-3090-turbo-24g','GIGABYTE GeForce RTX 3090 TURBO 24G',50990000,1,'gigabyte-geforce-rtx-3090-turbo'),(90,'https://gearvn.com/products/msi-geforce-gtx-1050-ti-aero-itx-oc-4gd5','MSI GeForce® GTX 1050 Ti AERO ITX OC 4GD5',4190000,1,'msi-geforce-gtx-1050-ti-aero-itx'),(91,'https://gearvn.com/products/asus-geforce-gtx-1650-4gb-dual-oc','ASUS GeForce GTX 1650 4GB DUAL OC',4090000,1,'asus-geforce-gtx-1650-dual-oc'),(92,'https://gearvn.com/products/gigabyte-geforce-rtx-3070-gaming-oc-8g','GIGABYTE GeForce RTX 3070 GAMING OC 8G',17490000,1,'gigabyte-geforce-rtx-3070-gaming-oc'),(93,'https://gearvn.com/products/msi-geforce-rtx-3080-ventus-3x-10g-oc','MSI GeForce RTX 3080 VENTUS 3X 10G OC',23490000,1,'msi-geforce-rtx-3080-ventus-3x-oc'),(94,'https://gearvn.com/products/gigabyte-geforce-rtx-2070-windforce-8g','GIGABYTE GeForce® RTX 2070 Windforce 8G',15290000,1,'gigabyte-geforce-rtx-2070-windforce'),(95,'https://gearvn.com/products/vga-gigabyte-aorus-geforce-rtx-3070-master-8g','VGA Gigabyte AORUS GeForce RTX 3070 MASTER 8G',18990000,1,'gigabyte-geforce-rtx-3070-aorus-master'),(96,'https://gearvn.com/products/asus-tuf-3090-24g-gaming','Asus TUF RTX 3090 24G GAMING',42990000,1,'asus-geforce-rtx-3090-tuf-gaming'),(97,'https://gearvn.com/products/msi-geforce-rtx-2080-sea-hawk-ek-x-8gb','MSI GEFORCE RTX 2080 SEA HAWK EK X 8GB',27990000,1,'msi-geforce-rtx-2080-sea-hawk-x'),(98,'https://gearvn.com/products/msi-amd-radeon-rx-5600-xt-mech-oc-6g','MSI AMD Radeon™ RX 5600 XT Mech OC 6G',8590000,1,'msi-radeon-rx-5600-xt-mech-oc'),(99,'https://gearvn.com/products/vga-gigabyte-geforce-rtx-3070-vision-oc-8g','VGA Gigabyte GeForce RTX 3070 VISION OC 8G',17890000,1,'gigabyte-geforce-rtx-3070-vision-oc'),(100,'https://gearvn.com/products/msi-rtx-2080-super-gaming-x-trio-8gb','MSI RTX 2080 SUPER GAMING X TRIO 8GB',20990000,1,'msi-geforce-rtx-2080-super-gaming-x-trio'),(101,'https://gearvn.com/products/msi-amd-radeon-rx-5600-xt-gaming-x-6g','MSI AMD Radeon™ RX 5600 XT Gaming X 6G',8690000,1,'msi-radeon-rx-5600-xt-gaming-x'),(102,'https://gearvn.com/products/gigabyte-amd-radeon-rx-5600-xt-gaming-oc-6g','GIGABYTE AMD Radeon™ RX 5600 XT GAMING OC 6G',7990000,1,'gigabyte-radeon-rx-5600-xt-gaming-oc'),(103,'https://gearvn.com/products/msi-rtx-2080-gaming-x-trio-8g','MSI RTX 2080 GAMING X TRIO 8G',23790000,1,'msi-geforce-rtx-2080-gaming-x-trio'),(104,'https://gearvn.com/products/vga-asus-geforce-rtx-3090-rog-strix-oc-24g-gaming','VGA ASUS GeForce RTX 3090 Rog Strix OC 24G Gaming',51990000,1,'asus-geforce-rtx-3090-strix-gaming-oc'),(105,'https://gearvn.com/products/msi-gtx-1650-super-ventus-xs-oc','MSI GTX 1650 Super VENTUS XS OC 4GB GDDR6',4690000,1,'msi-geforce-gtx-1650-super-ventus-xs-oc'),(106,'https://gearvn.com/products/asus-tuf-rtx3080-o10g-gaming','Asus TUF RTX 3080 O10G GAMING',24950000,1,'asus-geforce-rtx-3080-tuf-gaming'),(107,'https://gearvn.com/products/gigabyte-geforce-rtx-3090-gaming-oc-24g','Gigabyte GeForce RTX 3090 GAMING OC 24G',49990000,1,'gigabyte-geforce-rtx-3090-gv-n3090gaming-oc-24gd'),(108,'https://gearvn.com/products/msi-gtx-1660-ti-ventus-xs-6g-oc-gddr6','MSI GTX 1660 Ti Ventus XS 6G OC GDDR6',7490000,1,'msi-geforce-gtx-1660-ti-ventus-xs-oc'),(109,'https://gearvn.com/products/asus-gtx-1650-super-4gb-tuf-gaming-oc','ASUS GTX 1650 Super TUF GAMING OC 4GB GDDR6',4890000,1,'asus-geforce-gtx-1650-super-tuf-gaming-oc'),(110,'https://gearvn.com/products/vga-asus-tuf-rtx-3090-oc-24g-gaming','VGA ASUS TUF RTX 3090 OC 24G GAMING',47990000,1,'asus-geforce-rtx-3090-tuf-gaming-oc'),(111,'https://gearvn.com/products/asus-dual-rtx-3070-8g','Asus Dual RTX 3070 8G',15950000,1,'asus-geforce-rtx-3070-dual'),(112,'https://gearvn.com/products/msi-gtx-1650-super-gaming-x-4gb-gddr6','MSI GTX 1650 Super GAMING X 4GB GDDR6',5390000,1,'msi-geforce-gtx-1650-super-gaming-x'),(113,'https://gearvn.com/products/gigabyte-gtx-1650-super-wf-oc','GIGABYTE GTX 1650 Super Windforce OC 4GB GDDR6',4890000,1,'gigabyte-geforce-gtx-1650-super-windforce-oc'),(114,'https://gearvn.com/products/asus-gtx-1650-super-4gb-tuf-gaming','ASUS GTX 1650 Super TUF GAMING 4GB GDDR6',4790000,1,'asus-geforce-gtx-1650-super-tuf-gaming'),(115,'https://gearvn.com/products/msi-rtx-2080-duke-8g-oc','MSI RTX 2080 DUKE 8G OC',23990000,1,'msi-geforce-rtx-2080-duke'),(116,'https://gearvn.com/products/msi-gtx-1660-ventus-xs-6g-oc-gddr5','MSI GTX 1660 Ventus XS 6G OC GDDR5',5590000,1,'msi-geforce-gtx-1660-ventus-xs-oc'),(117,'https://gearvn.com/products/asus-rog-strix-rx-3090-24g-gaming','Asus ROG STRIX RTX 3090 24G GAMING',50990000,1,'asus-geforce-rtx-3090-strix-gaming'),(118,'https://gearvn.com/products/msi-gtx-1650-ventus-xs-4gb-gddr6','MSI GTX 1650 VENTUS XS 4GB OC V1 GDDR6',3790000,1,'msi-geforce-gtx-1650-ventus-xs-oc'),(119,'https://gearvn.com/products/asus-rog-strix-rtx3080-o10g-gaming','ASUS ROG STRIX RTX 3080 O10G GAMING',27990000,1,'asus-geforce-rtx-3080-strix-gaming'),(120,'https://gearvn.com/products/gigabyte-gtx-1650-winforce-oc-4gb-gddr6','GIGABYTE GTX 1650 Winforce OC 4GB GDDR6',3990000,1,'gigabyte-geforce-gtx-1650-windforce-oc'),(121,'https://gearvn.com/products/aorus-geforce-rtx-2080-xtreme-8g','AORUS GeForce® RTX 2080 XTREME 8G',24490000,1,'gigabyte-geforce-rtx-2080-aorus-xtreme'),(122,'https://gearvn.com/products/gigabyte-geforce-gt-710-1gb','Gigabyte GeForce® GT 710 1GB',990000,1,'gigabyte-geforce-gt-710-gv-n710d3-1gl-1.0'),(123,'https://gearvn.com/products/asus-amd-rog-strix-radeon-rx-5600-xt-oc-6g','ASUS AMD ROG Strix Radeon™ RX 5600 XT T6G GAMING',8990000,1,'asus-radeon-rx-5600-xt-strix-gaming-oc'),(124,'https://gearvn.com/products/vga-asus-rog-strix-rtx-3070-o8g-gaming','VGA ASUS ROG Strix RTX 3070 O8G Gaming',20750000,1,'asus-geforce-rtx-3070-strix-gaming'),(125,'https://gearvn.com/products/msi-geforce-rtx-2060-ventus-xs-6g-ocv1-gddr6','MSI GeForce RTX™ 2060 VENTUS XS 6G OCV1 GDDR6',8490000,1,'msi-geforce-rtx-2060-ventus-xs-oc'),(126,'https://gearvn.com/products/asus-geforce-gtx-1650-4gb-dual','ASUS GeForce GTX 1650 4GB DUAL',3990000,1,'asus-geforce-gtx-1650-dual-oc'),(127,'https://gearvn.com/products/msi-geforce-gtx-1660-super-gaming-z-plus','MSI GeForce GTX 1660 SUPER GAMING Z PLUS',6790000,1,'gigabyte-geforce-gtx-1660-super-gaming'),(128,'https://gearvn.com/products/asus-rog-strix-gtx-1650-super-oc-gddr6','ASUS ROG STRIX GTX 1650 Super OC 4GB GDDR6',5720000,1,'asus-geforce-gtx-1650-super-strix-gaming-oc'),(129,'https://gearvn.com/products/vga-asus-tuf-rtx-3070-o8g-gaming','VGA ASUS TUF RTX 3070 O8G Gaming',16990000,1,'asus-geforce-rtx-3070-tuf-gaming-oc'),(130,'https://gearvn.com/products/gigabyte-radeon-rx-6800-xt-gaming-oc-16g','GIGABYTE Radeon™ RX 6800 XT GAMING OC 16G',23250000,1,'gigabyte-radeon-rx-6800-xt-gv-r68xt-16gc-b');
/*!40000 ALTER TABLE `gpu_price_list` ENABLE KEYS */;
UNLOCK TABLES;

--
-- Table structure for table `gpu_rating`
--

DROP TABLE IF EXISTS `gpu_rating`;
/*!40101 SET @saved_cs_client     = @@character_set_client */;
/*!50503 SET character_set_client = utf8mb4 */;
CREATE TABLE `gpu_rating` (
  `ID` int NOT NULL AUTO_INCREMENT,
  `UserID` int NOT NULL,
  `GpuID` varchar(100) NOT NULL,
  `Rating` double DEFAULT NULL,
  PRIMARY KEY (`ID`),
  KEY `gpu_rating_ibfk_1` (`UserID`),
  KEY `gpu_rating_ibfk_2` (`GpuID`),
  CONSTRAINT `gpu_rating_ibfk_1` FOREIGN KEY (`UserID`) REFERENCES `user` (`ID`),
  CONSTRAINT `gpu_rating_ibfk_2` FOREIGN KEY (`GpuID`) REFERENCES `gpu` (`ID`)
) ENGINE=InnoDB DEFAULT CHARSET=utf8;
/*!40101 SET character_set_client = @saved_cs_client */;

--
-- Dumping data for table `gpu_rating`
--

LOCK TABLES `gpu_rating` WRITE;
/*!40000 ALTER TABLE `gpu_rating` DISABLE KEYS */;
/*!40000 ALTER TABLE `gpu_rating` ENABLE KEYS */;
UNLOCK TABLES;

--
-- Table structure for table `hdd`
--

DROP TABLE IF EXISTS `hdd`;
/*!40101 SET @saved_cs_client     = @@character_set_client */;
/*!50503 SET character_set_client = utf8mb4 */;
CREATE TABLE `hdd` (
  `ID` varchar(100) NOT NULL,
  `manufacturer` varchar(100) NOT NULL,
  `serieName` varchar(100) NOT NULL,
  `chipset` varchar(100) DEFAULT NULL,
  `storage` varchar(100) NOT NULL,
  `fullname` text NOT NULL,
  `image` varchar(100) NOT NULL,
  PRIMARY KEY (`ID`)
) ENGINE=InnoDB DEFAULT CHARSET=utf8;
/*!40101 SET character_set_client = @saved_cs_client */;

--
-- Dumping data for table `hdd`
--

LOCK TABLES `hdd` WRITE;
/*!40000 ALTER TABLE `hdd` DISABLE KEYS */;
INSERT INTO `hdd` VALUES ('seagate-barracuda-3072-3.5sata','Seagate','Barracuda','3.5 SATA','3 TB','HDD Seagate Barracuda 3 TB',''),('seagate-barracuda-4096-3.5sata','Seagate','BarraCuda','3.5 SATA','4 TB','HDD Seagate BarraCuda 4 TB',''),('seagate-barracuda-6144-3.5sata','Seagate','Barracuda','3.5 SATA','6 TB','HDD Seagate Barracuda 6 TB',''),('seagate-firecuda-1024-2.5sata','Seagate','FireCuda','2.5 SATA','1 TB','HDD Seagate FireCuda 1 TB',''),('seagate-firecuda-500-2.5sata','Seagate','FireCuda','2.5 SATA','500 GB','HDD Seagate FireCuda 500 GB',''),('seagate-ironwolf-pro-10240-3.5sata','Seagate','IronWolf Pro','3.5 SATA','10 TB','HDD Seagate IronWolf Pro 10 TB',''),('seagate-ironwolf-pro-12288-3.5sata','Seagate','IronWolf Pro','3.5 SATA','12 TB','HDD Seagate IronWolf Pro 12 TB',''),('seagate-ironwolf-pro-14336-3.5sata','Seagate','IronWolf Pro','3.5 SATA','14 TB','HDD Seagate IronWolf Pro 14 TB',''),('seagate-ironwolf-pro-16384-3.5sata','Seagate','IronWolf Pro','3.5 SATA','16 TB','HDD Seagate IronWolf Pro 16 TB',''),('seagate-ironwolf-pro-4096-3.5sata','Seagate','IronWolf Pro','3.5 SATA','4 TB','HDD Seagate IronWolf Pro 4 TB',''),('seagate-ironwolf-pro-6144-3.5sata','Seagate','IronWolf Pro','3.5 SATA','6 TB','HDD Seagate IronWolf Pro 6 TB',''),('seagate-ironwolf-pro-8192-3.5sata','Seagate','IronWolf Pro','3.5 SATA','8 TB','HDD Seagate IronWolf Pro 8 TB',''),('seagate-pipeline-hd-1024-3.5sata','Seagate','Pipeline HD','3.5 SATA','1 TB','HDD Seagate Pipeline HD 1 TB',''),('seagate-pipeline-hd-2048-3.5sata','Seagate','Pipeline HD','3.5 SATA','2 TB','HDD Seagate Pipeline HD 2 TB',''),('seagate-pipeline-hd-500-3.5sata','Seagate','Pipeline HD','3.5 SATA','500 GB','HDD Seagate Pipeline HD 500 GB',''),('seagate-skyhawk-ai-10240-3.5sata','Seagate','SkyHawk AI','3.5 SATA','10 TB','HDD Seagate SkyHawk AI 10 TB',''),('seagate-skyhawk-ai-8192-3.5sata','Seagate','Skyhawk AI','3.5 SATA','8 TB','HDD Seagate Skyhawk AI 8 TB',''),('wd-black2-1024-2.5sata','Western Digital','Black2','2.5 SATA','1 TB','HDD Western Digital Black2 1 TB',''),('wd-re-1024-3.5sata','Western Digital','Re','3.5 SATA','1 TB','HDD Western Digital Re 1 TB',''),('wd-re-2048-3.5sata','Western Digital','RE','3.5 SATA','2 TB','HDD Western Digital RE 2 TB',''),('wd-re-3072-3.5sata','Western Digital','RE','3.5 SATA','3 TB','HDD Western Digital RE 3 TB',''),('wd-re-4096-3.5sata','Western Digital','RE','3.5 SATA','4 TB','HDD Western Digital RE 4 TB',''),('wd-re-500-3.5sata','Western Digital','Re','3.5 SATA','500 GB','HDD Western Digital Re 500 GB',''),('wd-re4-1024-3.5sata','Western Digital','RE4','3.5 SATA','1 TB','HDD Western Digital RE4 1 TB',''),('wd-re4-2048-3.5sata','Western Digital','RE4','3.5 SATA','2 TB','HDD Western Digital RE4 2 TB',''),('wd-se-1024-3.5sata','Western Digital','Se','3.5 SATA','1 TB','HDD Western Digital Se 1 TB','');
/*!40000 ALTER TABLE `hdd` ENABLE KEYS */;
UNLOCK TABLES;

--
-- Table structure for table `hdd_price_list`
--

DROP TABLE IF EXISTS `hdd_price_list`;
/*!40101 SET @saved_cs_client     = @@character_set_client */;
/*!50503 SET character_set_client = utf8mb4 */;
CREATE TABLE `hdd_price_list` (
  `Id` int NOT NULL AUTO_INCREMENT,
  `link` text NOT NULL,
  `name` text NOT NULL,
  `price` int NOT NULL,
  `rid` int NOT NULL,
  `fid` varchar(100) NOT NULL,
  PRIMARY KEY (`Id`),
  KEY `fid` (`fid`),
  KEY `hdd_price_list_ibfk_2_idx` (`rid`),
  CONSTRAINT `hdd_price_list_ibfk_1` FOREIGN KEY (`fid`) REFERENCES `hdd` (`ID`),
  CONSTRAINT `hdd_price_list_ibfk_2` FOREIGN KEY (`rid`) REFERENCES `retailer` (`ID`)
) ENGINE=InnoDB AUTO_INCREMENT=29 DEFAULT CHARSET=utf8;
/*!40101 SET character_set_client = @saved_cs_client */;

--
-- Dumping data for table `hdd_price_list`
--

LOCK TABLES `hdd_price_list` WRITE;
/*!40000 ALTER TABLE `hdd_price_list` DISABLE KEYS */;
INSERT INTO `hdd_price_list` VALUES (1,'https://www.anphatpc.com.vn/o-cung-western-digital-datacenter-re-1tb-sata_id20350.html','Ổ cứng Western Digital Datacenter RE 1TB SATA',2510000,3,'wd-re-1024-3.5sata'),(2,'https://www.anphatpc.com.vn/o-cung-western-digital-enterprise-re-3tb-sata_id20345.html','Ổ cứng Western Digital Enterprise RE 3TB SATA',7060000,3,'wd-re-3072-3.5sata'),(3,'https://www.anphatpc.com.vn/o-cung-western-digital-enterprise-re-4tb-sata_id20347.html','Ổ cứng Western Digital Enterprise RE 4TB SATA',9080000,3,'wd-re-4096-3.5sata'),(4,'https://www.anphatpc.com.vn/seagate-pipeline-hd-500gb-8mb-cache-sata-30gbs-st3500312cs_id16190.html','Ổ cứng Seagate Pipeline HD 500GB 8MB cache',1520000,3,'seagate-pipeline-hd-500-3.5sata'),(5,'https://www.anphatpc.com.vn/seagate-pipeline-hd-1tb-64mb-cache-sata-30gbs-st1000vm002_id16191.html','Ổ cứng Seagate Pipeline HD 1TB 64MB Cache',1820000,3,'seagate-pipeline-hd-1024-3.5sata'),(6,'https://www.anphatpc.com.vn/seagate-pipeline-hd-2tb-64mb-cache-sata-30gbs-st2000vm003_id16192.html','Ổ cứng Seagate Pipeline HD 2TB 64MB cache',2530000,3,'seagate-pipeline-hd-2048-3.5sata'),(7,'https://www.anphatpc.com.vn/o-cung-western-digital-enterprise-se-1tb-sata_id20348.html','Ổ cứng Western Digital Enterprise Se 1TB SATA',2360000,3,'wd-se-1024-3.5sata'),(8,'https://www.anphatpc.com.vn/o-cung-western-digital-enterprise-re-500gb-sata_id11269.html','Ổ cứng Western Digital Enterprise RE 500GB SATA',2210000,3,'wd-re-500-3.5sata'),(9,'https://www.anphatpc.com.vn/o-cung-western-digital-enterprise-re-1tb-sata_id11270.html','Ổ cứng Western Digital Enterprise RE 1TB SATA',2580000,3,'wd-re-1024-3.5sata'),(10,'https://www.anphatpc.com.vn/o-cung-western-digital-enterprise-re-2tb-sata_id11271.html','Ổ cứng Western Digital Enterprise RE 2TB SATA',4310000,3,'wd-re-2048-3.5sata'),(11,'https://www.anphatpc.com.vn/o-cung-seagate-ironwolf-pro-14tb-sata-7200rpm-st14000ne0008_id33894.html','Ổ cứng Seagate Ironwolf Pro 14TB SATA 7200rpm (ST14000NE0008) ',14199000,3,'seagate-ironwolf-pro-14336-3.5sata'),(12,'https://www.anphatpc.com.vn/o-cung-seagate-ironwolf-pro-16tb-sata-7200rpm-st16000ne000_id33895.html','Ổ cứng Seagate Ironwolf Pro 16TB SATA 7200rpm (ST16000NE000) ',15990000,3,'seagate-ironwolf-pro-16384-3.5sata'),(13,'https://www.anphatpc.com.vn/o-cung-western-digital-caviar-black-1tb-64mb-cache_id11263.html','Ổ cứng Western Digital Caviar Black 1TB 64MB Cache',1950000,3,'wd-black2-1024-2.5sata'),(14,'https://www.anphatpc.com.vn/o-cung-seagate-skyhawk-ai-10tb-3-5-st10000ve0008-chuyen-dung-cho-camera_id30809.html','Ổ cứng Seagate Skyhawk AI 10TB 3.5\'\' ST10000VE0008 (Chuyên dụng cho Camera)',8399000,3,'seagate-skyhawk-ai-10240-3.5sata'),(15,'https://www.anphatpc.com.vn/o-cung-sshd-seagate-firecuda-1tb-25-128mb-cache_id24857.html','Ổ cứng SSHD Seagate Firecuda 1TB 2.5\'\' 128MB (ST1000LX015)',1790000,3,'seagate-firecuda-1024-2.5sata'),(16,'https://www.anphatpc.com.vn/o-cung-seagate-firecuda-1tb-35-sata-st1000dx002_id22622.html','Ổ cứng Seagate FireCuda 1TB 3.5\" SATA ST1000DX002 SSHD',1850000,3,'seagate-firecuda-1024-2.5sata'),(17,'https://www.anphatpc.com.vn/o-cung-western-digital-red-1tb-64mb-cache_id11265.html','Ổ cứng Western Digital Red 1TB 64MB Cache',1550000,3,'wd-re4-1024-3.5sata'),(18,'https://www.anphatpc.com.vn/o-cung-western-digital-red-2tb-256mb-cache_id11266.html','Ổ cứng Western Digital Red 2TB 256MB Cache',2010000,3,'wd-re4-2048-3.5sata'),(19,'https://www.hanoicomputer.vn/o-cung-gan-trong-seagate-skyhawk-ai-8tb-7200rpm-sata-3.5-st8000ve000','Ổ cứng gắn trong Seagate SkyHawk AI 8TB 7200rpm SATA 3.5 inch ( ST8000VE000 ) ',6699000,2,'seagate-skyhawk-ai-8192-3.5sata'),(20,'https://gearvn.com/products/hdd-seagate-barracuda-3tb-5200rpm','HDD Seagate Barracuda 3TB 5200rpm',2350000,1,'seagate-barracuda-3072-3.5sata'),(21,'https://gearvn.com/products/hdd-seagate-barracuda-4tb-5400rpm','HDD Seagate Barracuda 4TB 5400rpm',2950000,1,'seagate-barracuda-4096-3.5sata'),(22,'https://gearvn.com/products/hdd-seagate-barracuda-6tb-5400rpm','HDD Seagate Barracuda 6TB 5400rpm',4950000,1,'seagate-barracuda-6144-3.5sata'),(23,'https://gearvn.com/products/hdd-seagate-ironwolf-pro-14tb-7200rpm','HDD Seagate Ironwolf PRO 14TB 7200rpm',14490000,1,'seagate-ironwolf-pro-14336-3.5sata'),(24,'https://gearvn.com/products/hdd-seagate-ironwolf-pro-12tb-7200rpm','HDD Seagate Ironwolf PRO 12TB 7200rpm',11990000,1,'seagate-ironwolf-pro-12288-3.5sata'),(25,'https://gearvn.com/products/hdd-seagate-ironwolf-pro-10tb-7200rpm','HDD Seagate Ironwolf PRO 10TB 7200rpm',12700000,1,'seagate-ironwolf-pro-10240-3.5sata'),(26,'https://gearvn.com/products/hdd-seagate-ironwolf-pro-4tb-7200rpm','HDD Seagate Ironwolf PRO 4TB 7200rpm',5090000,1,'seagate-ironwolf-pro-4096-3.5sata'),(27,'https://gearvn.com/products/hdd-seagate-ironwolf-pro-6tb-7200rpm','HDD Seagate Ironwolf PRO 6TB 7200rpm',7900000,1,'seagate-ironwolf-pro-6144-3.5sata'),(28,'https://gearvn.com/products/hdd-seagate-ironwolf-pro-8tb-7200rpm','HDD Seagate Ironwolf PRO 8TB 7200rpm',8690000,1,'seagate-ironwolf-pro-8192-3.5sata');
/*!40000 ALTER TABLE `hdd_price_list` ENABLE KEYS */;
UNLOCK TABLES;

--
-- Table structure for table `hdd_rating`
--

DROP TABLE IF EXISTS `hdd_rating`;
/*!40101 SET @saved_cs_client     = @@character_set_client */;
/*!50503 SET character_set_client = utf8mb4 */;
CREATE TABLE `hdd_rating` (
  `ID` int NOT NULL AUTO_INCREMENT,
  `UserID` int NOT NULL,
  `HddID` varchar(100) NOT NULL,
  `Rating` double DEFAULT NULL,
  PRIMARY KEY (`ID`),
  KEY `hdd_rating_ibfk_1` (`UserID`),
  KEY `hdd_rating_ibfk_2` (`HddID`),
  CONSTRAINT `hdd_rating_ibfk_1` FOREIGN KEY (`UserID`) REFERENCES `user` (`ID`),
  CONSTRAINT `hdd_rating_ibfk_2` FOREIGN KEY (`HddID`) REFERENCES `hdd` (`ID`)
) ENGINE=InnoDB DEFAULT CHARSET=utf8;
/*!40101 SET character_set_client = @saved_cs_client */;

--
-- Dumping data for table `hdd_rating`
--

LOCK TABLES `hdd_rating` WRITE;
/*!40000 ALTER TABLE `hdd_rating` DISABLE KEYS */;
/*!40000 ALTER TABLE `hdd_rating` ENABLE KEYS */;
UNLOCK TABLES;

--
-- Table structure for table `mainboard`
--

DROP TABLE IF EXISTS `mainboard`;
/*!40101 SET @saved_cs_client     = @@character_set_client */;
/*!50503 SET character_set_client = utf8mb4 */;
CREATE TABLE `mainboard` (
  `ID` varchar(100) NOT NULL,
  `manufacturer` varchar(100) NOT NULL,
  `serieName` varchar(100) NOT NULL,
  `chipset` varchar(100) NOT NULL,
  `socket` varchar(100) NOT NULL,
  `formfactor` varchar(100) NOT NULL,
  `slot` int NOT NULL,
  `sizeOfRam` varchar(100) NOT NULL,
  `fullname` text NOT NULL,
  `image` varchar(100) NOT NULL,
  PRIMARY KEY (`ID`)
) ENGINE=InnoDB DEFAULT CHARSET=utf8;
/*!40101 SET character_set_client = @saved_cs_client */;

--
-- Dumping data for table `mainboard`
--

LOCK TABLES `mainboard` WRITE;
/*!40000 ALTER TABLE `mainboard` DISABLE KEYS */;
INSERT INTO `mainboard` VALUES ('asrock-a320m-dvs-r4.0','ASRock','M-DVS R4.0','A320','AM4','Micro ATX',2,'32 GB','ASRock A320M-DVS R4.0',''),('asrock-a320m-hdv-r4.0','ASRock','M-HDV R4.0','A320','AM4','Micro ATX',2,'32 GB','ASRock A320M-HDV R4.0',''),('asrock-a520m-hdvp','ASRock','M-HDVP','A520','AM4','Micro ATX',2,'64 GB','ASRock A520M-HDVP',''),('asrock-a520m-hdvp/dash','ASRock','M-HDVP/DASH','A520','AM4','Micro ATX',2,'64 GB','ASRock A520M-HDVP/DASH',''),('asrock-a520m-itx/ac','ASRock','M-ITX/ac','A520','AM4','Mini ITX',2,'64 GB','ASRock A520M-ITX/ac',''),('asrock-b365-phantom-gaming-4','ASRock','Phantom Gaming 4','B365','LGA1151','ATX',4,'128 GB','ASRock B365 Phantom Gaming 4',''),('asrock-b365-pro4','ASRock','Pro4','B365','LGA1151','ATX',4,'64 GB','ASRock B365 Pro4',''),('asrock-b450-steel-legend','ASRock','Steel Legend','B450','AM4','ATX',4,'64 GB','ASRock B450 Steel Legend',''),('asrock-b450m-pro4-f','ASRock','M Pro4-F','B450','AM4','Micro ATX',4,'64 GB','ASRock B450M Pro4-F',''),('asrock-b450m-steel-legend','ASRock','M Steel Legend','B450','AM4','Micro ATX',4,'64 GB','ASRock B450M Steel Legend',''),('asrock-b460-phantom-gaming-4','ASRock','Phantom Gaming 4','B460','LGA1200','ATX',4,'128 GB','ASRock B460 Phantom Gaming 4',''),('asrock-b460-pro4','ASRock','Pro4','B460','LGA1200','ATX',4,'128 GB','ASRock B460 Pro4',''),('asrock-b460-steel-legend','ASRock','Steel Legend','B460','LGA1200','ATX',4,'128 GB','ASRock B460 Steel Legend',''),('asrock-b460m-itx/ac','ASRock','M-ITX/ac','B460','LGA1200','Mini ITX',2,'64 GB','ASRock B460M-ITX/ac',''),('asrock-b460m-pro4','ASRock','M Pro4','B460','LGA1200','Micro ATX',4,'128 GB','ASRock B460M Pro4',''),('asrock-b460m-steel-legend','ASRock','M Steel Legend','B460','LGA1200','Micro ATX',4,'128 GB','ASRock B460M Steel Legend',''),('asrock-b550-extreme4','ASRock','Extreme4','B550','AM4','ATX',4,'128 GB','ASRock B550 Extreme4',''),('asrock-b550-pg-velocita','ASRock','PG Velocita','B550','AM4','ATX',4,'128 GB','ASRock B550 PG Velocita',''),('asrock-b550-steel-legend','ASRock','Steel Legend','B550','AM4','ATX',4,'128 GB','ASRock B550 Steel Legend',''),('asrock-b550-taichi','ASRock','Taichi','B550','AM4','ATX',4,'128 GB','ASRock B550 Taichi',''),('asrock-b550m-itx/ac','ASRock','M-ITX/ac','B550','AM4','Mini ITX',2,'64 GB','ASRock B550M-ITX/ac',''),('asrock-b550m-pro4','ASRock','M Pro4','B550','AM4','Micro ATX',4,'128 GB','ASRock B550M Pro4',''),('asrock-b550m-steel-legend','ASRock','M Steel Legend','B550','AM4','Micro ATX',4,'128 GB','ASRock B550M Steel Legend',''),('asrock-h310cm-dvs','ASRock','CM-DVS','H310','LGA1151','Micro ATX',2,'32 GB','ASRock H310CM-DVS',''),('asrock-h310cm-hdv','ASRock','CM-HDV','H310','LGA1151','Micro ATX',2,'32 GB','ASRock H310CM-HDV',''),('asrock-h310cm-hdv/m.2','ASRock','CM-HDV/M.2','H310','LGA1151','Micro ATX',2,'32 GB','ASRock H310CM-HDV/M.2',''),('asrock-h410m-hdv/m.2','ASRock','M-HDV/M.2','H410','LGA1200','Micro ATX',2,'64 GB','ASRock H410M-HDV/M.2',''),('asrock-h410m-hdvp','ASRock','M-HDVP','H410','LGA1200','Micro ATX',2,'64 GB','ASRock H410M-HDVP',''),('asrock-h410m-hvs','ASRock','M-HVS','H410','LGA1200','Micro ATX',2,'64 GB','ASRock H410M-HVS',''),('asrock-x570-steel-legend','ASRock','Steel Legend','X570','AM4','ATX',4,'128 GB','ASRock X570 Steel Legend',''),('asrock-x570-taichi','ASRock','Taichi','X570','AM4','ATX',4,'128 GB','ASRock X570 Taichi',''),('asrock-z390-phantom-gaming-6','ASRock','Phantom Gaming 6','Z390','LGA1151','ATX',4,'128 GB','ASRock Z390 Phantom Gaming 6',''),('asrock-z390-phantom-gaming-7','ASRock','PHANTOM GAMING 7','Z390','LGA1151','ATX',4,'128 GB','ASRock Z390 PHANTOM GAMING 7',''),('asrock-z390-steel-legend','ASRock','STEEL LEGEND','Z390','LGA1151','ATX',4,'128 GB','ASRock Z390 STEEL LEGEND',''),('asrock-z390-taichi','ASRock','Taichi','Z390','LGA1151','ATX',4,'128 GB','ASRock Z390 Taichi',''),('asrock-z390-taichi-ultimate','ASRock','Taichi Ultimate','Z390','LGA1151','ATX',4,'128 GB','ASRock Z390 Taichi Ultimate',''),('asrock-z490-extreme4','ASRock','Extreme4','Z490','LGA1200','ATX',4,'128 GB','ASRock Z490 Extreme4',''),('asrock-z490-phantom-gaming-4','ASRock','Phantom Gaming 4','Z490','LGA1200','ATX',4,'128 GB','ASRock Z490 Phantom Gaming 4',''),('asrock-z490-phantom-gaming-itx/tb3','ASRock','Z490 Phantom Gaming-ITX/TB3','B3Z490','LGA1200','Mini ITX',2,'64 GB','ASRock Z490 Phantom Gaming-ITX/TB3',''),('asrock-z490-pro4','ASRock','Pro4','Z490','LGA1200','ATX',4,'128 GB','ASRock Z490 Pro4',''),('asrock-z490-steel-legend','ASRock','Steel Legend','Z490','LGA1200','ATX',4,'128 GB','ASRock Z490 Steel Legend',''),('asrock-z490-taichi','ASRock','Taichi','Z490','LGA1200','ATX',4,'128 GB','ASRock Z490 Taichi',''),('asrock-z490m-itx/ac','ASRock','M-ITX/ac','Z490','LGA1200','Mini ITX',2,'64 GB','ASRock Z490M-ITX/ac',''),('asrock-z490m-pro4','ASRock','M Pro4','Z490','LGA1200','Micro ATX',4,'128 GB','ASRock Z490M Pro4',''),('asus-ex-b360m-v5','Asus','EX-M-V5','B360','LGA1151','Micro ATX',2,'32 GB','Asus EX-B360M-V5',''),('asus-prime-a320m-k','Asus','PRIME M-K','A320','AM4','Micro ATX',2,'32 GB','Asus PRIME A320M-K',''),('asus-prime-a520m-e','Asus','PRIME M-E','A520','AM4','Micro ATX',2,'64 GB','Asus PRIME A520M-E',''),('asus-prime-a520m-k','Asus','PRIME M-K','A520','AM4','Micro ATX',2,'64 GB','Asus PRIME A520M-K',''),('asus-prime-b365m-k','Asus','PRIME M-K','B365','LGA1151','Micro ATX',2,'32 GB','Asus PRIME B365M-K',''),('asus-prime-b460-plus','Asus','PRIME -PLUS','B460','LGA1200','ATX',4,'128 GB','Asus PRIME B460-PLUS',''),('asus-prime-b460m-k','Asus','PRIME M-K','B460','LGA1200','Micro ATX',2,'64 GB','Asus PRIME B460M-K',''),('asus-prime-b550m-a','Asus','PRIME M-A','B550','AM4','Micro ATX',4,'128 GB','Asus PRIME B550M-A',''),('asus-prime-b550m-k','Asus','PRIME M-K','B550','AM4','Micro ATX',4,'128 GB','Asus PRIME B550M-K',''),('asus-prime-h310m-e','Asus','PRIME M-E','H310','LGA1151','Micro ATX',2,'32 GB','Asus PRIME H310M-E',''),('asus-prime-h310m-e-r2.0','Asus','PRIME M-E R2.0','H310','LGA1151','Micro ATX',2,'32 GB','Asus PRIME H310M-E R2.0',''),('asus-prime-h410m-d','Asus','PRIME M-D','H410','LGA1200','Micro ATX',2,'64 GB','Asus PRIME H410M-D',''),('asus-prime-h410m-e','Asus','PRIME M-E','H410','LGA1200','Micro ATX',2,'64 GB','Asus PRIME H410M-E',''),('asus-prime-h410m-k','Asus','PRIME M-K','H410','LGA1200','Micro ATX',2,'64 GB','Asus PRIME H410M-K',''),('asus-prime-x570-p','Asus','PRIME -P','X570','AM4','ATX',4,'128 GB','Asus PRIME X570-P',''),('asus-prime-z390-a','Asus','PRIME -A','Z390','LGA1151','ATX',4,'128 GB','Asus PRIME Z390-A',''),('asus-prime-z390-p','Asus','PRIME -P','Z390','LGA1151','ATX',4,'128 GB','Asus PRIME Z390-P',''),('asus-prime-z390m-plus','Asus','PRIME M-PLUS','Z390','LGA1151','Micro ATX',4,'128 GB','Asus PRIME Z390M-PLUS',''),('asus-prime-z490-p','Asus','PRIME -P','Z490','LGA1200','ATX',4,'128 GB','Asus PRIME Z490-P',''),('asus-prime-z490m-plus','Asus','PRIME M-PLUS','Z490','LGA1200','Micro ATX',4,'128 GB','Asus PRIME Z490M-PLUS',''),('asus-pro-ws-x570-ace','Asus','Pro WS -ACE','X570','AM4','ATX',4,'128 GB','Asus Pro WS X570-ACE',''),('asus-proart-z490-creator-10g','Asus','ProART -CREATOR 10G','Z490','LGA1200','ATX',4,'128 GB','Asus ProART Z490-CREATOR 10G',''),('asus-rog-crosshair-viii-formula','Asus','ROG Crosshair VIII Formula','X570','AM4','ATX',4,'128 GB','Asus ROG Crosshair VIII Formula',''),('asus-rog-crosshair-viii-hero','Asus','ROG Crosshair VIII Hero','X570','AM4','ATX',4,'128 GB','Asus ROG Crosshair VIII Hero',''),('asus-rog-crosshair-viii-hero-(wi-fi)','Asus','ROG Crosshair VIII Hero (WI-FI)','X570','AM4','ATX',4,'128 GB','Asus ROG Crosshair VIII Hero (WI-FI)',''),('asus-rog-maximus-x-code','Asus','ROG MAXIMUS X CODE','Z370','LGA1151','ATX',4,'64 GB','Asus ROG MAXIMUS X CODE',''),('asus-rog-maximus-x-formula','Asus','ROG MAXIMUS X FORMULA','Z370','LGA1151','ATX',4,'64 GB','Asus ROG MAXIMUS X FORMULA',''),('asus-rog-maximus-x-hero','Asus','ROG MAXIMUS X HERO','Z370','LGA1151','ATX',4,'64 GB','Asus ROG MAXIMUS X HERO',''),('asus-rog-maximus-x-hero-(wi-fi-ac)','Asus','ROG MAXIMUS X HERO (WI-FI AC)','Z370','LGA1151','ATX',4,'64 GB','Asus ROG MAXIMUS X HERO (WI-FI AC)',''),('asus-rog-maximus-xi-apex','Asus','ROG MAXIMUS XI APEX','Z390','LGA1151','ATX',2,'64 GB','Asus ROG MAXIMUS XI APEX',''),('asus-rog-maximus-xi-extreme','Asus','ROG MAXIMUS XI EXTREME','Z390','LGA1151','EATX',4,'128 GB','Asus ROG MAXIMUS XI EXTREME',''),('asus-rog-maximus-xi-formula','Asus','ROG MAXIMUS XI FORMULA','Z390','LGA1151','ATX',4,'128 GB','Asus ROG MAXIMUS XI FORMULA',''),('asus-rog-maximus-xi-hero','Asus','ROG MAXIMUS XI HERO','Z390','LGA1151','ATX',4,'128 GB','Asus ROG MAXIMUS XI HERO',''),('asus-rog-maximus-xi-hero-(wi-fi)','Asus','ROG MAXIMUS XI HERO (WI-FI)','Z390','LGA1151','ATX',4,'128 GB','Asus ROG MAXIMUS XI HERO (WI-FI)',''),('asus-rog-maximus-xii-apex','Asus','ROG MAXIMUS XII APEX','Z490','LGA1200','ATX',2,'64 GB','Asus ROG MAXIMUS XII APEX',''),('asus-rog-maximus-xii-extreme','Asus','ROG MAXIMUS XII EXTREME','Z490','LGA1200','EATX',4,'128 GB','Asus ROG MAXIMUS XII EXTREME',''),('asus-rog-maximus-xii-formula','Asus','ROG MAXIMUS XII FORMULA','Z490','LGA1200','ATX',4,'128 GB','Asus ROG MAXIMUS XII FORMULA',''),('asus-rog-maximus-xii-hero-(wi-fi)','Asus','ROG MAXIMUS XII HERO (WI-FI)','Z490','LGA1200','ATX',4,'128 GB','Asus ROG MAXIMUS XII HERO (WI-FI)',''),('asus-rog-strix-b360-f-gaming','Asus','ROG STRIX -F GAMING','B360','LGA1151','ATX',4,'64 GB','Asus ROG STRIX B360-F GAMING',''),('asus-rog-strix-b360-g-gaming','Asus','ROG STRIX -G GAMING','B360','LGA1151','Micro ATX',4,'64 GB','Asus ROG STRIX B360-G GAMING',''),('asus-rog-strix-b360-i-gaming','Asus','ROG STRIX -I GAMING','B360','LGA1151','Mini ITX',2,'32 GB','Asus ROG STRIX B360-I GAMING',''),('asus-rog-strix-b365-f-gaming','Asus','ROG STRIX -F GAMING','B365','LGA1151','ATX',4,'64 GB','Asus ROG STRIX B365-F GAMING',''),('asus-rog-strix-b365-g-gaming','Asus','ROG STRIX -G GAMING','B365','LGA1151','Micro ATX',4,'64 GB','Asus ROG STRIX B365-G GAMING',''),('asus-rog-strix-b450-f-gaming','Asus','ROG STRIX -F GAMING','B450','AM4','ATX',4,'64 GB','Asus ROG STRIX B450-F GAMING',''),('asus-rog-strix-b460-f-gaming','Asus','ROG STRIX -F GAMING','B460','LGA1200','ATX',4,'128 GB','Asus ROG STRIX B460-F GAMING',''),('asus-rog-strix-b460-g-gaming','Asus','ROG STRIX -G GAMING','B460','LGA1200','Micro ATX',4,'128 GB','Asus ROG STRIX B460-G GAMING',''),('asus-rog-strix-b460-h-gaming','Asus','ROG STRIX -H GAMING','B460','LGA1200','ATX',4,'128 GB','Asus ROG STRIX B460-H GAMING',''),('asus-rog-strix-b460-i-gaming','Asus','ROG STRIX -I GAMING','B460','LGA1200','Mini ITX',2,'64 GB','Asus ROG STRIX B460-I GAMING',''),('asus-rog-strix-b550-e-gaming','Asus','ROG STRIX -E GAMING','B550','AM4','ATX',4,'128 GB','Asus ROG STRIX B550-E GAMING',''),('asus-rog-strix-b550-f-gaming','Asus','ROG STRIX -F GAMING','B550','AM4','ATX',4,'128 GB','Asus ROG STRIX B550-F GAMING',''),('asus-rog-strix-b550-f-gaming-(wi-fi)','Asus','ROG STRIX -F GAMING (WI-FI)','B550','AM4','ATX',4,'128 GB','Asus ROG STRIX B550-F GAMING (WI-FI)',''),('asus-rog-strix-b550-i-gaming','Asus','ROG STRIX -I GAMING','B550','AM4','Mini ITX',2,'64 GB','Asus ROG STRIX B550-I GAMING',''),('asus-rog-strix-x570-f-gaming','Asus','ROG Strix -F Gaming','X570','AM4','ATX',4,'128 GB','Asus ROG Strix X570-F Gaming',''),('asus-rog-strix-z370-i-gaming','Asus','ROG Strix -I Gaming','Z370','LGA1151','Mini ITX',2,'32 GB','Asus ROG Strix Z370-I Gaming',''),('asus-rog-strix-z390-e-gaming','Asus','ROG STRIX -E GAMING','Z390','LGA1151','ATX',4,'128 GB','Asus ROG STRIX Z390-E GAMING',''),('asus-rog-strix-z390-f-gaming','Asus','ROG STRIX -F GAMING','Z390','LGA1151','ATX',4,'128 GB','Asus ROG STRIX Z390-F GAMING',''),('asus-rog-strix-z390-h-gaming','Asus','ROG STRIX -H GAMING','Z390','LGA1151','ATX',4,'128 GB','Asus ROG STRIX Z390-H GAMING',''),('asus-rog-strix-z390-i-gaming','Asus','ROG STRIX -I GAMING','Z390','LGA1151','Mini ITX',2,'64 GB','Asus ROG STRIX Z390-I GAMING',''),('asus-rog-strix-z490-a-gaming','Asus','ROG STRIX -A GAMING','Z490','LGA1200','ATX',4,'128 GB','Asus ROG STRIX Z490-A GAMING',''),('asus-rog-strix-z490-f-gaming','Asus','ROG STRIX -F GAMING','Z490','LGA1200','ATX',4,'128 GB','Asus ROG STRIX Z490-F GAMING',''),('asus-rog-strix-z490-g-gaming','Asus','ROG STRIX -G GAMING','Z490','LGA1200','Micro ATX',4,'128 GB','Asus ROG STRIX Z490-G GAMING',''),('asus-rog-strix-z490-g-gaming-(wi-fi)','Asus','ROG STRIX -G GAMING (WI-FI)','Z490','LGA1200','Micro ATX',4,'128 GB','Asus ROG STRIX Z490-G GAMING (WI-FI)',''),('asus-rog-strix-z490-h-gaming','Asus','ROG STRIX -H GAMING','Z490','LGA1200','ATX',4,'128 GB','Asus ROG STRIX Z490-H GAMING',''),('asus-rog-strix-z490-i-gaming','Asus','ROG STRIX -I GAMING','Z490','LGA1200','Mini ITX',2,'64 GB','Asus ROG STRIX Z490-I GAMING',''),('asus-strix-b350-f-gaming','Asus','STRIX -F GAMING','B350','AM4','ATX',4,'64 GB','Asus STRIX B350-F GAMING',''),('asus-tuf-gaming-a520m-plus','Asus','TUF GAMING M-PLUS','A520','AM4','Micro ATX',4,'128 GB','Asus TUF GAMING A520M-PLUS',''),('asus-tuf-gaming-b460-plus','Asus','TUF GAMING -PLUS','B460','LGA1200','ATX',4,'128 GB','Asus TUF GAMING B460-PLUS',''),('asus-tuf-gaming-b460-pro-(wi-fi)','Asus','TUF GAMING -PRO (WI-FI)','B460','LGA1200','ATX',4,'128 GB','Asus TUF GAMING B460-PRO (WI-FI)',''),('asus-tuf-gaming-b460m-plus','Asus','TUF GAMING M-PLUS','B460','LGA1200','Micro ATX',4,'128 GB','Asus TUF GAMING B460M-PLUS',''),('asus-tuf-gaming-b460m-plus-(wi-fi)','Asus','TUF GAMING M-PLUS (WI-FI)','B460','LGA1200','Micro ATX',4,'128 GB','Asus TUF GAMING B460M-PLUS (WI-FI)',''),('asus-tuf-gaming-b550-plus','Asus','TUF GAMING -PLUS','B550','AM4','ATX',4,'128 GB','Asus TUF GAMING B550-PLUS',''),('asus-tuf-gaming-b550m-plus','Asus','TUF GAMING M-PLUS','B550','AM4','Micro ATX',4,'128 GB','Asus TUF GAMING B550M-PLUS',''),('asus-tuf-gaming-z490-plus','Asus','TUF GAMING -PLUS','Z490','LGA1200','ATX',4,'128 GB','Asus TUF GAMING Z490-PLUS',''),('asus-tuf-gaming-z490-plus-(wi-fi)','Asus','TUF GAMING -PLUS (WI-FI)','Z490','LGA1200','ATX',4,'128 GB','Asus TUF GAMING Z490-PLUS (WI-FI)',''),('asus-tuf-z390-plus-gaming','Asus','TUF -PLUS GAMING','Z390','LGA1151','ATX',4,'128 GB','Asus TUF Z390-PLUS GAMING',''),('asus-ws-z390-pro','Asus','WS PRO','Z390','LGA1151','ATX',4,'128 GB','Asus WS Z390 PRO',''),('gigabyte-a520-aorus-elite','Gigabyte','AORUS ELITE','A520','AM4','ATX',4,'128 GB','Gigabyte A520 AORUS ELITE',''),('gigabyte-a520i-ac','Gigabyte','I AC','A520','AM4','Mini ITX',2,'64 GB','Gigabyte A520I AC',''),('gigabyte-a520m-aorus-elite','Gigabyte','M AORUS ELITE','A520','AM4','Micro ATX',4,'128 GB','Gigabyte A520M AORUS ELITE',''),('gigabyte-a520m-s2h','Gigabyte','M S2H','A520','AM4','Micro ATX',2,'64 GB','Gigabyte A520M S2H',''),('gigabyte-b360-aorus-gaming-3','Gigabyte','AORUS GAMING 3','B360','LGA1151','ATX',4,'64 GB','Gigabyte B360 AORUS GAMING 3',''),('gigabyte-b360m-aorus-gaming-3','Gigabyte','M AORUS GAMING 3','B360','LGA1151','Micro ATX',4,'64 GB','Gigabyte B360M AORUS GAMING 3',''),('gigabyte-b360m-d2v','Gigabyte','M D2V','B360','LGA1151','Micro ATX',2,'32 GB','Gigabyte B360M D2V',''),('gigabyte-b365-m-aorus-elite','Gigabyte','M AORUS ELITE','B365','LGA1151','Micro ATX',4,'64 GB','Gigabyte B365 M AORUS ELITE',''),('gigabyte-b365m-d2v','Gigabyte','M D2V','B365','LGA1151','Micro ATX',2,'32 GB','Gigabyte B365M D2V',''),('gigabyte-b450-aorus-m','Gigabyte','AORUS M','B450','AM4','Micro ATX',4,'64 GB','Gigabyte B450 AORUS M',''),('gigabyte-b450m-aorus-elite','Gigabyte','M AORUS ELITE','B450','AM4','Micro ATX',4,'128 GB','Gigabyte B450M AORUS ELITE',''),('gigabyte-b460-aorus-pro-ac','Gigabyte','AORUS PRO AC','B460','LGA1200','ATX',4,'128 GB','Gigabyte B460 AORUS PRO AC',''),('gigabyte-b460-hd3','Gigabyte','HD3','B460','LGA1200','ATX',4,'128 GB','Gigabyte B460 HD3',''),('gigabyte-b460m-aorus-pro','Gigabyte','M AORUS PRO','B460','LGA1200','Micro ATX',4,'128 GB','Gigabyte B460M AORUS PRO',''),('gigabyte-b460m-d2v','Gigabyte','M D2V','B460','LGA1200','Micro ATX',2,'64 GB','Gigabyte B460M D2V',''),('gigabyte-b550-aorus-elite','Gigabyte','AORUS ELITE','B550','AM4','ATX',4,'128 GB','Gigabyte B550 AORUS ELITE',''),('gigabyte-b550-aorus-master','Gigabyte','AORUS MASTER','B550','AM4','ATX',4,'128 GB','Gigabyte B550 AORUS MASTER',''),('gigabyte-b550-aorus-pro-ac','Gigabyte','AORUS PRO AC','B550','AM4','ATX',4,'128 GB','Gigabyte B550 AORUS PRO AC',''),('gigabyte-b550-aorus-pro-ax','Gigabyte','AORUS PRO AX','B550','AM4','ATX',4,'128 GB','Gigabyte B550 AORUS PRO AX',''),('gigabyte-b550-gaming-x','Gigabyte','GAMING X','B550','AM4','ATX',4,'128 GB','Gigabyte B550 GAMING X',''),('gigabyte-b550-vision-d','Gigabyte','VISION D','B550','AM4','ATX',4,'128 GB','Gigabyte B550 VISION D',''),('gigabyte-b550i-aorus-pro-ax','Gigabyte','I AORUS PRO AX','B550','AM4','Mini ITX',2,'64 GB','Gigabyte B550I AORUS PRO AX',''),('gigabyte-b550m-ds3h','Gigabyte','M DS3H','B550','AM4','Micro ATX',4,'128 GB','Gigabyte B550M DS3H',''),('gigabyte-h310m-ds2','Gigabyte','M DS2','H310','LGA1151','Micro ATX',2,'32 GB','Gigabyte H310M DS2',''),('gigabyte-h310m-s2h','Gigabyte','M S2H','H310','LGA1151','Micro ATX',2,'32 GB','Gigabyte H310M S2H',''),('gigabyte-h410m-ds2v','Gigabyte','M DS2V','H410','LGA1200','Micro ATX',2,'64 GB','Gigabyte H410M DS2V',''),('gigabyte-h410m-h','Gigabyte','M H','H410','LGA1200','Micro ATX',2,'64 GB','Gigabyte H410M H',''),('gigabyte-h410m-s2h','Gigabyte','M S2H','H410','LGA1200','Micro ATX',2,'64 GB','Gigabyte H410M S2H',''),('gigabyte-x570-aorus-elite','Gigabyte','AORUS ELITE','X570','AM4','ATX',4,'128 GB','Gigabyte X570 AORUS ELITE',''),('gigabyte-x570-aorus-master','Gigabyte','AORUS MASTER','X570','AM4','ATX',4,'128 GB','Gigabyte X570 AORUS MASTER',''),('gigabyte-x570-aorus-ultra','Gigabyte','AORUS ULTRA','X570','AM4','ATX',4,'128 GB','Gigabyte X570 AORUS ULTRA',''),('gigabyte-x570-aorus-xtreme','Gigabyte','AORUS XTREME','X570','AM4','EATX',4,'128 GB','Gigabyte X570 AORUS XTREME',''),('gigabyte-x570-i-aorus-pro-wifi','Gigabyte','I AORUS PRO WIFI','X570','AM4','Mini ITX',2,'64 GB','Gigabyte X570 I AORUS PRO WIFI',''),('gigabyte-x570-ud','Gigabyte','UD','X570','AM4','ATX',4,'128 GB','Gigabyte X570 UD',''),('gigabyte-z390-aorus-elite','Gigabyte','AORUS ELITE','Z390','LGA1151','ATX',4,'128 GB','Gigabyte Z390 AORUS ELITE',''),('gigabyte-z390-aorus-master','Gigabyte','AORUS MASTER','Z390','LGA1151','ATX',4,'128 GB','Gigabyte Z390 AORUS MASTER',''),('gigabyte-z390-aorus-pro-wifi','Gigabyte','AORUS PRO WIFI','Z390','LGA1151','ATX',4,'128 GB','Gigabyte Z390 AORUS PRO WIFI',''),('gigabyte-z390-aorus-ultra','Gigabyte','AORUS ULTRA','Z390','LGA1151','ATX',4,'128 GB','Gigabyte Z390 AORUS ULTRA',''),('gigabyte-z390-aorus-xtreme-waterforce','Gigabyte','AORUS XTREME WATERFORCE','Z390','LGA1151','EATX',4,'128 GB','Gigabyte Z390 AORUS XTREME WATERFORCE',''),('gigabyte-z390-i-aorus-pro-wifi','Gigabyte','I AORUS PRO WIFI','Z390','LGA1151','Mini ITX',2,'64 GB','Gigabyte Z390 I AORUS PRO WIFI',''),('gigabyte-z390-ud','Gigabyte','UD','Z390','LGA1151','ATX',4,'128 GB','Gigabyte Z390 UD',''),('gigabyte-z490-aorus-elite','Gigabyte','AORUS ELITE','Z490','LGA1200','ATX',4,'128 GB','Gigabyte Z490 AORUS ELITE',''),('gigabyte-z490-aorus-master','Gigabyte','AORUS MASTER','Z490','LGA1200','ATX',4,'128 GB','Gigabyte Z490 AORUS MASTER',''),('gigabyte-z490-aorus-pro-ax','Gigabyte','AORUS PRO AX','Z490','LGA1200','ATX',4,'128 GB','Gigabyte Z490 AORUS PRO AX',''),('gigabyte-z490-aorus-ultra','Gigabyte','AORUS ULTRA','Z490','LGA1200','ATX',4,'128 GB','Gigabyte Z490 AORUS ULTRA',''),('gigabyte-z490-aorus-ultra-g2','Gigabyte','AORUS ULTRA G2','Z490','LGA1200','ATX',4,'128 GB','Gigabyte Z490 AORUS ULTRA G2',''),('gigabyte-z490-aorus-xtreme','Gigabyte','AORUS XTREME','Z490','LGA1200','EATX',4,'128 GB','Gigabyte Z490 AORUS XTREME',''),('gigabyte-z490-aorus-xtreme-waterforce','Gigabyte','AORUS XTREME WATERFORCE','Z490','LGA1200','EATX',4,'128 GB','Gigabyte Z490 AORUS XTREME WATERFORCE',''),('gigabyte-z490-gaming-x','Gigabyte','GAMING X','Z490','LGA1200','ATX',4,'128 GB','Gigabyte Z490 GAMING X',''),('gigabyte-z490-ud','Gigabyte','UD','Z490','LGA1200','ATX',4,'128 GB','Gigabyte Z490 UD',''),('gigabyte-z490-vision-d','Gigabyte','VISION D','Z490','LGA1200','ATX',4,'128 GB','Gigabyte Z490 VISION D',''),('gigabyte-z490-vision-g','Gigabyte','VISION G','Z490','LGA1200','ATX',4,'128 GB','Gigabyte Z490 VISION G',''),('gigabyte-z490i-aorus-ultra','Gigabyte','I AORUS ULTRA','Z490','LGA1200','Mini ITX',2,'64 GB','Gigabyte Z490I AORUS ULTRA',''),('msi-a320m-a-pro','MSI','M-A PRO','A320','AM4','Micro ATX',2,'64 GB','MSI A320M-A PRO',''),('msi-a320m-a-pro-max','MSI','M-A PRO MAX','A320','AM4','Micro ATX',2,'32 GB','MSI A320M-A PRO MAX',''),('msi-a320m-pro-m2-v2','MSI','M PRO-M2 V2','A320','AM4','Micro ATX',2,'32 GB','MSI A320M PRO-M2 V2',''),('msi-a320m-pro-vd/s','MSI','M PRO-VD/S','A320','AM4','Micro ATX',2,'32 GB','MSI A320M PRO-VD/S',''),('msi-a520m-a-pro','MSI','M-A PRO','A520','AM4','Micro ATX',2,'64 GB','MSI A520M-A PRO',''),('msi-b360m-bazooka','MSI','M BAZOOKA','B360','LGA1151','Micro ATX',4,'64 GB','MSI B360M BAZOOKA',''),('msi-b360m-mortar','MSI','M MORTAR','B360','LGA1151','Micro ATX',4,'64 GB','MSI B360M MORTAR',''),('msi-b365m-pro-vh','MSI','M-PRO-VH','B365','LGA1151','Micro ATX',2,'32 GB','MSI B365M-PRO-VH',''),('msi-b450-gaming-plus-max','MSI','Gaming Plus MAX','B450','AM4','ATX',4,'64 GB','MSI B450 Gaming Plus MAX',''),('msi-b450-tomahawk-max','MSI','TOMAHAWK MAX','B450','AM4','ATX',4,'64 GB','MSI B450 TOMAHAWK MAX',''),('msi-b450m-a-pro-max','MSI','M-A PRO MAX','B450','AM4','Micro ATX',2,'32 GB','MSI B450M-A PRO MAX',''),('msi-b450m-bazooka-plus','MSI','M BAZOOKA PLUS','B450','AM4','Micro ATX',4,'64 GB','MSI B450M BAZOOKA PLUS',''),('msi-b450m-mortar-max','MSI','M MORTAR MAX','B450','AM4','Micro ATX',4,'64 GB','MSI B450M MORTAR MAX',''),('msi-b450m-pro-m2-max','MSI','M PRO-M2 MAX','B450','AM4','Micro ATX',2,'32 GB','MSI B450M PRO-M2 MAX',''),('msi-b450m-pro-m2-v2','MSI','M PRO-M2 V2','B450','AM4','Micro ATX',2,'32 GB','MSI B450M PRO-M2 V2',''),('msi-b450m-pro-vdh-max','MSI','M PRO-VDH MAX','B450','AM4','Micro ATX',4,'64 GB','MSI B450M PRO-VDH MAX',''),('msi-b460m-a-pro','MSI','M-A PRO','B460','LGA1200','Micro ATX',2,'64 GB','MSI B460M-A PRO',''),('msi-b460m-pro-vdh-wifi','MSI','M PRO-VDH WIFI','B460','LGA1200','Micro ATX',4,'128 GB','MSI B460M PRO-VDH WIFI',''),('msi-b550m-pro-vdh-wifi','MSI','M PRO-VDH WIFI','B550','AM4','Micro ATX',4,'128 GB','MSI B550M PRO-VDH WIFI',''),('msi-h310m-pro-d','MSI','M PRO-D','H310','LGA1151','Micro ATX',2,'32 GB','MSI H310M PRO-D',''),('msi-h310m-pro-vd','MSI','M PRO-VD','H310','LGA1151','Micro ATX',2,'32 GB','MSI H310M PRO-VD',''),('msi-h310m-pro-vdh-plus','MSI','M PRO-VDH PLUS','H310','LGA1151','Micro ATX',2,'32 GB','MSI H310M PRO-VDH PLUS',''),('msi-h310m-pro-vhl','MSI','M PRO-VHL','H310','LGA1151','Micro ATX',2,'32 GB','MSI H310M PRO-VHL',''),('msi-h310m-pro-vl','MSI','M PRO-VL','H310','LGA1151','Micro ATX',2,'32 GB','MSI H310M PRO-VL',''),('msi-h410m-a-pro','MSI','M-A PRO','H410','LGA1200','Micro ATX',2,'64 GB','MSI H410M-A PRO',''),('msi-h410m-pro','MSI','M PRO','H410','LGA1200','Micro ATX',2,'64 GB','MSI H410M PRO',''),('msi-mag-b365m-mortar','MSI','MAG M MORTAR','B365','LGA1151','Micro ATX',4,'64 GB','MSI MAG B365M MORTAR',''),('msi-mag-b460-tomahawk','MSI','MAG TOMAHAWK','B460','LGA1200','ATX',4,'128 GB','MSI MAG B460 TOMAHAWK',''),('msi-mag-b460m-bazooka','MSI','MAG M BAZOOKA','B460','LGA1200','Micro ATX',4,'128 GB','MSI MAG B460M BAZOOKA',''),('msi-mag-b460m-mortar','MSI','MAG M MORTAR','B460','LGA1200','Micro ATX',4,'128 GB','MSI MAG B460M MORTAR',''),('msi-mag-b460m-mortar-wifi','MSI','MAG M MORTAR WIFI','B460','LGA1200','Micro ATX',4,'128 GB','MSI MAG B460M MORTAR WIFI',''),('msi-mag-b550-tomahawk','MSI','MAG TOMAHAWK','B550','AM4','ATX',4,'128 GB','MSI MAG B550 TOMAHAWK',''),('msi-mag-b550m-mortar','MSI','MAG M MORTAR','B550','AM4','Micro ATX',4,'128 GB','MSI MAG B550M MORTAR',''),('msi-mag-b550m-mortar-wifi','MSI','MAG M MORTAR WIFI','B550','AM4','Micro ATX',4,'128 GB','MSI MAG B550M MORTAR WIFI',''),('msi-mag-z390-tomahawk','MSI','MAG TOMAHAWK','Z390','LGA1151','ATX',4,'128 GB','MSI MAG Z390 TOMAHAWK',''),('msi-mag-z490-tomahawk','MSI','MAG TOMAHAWK','Z490','LGA1200','ATX',4,'128 GB','MSI MAG Z490 TOMAHAWK',''),('msi-meg-x570-ace','MSI','MEG ACE','X570','AM4','ATX',4,'128 GB','MSI MEG X570 ACE',''),('msi-meg-x570-godlike','MSI','MEG GODLIKE','X570','AM4','EATX',4,'128 GB','MSI MEG X570 GODLIKE',''),('msi-meg-z390-ace','MSI','MEG ACE','Z390','LGA1151','ATX',4,'128 GB','MSI MEG Z390 ACE',''),('msi-meg-z390-godlike','MSI','MEG GODLIKE','Z390','LGA1151','EATX',4,'128 GB','MSI MEG Z390 GODLIKE',''),('msi-meg-z490-ace','MSI','MEG ACE','Z490','LGA1200','ATX',4,'128 GB','MSI MEG Z490 ACE',''),('msi-meg-z490-godlike','MSI','MEG GODLIKE','Z490','LGA1200','EATX',4,'128 GB','MSI MEG Z490 GODLIKE',''),('msi-meg-z490-unify','MSI','MEG UNIFY','Z490','LGA1200','ATX',4,'128 GB','MSI MEG Z490 UNIFY',''),('msi-meg-z490i-unify','MSI','MEG I UNIFY','Z490','LGA1200','Mini ITX',2,'64 GB','MSI MEG Z490I UNIFY',''),('msi-mpg-x570-gaming-edge-wifi','MSI','MPG GAMING EDGE WIFI','X570','AM4','ATX',4,'128 GB','MSI MPG X570 GAMING EDGE WIFI',''),('msi-mpg-x570-gaming-plus','MSI','MPG GAMING PLUS','X570','AM4','ATX',4,'128 GB','MSI MPG X570 GAMING PLUS',''),('msi-mpg-x570-gaming-pro-carbon-wifi','MSI','MPG GAMING PRO CARBON WIFI','X570','AM4','ATX',4,'128 GB','MSI MPG X570 GAMING PRO CARBON WIFI',''),('msi-mpg-z390-gaming-edge-ac','MSI','MPG GAMING EDGE AC','Z390','LGA1151','ATX',4,'128 GB','MSI MPG Z390 GAMING EDGE AC',''),('msi-mpg-z390-gaming-pro-carbon','MSI','MPG GAMING PRO CARBON','Z390','LGA1151','ATX',4,'128 GB','MSI MPG Z390 GAMING PRO CARBON',''),('msi-mpg-z390i-gaming-edge-ac','MSI','MPG I GAMING EDGE AC','Z390','LGA1151','Mini ITX',2,'64 GB','MSI MPG Z390I GAMING EDGE AC',''),('msi-mpg-z390m-gaming-edge-ac','MSI','MPG M GAMING EDGE AC','Z390','LGA1151','Micro ATX',4,'128 GB','MSI MPG Z390M GAMING EDGE AC',''),('msi-mpg-z490-gaming-carbon-wifi','MSI','MPG GAMING CARBON WIFI','Z490','LGA1200','ATX',4,'128 GB','MSI MPG Z490 GAMING CARBON WIFI',''),('msi-mpg-z490-gaming-edge-wifi','MSI','MPG GAMING EDGE WIFI','Z490','LGA1200','ATX',4,'128 GB','MSI MPG Z490 GAMING EDGE WIFI',''),('msi-mpg-z490-gaming-plus','MSI','MPG GAMING PLUS','Z490','LGA1200','ATX',4,'128 GB','MSI MPG Z490 GAMING PLUS',''),('msi-prestige-x570-creation','MSI','PRESTIGE CREATION','X570','AM4','EATX',4,'128 GB','MSI PRESTIGE X570 CREATION',''),('msi-z490-a-pro','MSI','-A PRO','Z490','LGA1200','ATX',4,'128 GB','MSI Z490-A PRO','');
/*!40000 ALTER TABLE `mainboard` ENABLE KEYS */;
UNLOCK TABLES;

--
-- Table structure for table `mainboard_price_list`
--

DROP TABLE IF EXISTS `mainboard_price_list`;
/*!40101 SET @saved_cs_client     = @@character_set_client */;
/*!50503 SET character_set_client = utf8mb4 */;
CREATE TABLE `mainboard_price_list` (
  `Id` int NOT NULL AUTO_INCREMENT,
  `link` text NOT NULL,
  `name` text NOT NULL,
  `price` int NOT NULL,
  `rid` int NOT NULL,
  `fid` varchar(100) NOT NULL,
  PRIMARY KEY (`Id`),
  KEY `fid` (`fid`),
  KEY `mainboard_price_list_ibfk_2_idx` (`rid`),
  CONSTRAINT `mainboard_price_list_ibfk_1` FOREIGN KEY (`fid`) REFERENCES `mainboard` (`ID`),
  CONSTRAINT `mainboard_price_list_ibfk_2` FOREIGN KEY (`rid`) REFERENCES `retailer` (`ID`)
) ENGINE=InnoDB AUTO_INCREMENT=329 DEFAULT CHARSET=utf8;
/*!40101 SET character_set_client = @saved_cs_client */;

--
-- Dumping data for table `mainboard_price_list`
--

LOCK TABLES `mainboard_price_list` WRITE;
/*!40000 ALTER TABLE `mainboard_price_list` DISABLE KEYS */;
INSERT INTO `mainboard_price_list` VALUES (1,'https://www.anphatpc.com.vn/mainboard-asus-rog-strix-b550-f-gaming-wi-fi_id35879.html','Mainboard ASUS ROG STRIX B550-F GAMING (WI-FI)',5199000,3,'asus-rog-strix-b550-f-gaming-(wi-fi)'),(2,'https://www.anphatpc.com.vn/mainboard-asus-tuf-gaming-b460m-plus-wi-fi_id33009.html','Mainboard ASUS TUF GAMING B460M-PLUS (WI-FI)',2799000,3,'asus-tuf-gaming-b460m-plus-(wi-fi)'),(3,'https://www.anphatpc.com.vn/mainboard-msi-mpg-x570-gaming-pro-carbon-wifi_id29880.html','Mainboard MSI MPG X570 GAMING PRO CARBON WIFI ',7099000,3,'msi-mpg-x570-gaming-pro-carbon-wifi'),(4,'https://www.anphatpc.com.vn/mainboard-msi-mpg-z490-gaming-edge-wifi_id33001.html','Mainboard MSI MPG Z490 GAMING EDGE WIFI',6199000,3,'msi-mpg-z490-gaming-edge-wifi'),(5,'https://www.anphatpc.com.vn/mainboard-msi-mpg-x570-gaming-edge-wifi_id29879.html','Mainboard MSI MPG X570 GAMING EDGE WIFI',6199000,3,'msi-mpg-x570-gaming-edge-wifi'),(6,'https://www.anphatpc.com.vn/mainboard-asus-rog-strix-b460-g-gaming_id33006.html','Mainboard ASUS ROG STRIX B460-G GAMING',2899000,3,'asus-rog-strix-b460-g-gaming'),(7,'https://www.anphatpc.com.vn/mainboard-asus-rog-strix-b460-f-gaming_id33000.html','Mainboard ASUS ROG STRIX B460-F GAMING',3649000,3,'asus-rog-strix-b460-f-gaming'),(8,'https://www.anphatpc.com.vn/mainboard-asus-rog-strix-b460-i-gaming_id33004.html','Mainboard ASUS ROG STRIX B460-I GAMING',3599000,3,'asus-rog-strix-b460-i-gaming'),(9,'https://www.anphatpc.com.vn/mainboard-msi-mpg-z490-gaming-carbon-wifi_id33003.html','Mainboard MSI MPG Z490 GAMING CARBON WIFI',7199000,3,'msi-mpg-z490-gaming-carbon-wifi'),(10,'https://www.anphatpc.com.vn/mainboard-msi-meg-z490i-unify_id35927.html','Mainboard MSI MEG Z490I UNIFY',6649000,3,'msi-meg-z490i-unify'),(11,'https://www.anphatpc.com.vn/mainboard-asus-rog-strix-b460-h-gaming_id33005.html','Mainboard ASUS ROG STRIX B460-H GAMING',3099000,3,'asus-rog-strix-b460-h-gaming'),(12,'https://www.anphatpc.com.vn/mainboard-gigabyte-b365-m-aorus-elite_id30716.html','Mainboard GIGABYTE B365 M AORUS ELITE',2199000,3,'gigabyte-b365-m-aorus-elite'),(13,'https://www.anphatpc.com.vn/mainboard-gigabyte-b550i-aorus-pro-ax_id33541.html','Mainboard GIGABYTE B550I AORUS PRO AX',4999000,3,'gigabyte-b550i-aorus-pro-ax'),(14,'https://www.anphatpc.com.vn/mainboard-asus-rog-strix-b550-f-gaming_id33564.html','Mainboard ASUS ROG STRIX B550-F GAMING',4749000,3,'asus-rog-strix-b550-f-gaming'),(15,'https://www.anphatpc.com.vn/mainboard-asus-rog-strix-b550-i-gaming_id33565.html','Mainboard ASUS ROG STRIX B550-I GAMING',4949000,3,'asus-rog-strix-b550-i-gaming'),(16,'https://www.anphatpc.com.vn/mainboard-asrock-b460-steel-legend_id32974.html','Mainboard ASROCK B460 Steel Legend',3199000,3,'asrock-b460-steel-legend'),(17,'https://www.anphatpc.com.vn/mainboard-gigabyte-z490-aorus-xtreme-waterforce_id32995.html','Mainboard GIGABYTE Z490 AORUS XTREME WATERFORCE',29889000,3,'gigabyte-z490-aorus-xtreme-waterforce'),(18,'https://www.anphatpc.com.vn/mainboard-asus-rog-strix-b550-e-gaming_id33559.html','Mainboard ASUS ROG STRIX B550-E GAMING',6349000,3,'asus-rog-strix-b550-e-gaming'),(19,'https://www.anphatpc.com.vn/mainboard-asrock-b460-phantom-gaming-4_id32976.html','Mainboard ASROCK B460 Phantom Gaming 4',2299000,3,'asrock-b460-phantom-gaming-4'),(20,'https://www.anphatpc.com.vn/mainboard-msi-mag-b460-tomahawk_id33366.html','Mainboard MSI MAG B460 TOMAHAWK',3499000,3,'msi-mag-b460-tomahawk'),(21,'https://www.anphatpc.com.vn/mainboard-gigabyte-z490i-aorus-ultra_id32928.html','Mainboard GIGABYTE Z490I AORUS ULTRA',6989000,3,'gigabyte-z490i-aorus-ultra'),(22,'https://www.anphatpc.com.vn/mainboard-asrock-b460m-steel-legend_id32978.html','Mainboard ASROCK B460M Steel Legend',2649000,3,'asrock-b460m-steel-legend'),(23,'https://www.anphatpc.com.vn/mainboard-asrock-b550-steel-legend_id33548.html','Mainboard ASROCK B550 Steel Legend',4999000,3,'asrock-b550-steel-legend'),(24,'https://www.anphatpc.com.vn/mainboard-asrock-b550m-steel-legend_id33550.html','Mainboard ASROCK B550M Steel Legend',3599000,3,'asrock-b550m-steel-legend'),(25,'https://www.anphatpc.com.vn/mainboard-gigabyte-b460-aorus-pro-ac_id33389.html','Mainboard GIGABYTE B460 AORUS PRO AC',3999000,3,'gigabyte-b460-aorus-pro-ac'),(26,'https://www.anphatpc.com.vn/mainboard-msi-mag-b460m-mortar_id33368.html','Mainboard MSI MAG B460M MORTAR',2799000,3,'msi-mag-b460m-mortar'),(27,'https://www.anphatpc.com.vn/mainboard-msi-meg-z490-ace_id33007.html','Mainboard MSI MEG Z490 ACE',9899000,3,'msi-meg-z490-ace'),(28,'https://www.anphatpc.com.vn/mainboard-asrock-z490-steel-legend_id33020.html','Mainboard ASROCK Z490 Steel Legend',4699000,3,'asrock-z490-steel-legend'),(29,'https://www.anphatpc.com.vn/mainboard-msi-mag-b460m-bazooka_id33369.html','Mainboard MSI MAG B460M BAZOOKA',2599000,3,'msi-mag-b460m-bazooka'),(30,'https://www.anphatpc.com.vn/mainboard-msi-meg-z490-unify_id35929.html','Mainboard MSI MEG Z490 UNIFY ',8199000,3,'msi-meg-z490-unify'),(31,'https://www.anphatpc.com.vn/mainboard-gigabyte-z490-aorus-pro-ax_id32931.html','Mainboard GIGABYTE Z490 AORUS PRO AX',7089000,3,'gigabyte-z490-aorus-pro-ax'),(32,'https://www.anphatpc.com.vn/mainboard-msi-meg-z490-godlike_id33002.html','Mainboard MSI MEG Z490 GODLIKE',19999000,3,'msi-meg-z490-godlike'),(33,'https://www.anphatpc.com.vn/mainboard-asrock-b450m-pro4-f_id29055.html','Mainboard Asrock B450M Pro4-F',1699000,3,'asrock-b450m-pro4-f'),(34,'https://www.anphatpc.com.vn/mainboard-msi-b450m-mortar-am4-m-atx_id26798.html','Mainboard MSI B450M MORTAR MAX',2299000,3,'msi-b450m-mortar-max'),(35,'https://www.anphatpc.com.vn/mainboard-gigabyte-a520-aorus-elite_id34785.html','Mainboard GIGABYTE A520 AORUS ELITE ',2499000,3,'gigabyte-a520-aorus-elite'),(36,'https://www.anphatpc.com.vn/mainboard-asus-tuf-gaming-b460-plus_id33011.html','Mainboard ASUS TUF GAMING B460-PLUS',2599000,3,'asus-tuf-gaming-b460-plus'),(37,'https://www.anphatpc.com.vn/mainboard-gigabyte-z490-vision-g_id32916.html','Mainboard GIGABYTE Z490 VISION G',6049000,3,'gigabyte-z490-vision-g'),(38,'https://www.anphatpc.com.vn/mainboard-msi-mag-z490-tomahawk_id33013.html','Mainboard MSI MAG Z490 TOMAHAWK',5699000,3,'msi-mag-z490-tomahawk'),(39,'https://www.anphatpc.com.vn/mainboard-asrock-z490-phantom-gaming-4_id33030.html','Mainboard ASROCK Z490 Phantom Gaming 4',3099000,3,'asrock-z490-phantom-gaming-4'),(40,'https://www.anphatpc.com.vn/mainboard-gigabyte-z490-vision-d_id33189.html','Mainboard GIGABYTE Z490 VISION D',8399000,3,'gigabyte-z490-vision-d'),(41,'https://www.anphatpc.com.vn/mainboard-asus-prime-h410m-d_id33015.html','Mainboard ASUS PRIME H410M-D',1669000,3,'asus-prime-h410m-d'),(42,'https://www.anphatpc.com.vn/mainboard-asus-tuf-gaming-b460m-plus_id33008.html','Mainboard ASUS TUF GAMING B460M-PLUS',2399000,3,'asus-tuf-gaming-b460m-plus'),(43,'https://www.anphatpc.com.vn/mainboard-asus-prime-h410m-k_id33014.html','Mainboard ASUS PRIME H410M-K',1559000,3,'asus-prime-h410m-k'),(44,'https://www.anphatpc.com.vn/mainboard-msi-mpg-z490-gaming-plus_id33012.html','Mainboard MSI MPG Z490 GAMING PLUS',4499000,3,'msi-mpg-z490-gaming-plus'),(45,'https://www.anphatpc.com.vn/mainboard-asrock-z490m-itxac_id33034.html','Mainboard ASROCK Z490M-ITX/ac',4299000,3,'asrock-z490m-itx/ac'),(46,'https://www.anphatpc.com.vn/mainboard-asus-prime-b460m-k_id32996.html','Mainboard ASUS PRIME B460M-K',1809000,3,'asus-prime-b460m-k'),(47,'https://www.anphatpc.com.vn/mainboard-asus-prime-a520m-k_id34778.html','Mainboard ASUS PRIME A520M-K',1949000,3,'asus-prime-a520m-k'),(48,'https://www.anphatpc.com.vn/mainboard-asus-a320m-k-prime_id22988.html','Mainboard ASUS PRIME A320M-K',1199000,3,'asus-prime-a320m-k'),(49,'https://www.anphatpc.com.vn/mainboard-asus-tuf-gaming-b550-plus_id33567.html','Mainboard ASUS TUF GAMING B550-PLUS',3899000,3,'asus-tuf-gaming-b550-plus'),(50,'https://www.anphatpc.com.vn/mainboard-msi-mpg-x570-gaming-plus_id29878.html','Mainboard MSI MPG X570 GAMING PLUS',4499000,3,'msi-mpg-x570-gaming-plus'),(51,'https://www.anphatpc.com.vn/mainboard-asus-tuf-gaming-b550m-plus_id33569.html','Mainboard ASUS TUF GAMING B550M-PLUS',3749000,3,'asus-tuf-gaming-b550m-plus'),(52,'https://www.anphatpc.com.vn/mainboard-asus-tuf-gaming-a520m-plus_id34774.html','Mainboard ASUS TUF GAMING A520M-PLUS',2399000,3,'asus-tuf-gaming-a520m-plus'),(53,'https://www.anphatpc.com.vn/mainboard-gigabyte-z490-aorus-ultra_id32936.html','Mainboard GIGABYTE Z490 AORUS ULTRA',8689000,3,'gigabyte-z490-aorus-ultra'),(54,'https://www.anphatpc.com.vn/mainboard-asus-prime-h410m-e_id33017.html','Mainboard ASUS PRIME H410M-E',1649000,3,'asus-prime-h410m-e'),(55,'https://www.anphatpc.com.vn/mainboard-gigabyte-z490-aorus-master_id32938.html','Mainboard GIGABYTE Z490 AORUS MASTER',9499000,3,'gigabyte-z490-aorus-master'),(56,'https://www.anphatpc.com.vn/mainboard-asrock-h410m-hvs_id32989.html','Mainboard ASROCK H410M-HVS',1499000,3,'asrock-h410m-hvs'),(57,'https://www.anphatpc.com.vn/mainboard-asrock-b460m-itxac_id32980.html','Mainboard ASROCK B460M-ITX/ac',2699000,3,'asrock-b460m-itx/ac'),(58,'https://www.anphatpc.com.vn/mainboard-asrock-b550m-itx-ac_id33557.html','Mainboard ASROCK B550M-ITX/ac',3599000,3,'asrock-b550m-itx/ac'),(59,'https://www.anphatpc.com.vn/mainboard-gigabyte-a520m-aorus-elite_id34784.html','Mainboard GIGABYTE A520M AORUS ELITE ',2199000,3,'gigabyte-a520m-aorus-elite'),(60,'https://www.anphatpc.com.vn/mainboard-gigabyte-b550-aorus-elite_id33540.html','Mainboard GIGABYTE B550 AORUS ELITE',4399000,3,'gigabyte-b550-aorus-elite'),(61,'https://www.anphatpc.com.vn/mainboard-asus-prime-b550m-a_id33570.html','Mainboard ASUS PRIME B550M-A',2549000,3,'asus-prime-b550m-a'),(62,'https://www.anphatpc.com.vn/mainboard-asus-prime-a520m-e_id34777.html','Mainboard ASUS PRIME A520M-E',1999000,3,'asus-prime-a520m-e'),(63,'https://www.anphatpc.com.vn/mainboard-gigabyte-z490-aorus-elite_id32930.html','Mainboard GIGABYTE Z490 AORUS ELITE',5799000,3,'gigabyte-z490-aorus-elite'),(64,'https://www.anphatpc.com.vn/mainboard-gigabyte-h410m-ds2v_id33848.html','Mainboard GIGABYTE H410M DS2V',1749000,3,'gigabyte-h410m-ds2v'),(65,'https://www.anphatpc.com.vn/mainboard-asus-proart-z490-creator-10g-lga1200_id32907.html','Mainboard ASUS ProArt Z490-CREATOR 10G LGA1200 ',7199000,3,'asus-proart-z490-creator-10g'),(66,'https://www.anphatpc.com.vn/mainboard-gigabyte-z490-aorus-xtreme_id32993.html','Mainboard GIGABYTE Z490 AORUS XTREME',19999000,3,'gigabyte-z490-aorus-xtreme'),(67,'https://www.anphatpc.com.vn/mainboard-gigabyte-x570-aorus-elite_id32684.html','Mainboard GIGABYTE X570 AORUS ELITE',5199000,3,'gigabyte-x570-aorus-elite'),(68,'https://www.anphatpc.com.vn/mainboard-asrock-b460-pro4_id32977.html','Mainboard ASROCK B460 Pro4',2599000,3,'asrock-b460-pro4'),(69,'https://www.anphatpc.com.vn/mainboard-gigabyte-b460m-d2v_id32972.html','Mainboard GIGABYTE B460M D2V',1999000,3,'gigabyte-b460m-d2v'),(70,'https://www.anphatpc.com.vn/mainboard-gigabyte-b365m-d2v_id29214.html','Mainboard GIGABYTE B365M-D2V ',1749000,3,'gigabyte-b365m-d2v'),(71,'https://www.anphatpc.com.vn/mainboard-gigabyte-a520i-ac_id34786.html','Mainboard GIGABYTE A520I AC',2749000,3,'gigabyte-a520i-ac'),(72,'https://www.anphatpc.com.vn/mainboard-gigabyte-h410m-h_id33847.html','Mainboard GIGABYTE H410M H',1799000,3,'gigabyte-h410m-h'),(73,'https://www.anphatpc.com.vn/mainboard-gigabyte-h410m-s2h_id33849.html','Mainboard GIGABYTE H410M S2H',1849000,3,'gigabyte-h410m-s2h'),(74,'https://www.anphatpc.com.vn/mainboard-asrock-z490-taichi_id33016.html','Mainboard ASROCK Z490 Taichi',9999000,3,'asrock-z490-taichi'),(75,'https://www.anphatpc.com.vn/mainboard-asrock-b460m-pro4_id32981.html','Mainboard ASROCK B460M Pro4',2249000,3,'asrock-b460m-pro4'),(76,'https://www.anphatpc.com.vn/mainboard-asrock-z490-extreme4_id33019.html','Mainboard ASROCK Z490 Extreme4',4699000,3,'asrock-z490-extreme4'),(77,'https://www.anphatpc.com.vn/mainboard-gigabyte-z490-ud_id32924.html','Mainboard GIGABYTE Z490 UD',3999000,3,'gigabyte-z490-ud'),(78,'https://www.anphatpc.com.vn/mainboard-gigabyte-a520m-s2h_id34779.html','Mainboard GIGABYTE A520M S2H',1699000,3,'gigabyte-a520m-s2h'),(79,'https://www.anphatpc.com.vn/mainboard-gigabyte-x570-ud_id33229.html','Mainboard GIGABYTE X570 UD',4099000,3,'gigabyte-x570-ud'),(80,'https://www.anphatpc.com.vn/mainboard-asrock-b550m-pro4_id33555.html','Mainboard ASROCK B550M Pro4',2599000,3,'asrock-b550m-pro4'),(81,'https://www.anphatpc.com.vn/mainboard-asus-ex-b460m-v5_id32992.html','Mainboard ASUS EX-B460M-V5',1849000,3,'asus-ex-b360m-v5'),(82,'https://www.anphatpc.com.vn/mainboard-asrock-h410m-hdv_id32988.html','Mainboard ASROCK H410M-HDV',1599000,3,'asrock-h410m-hdvp'),(83,'https://www.anphatpc.com.vn/mainboard-asus-rog-strix-z490-h-gaming-lga1200_id32898.html','Mainboard ASUS ROG Strix Z490-H Gaming LGA1200',5699000,3,'asus-rog-strix-z490-h-gaming'),(84,'https://www.anphatpc.com.vn/mainboard-asus-rog-strix-z490-f-gaming-lga1200_id32896.html','Mainboard ASUS ROG Strix Z490-F Gaming LGA1200',6149000,3,'asus-rog-strix-z490-f-gaming'),(85,'https://www.anphatpc.com.vn/mainboard-asus-rog-maximus-xii-hero-wi-fi-z490-lga-1200_id32894.html','Mainboard ASUS ROG MAXIMUS XII HERO (WI-FI) Z490 LGA 1200 ',9499000,3,'asus-rog-maximus-xii-hero-(wi-fi)'),(86,'https://www.anphatpc.com.vn/mainboard-asus-rog-maximus-xii-formula-z490-lga1200_id32892.html','Mainboard ASUS ROG MAXIMUS XII FORMULA Z490 LGA1200',11599000,3,'asus-rog-maximus-xii-formula'),(87,'https://www.anphatpc.com.vn/mainboard-asus-rog-maximus-xii-extreme-z490-lga1200_id32891.html','Mainboard ASUS ROG MAXIMUS XII EXTREME Z490 LGA1200 ',17299000,3,'asus-rog-maximus-xii-extreme'),(88,'https://www.anphatpc.com.vn/mainboard-gigabyte-b460m-aorus-elite_id33990.html','Mainboard GIGABYTE B460M AORUS ELITE',2699000,3,'gigabyte-b450m-aorus-elite'),(89,'https://www.anphatpc.com.vn/mainboard-asus-prime-z490-p-lga1200_id32905.html','Mainboard ASUS PRIME Z490-P LGA1200',3899000,3,'asus-prime-z490-p'),(90,'https://www.anphatpc.com.vn/mainboard-asus-prime-z490m-plus-lga1200_id32906.html','Mainboard ASUS PRIME Z490M-PLUS LGA1200',3699000,3,'asus-prime-z490m-plus'),(91,'https://www.anphatpc.com.vn/mainboard-asus-rog-strix-z490-i-gaming-lga1200-itx_id32901.html','Mainboard ASUS ROG Strix Z490-I Gaming LGA1200 ITX',7199000,3,'asus-rog-strix-z490-i-gaming'),(92,'https://www.anphatpc.com.vn/mainboard-gigabyte-ga-h310m-ds2_id25794.html','Mainboard Gigabyte GA-H310M-DS2',1599000,3,'gigabyte-h310m-ds2'),(93,'https://www.anphatpc.com.vn/mainboard-mainboard-asus-ex-b365m-v5-1151v2-uatx_id29984.html','Mainboard ASUS EX-B365M-V5 1151v2 uATX ',1549000,3,'asus-ex-b360m-v5'),(94,'https://www.anphatpc.com.vn/mainboard-asrock-b450m-steel-legend-pink-edition_id34909.html','Mainboard ASROCK B450M Steel Legend (Pink Edition)',2299000,3,'asrock-b450m-steel-legend'),(95,'https://www.anphatpc.com.vn/mainboard-asus-rog-maximus-xii-apex-z490-lga-1200_id32893.html','Mainboard ASUS ROG MAXIMUS XII APEX Z490 LGA 1200',9799000,3,'asus-rog-maximus-xii-apex'),(96,'https://www.anphatpc.com.vn/mainboard-asrock-x570-taichi-am4-atx_id29853.html','Mainboard ASROCK X570 Taichi AM4 ATX',7999000,3,'asrock-x570-taichi'),(97,'https://www.hanoicomputer.vn/mainboard-asus-pro-ws-x570-ace','Mainboard Asus Pro WS X570-ACE',8989000,2,'asus-pro-ws-x570-ace'),(98,'https://www.hanoicomputer.vn/mainboard-asus-rog-strix-z370-i-gaming','Mainboard ASUS ROG STRIX Z370-I GAMING',5990000,2,'asus-rog-strix-z370-i-gaming'),(99,'https://www.hanoicomputer.vn/mainboard-asus-rog-strix-z390-h-gaming','Mainboard ASUS ROG STRIX Z390-H GAMING',4699000,2,'asus-rog-strix-z390-h-gaming'),(100,'https://www.hanoicomputer.vn/mainboard-msi-b550m-pro-vhd-wifi','Mainboard MSI B550M PRO-VDH WIFI',3199000,2,'msi-b550m-pro-vdh-wifi'),(101,'https://www.hanoicomputer.vn/mainboard-gigabyte-b360-aorus-gaming-3','Mainboard Gigabyte B360 Aorus Gaming 3',2999000,2,'gigabyte-b360-aorus-gaming-3'),(102,'https://www.hanoicomputer.vn/mainboard-gigabyte-b360m-aorus-gaming-3','Mainboard Gigabyte B360M Aorus Gaming 3',2199000,2,'gigabyte-b360m-aorus-gaming-3'),(103,'https://www.hanoicomputer.vn/mainboard-asus-ws-z390-pro','Mainboard ASUS WS Z390 PRO',11990000,2,'asus-ws-z390-pro'),(104,'https://www.hanoicomputer.vn/mainboard-msi-b460m-a-pro','Mainboard MSI B460M-A PRO',1899000,2,'msi-b460m-a-pro'),(105,'https://www.hanoicomputer.vn/mainboard-msi-b360m-bazooka','Mainboard MSI B360M BAZOOKA',2299000,2,'msi-b360m-bazooka'),(106,'https://www.hanoicomputer.vn/mainboard-msi-b360m-mortar','Mainboard MSI B360M MORTAR',2299000,2,'msi-b360m-mortar'),(107,'https://www.hanoicomputer.vn/mainboard-asus-rog-maximus-xi-hero-wi-fice','Mainboard ASUS ROG MAXIMUS XI HERO (WI-FI)/CE Z390',8199000,2,'asus-rog-maximus-xi-hero-(wi-fi)'),(108,'https://www.hanoicomputer.vn/mainboard-asus-z370-rog-maximus-x-hero','Mainboard ASUS Z370 ROG MAXIMUS X HERO',7499000,2,'asus-rog-maximus-x-hero'),(109,'https://www.hanoicomputer.vn/mainboard-asus-rog-strix-b550-f-gaming-wi-fi-amd-b550-socket-am4-atx-4-khe-ram-drr4','Mainboard ASUS ROG STRIX B550-F GAMING (WI-FI) (AMD B550, Socket AM4, ATX, 4 khe RAM DRR4)',5499000,2,'asus-rog-strix-b550-f-gaming-(wi-fi)'),(110,'https://www.hanoicomputer.vn/mainboard-asus-rog-maximus-xii-hero-wi-fi-intel-z490-socket-1200-atx-4-khe-ram-ddr4','Mainboard ASUS ROG MAXIMUS XII HERO (WI-FI) (Intel Z490, Socket 1200, ATX, 4 khe RAM DDR4)',9899000,2,'asus-rog-maximus-xii-hero-(wi-fi)'),(111,'https://www.hanoicomputer.vn/mainboard-asus-proart-z490-creator-10g-intel-z490-socket-1200-atx-4-khe-ram-ddr4','Mainboard ASUS ProArt Z490-CREATOR 10G (Intel Z490, Socket 1200, ATX, 4 khe RAM DDR4)',8899000,2,'asus-proart-z490-creator-10g'),(112,'https://www.hanoicomputer.vn/mainboard-asus-rog-crosshair-viii-hero-wifi','Mainboard ASUS ROG X570 CROSSHAIR VIII HERO Wifi (AMD X570, Socket AM4, ATX, 4 khe RAM DDR4)',11899000,2,'asus-rog-crosshair-viii-hero-(wi-fi)'),(113,'https://www.hanoicomputer.vn/mainboard-asus-rog-strix-z490-g-wi-fi-gaming-intel-z490-socket-1200-m-atx-4-khe-ram-ddr4','Mainboard ASUS ROG STRIX Z490-G (WI-FI) GAMING (Intel Z490, Socket 1200, m-ATX, 4 khe RAM DDR4)',6099000,2,'asus-rog-strix-z490-g-gaming-(wi-fi)'),(114,'https://www.hanoicomputer.vn/mainboard-msi-mpg-z390m-gaming-edge-ac','Mainboard MSI MPG Z390M GAMING EDGE AC (Intel Z390, Socket 1151, ATX, 4 khe RAM DDR4)',5099000,2,'msi-mpg-z390m-gaming-edge-ac'),(115,'https://www.hanoicomputer.vn/mainboard-asus-rog-maximus-xii-apex-intel-z490-socket-1200-atx-4-khe-ram-ddr4','Mainboard ASUS ROG MAXIMUS XII APEX (Intel Z490, Socket 1200, ATX, 4 khe RAM DDR4)',10899000,2,'asus-rog-maximus-xii-apex'),(116,'https://www.hanoicomputer.vn/mainboard-asus-rog-maximus-xii-formula-intel-z490-socket-1200-atx-4-khe-ram-ddr4.','Mainboard ASUS ROG MAXIMUS XII FORMULA (Intel Z490, Socket 1200, ATX, 4 khe RAM DDR4)',0,2,'asus-rog-maximus-xii-formula'),(117,'https://www.hanoicomputer.vn/mainboard-asus-rog-maximus-xii-formula-intel-z490-socket-1200-atx-4-khe-ram-ddr4','Mainboard ASUS ROG MAXIMUS XII FORMULA (Intel Z490, Socket 1200, ATX, 4 khe RAM DDR4)',13199000,2,'asus-rog-maximus-xii-formula'),(118,'https://www.hanoicomputer.vn/mainboard-asus-rog-maximus-xi-apex-z390','Mainboard ASUS ROG MAXIMUS XI APEX (Intel Z390,Socket 1151, ATX, 2 khe RAM DDR4)',9699000,2,'asus-rog-maximus-xi-apex'),(119,'https://www.hanoicomputer.vn/mainboard-asrock-h310cm-hdv','Mainboard ASROCK H310CM HDV (Intel H310, Socket 1151, m-ATX, 2 khe RAM DDR4)',1399000,2,'asrock-h310cm-hdv/m.2'),(120,'https://www.hanoicomputer.vn/mainboard-asus-rog-strix-z390-f-gaming','Mainboard ASUS ROG STRIX Z390-F GAMING (Intel Z390, Socket 1151, ATX, 4 khe RAM DDR4)',4799000,2,'asus-rog-strix-z390-f-gaming'),(121,'https://www.hanoicomputer.vn/mainboard-gigabyte-z390-aorus-xtreme-waterforce','Mainboard GIGABYTE Z390 AORUS XTREME WATERFORCE (Intel Z390, Socket 1151, ATX, 4 khe RAM DDR4)',21999000,2,'gigabyte-z390-aorus-xtreme-waterforce'),(122,'https://www.hanoicomputer.vn/mainboard-asus-rog-strix-z490-f-gaming-intel-z490-socket-1200-atx-4-khe-ram-ddr4','Mainboard ASUS ROG STRIX Z490-F GAMING (Intel Z490, Socket 1200, ATX, 4 khe RAM DDR4)',6299000,2,'asus-rog-strix-z490-f-gaming'),(123,'https://www.hanoicomputer.vn/mainboard-asus-rog-strix-z490-h-gaming-intel-z490-socket-1200-atx-4-khe-ram-ddr4','Mainboard ASUS ROG STRIX Z490-H GAMING (Intel Z490, Socket 1200, ATX, 4 khe RAM DDR4)',6399000,2,'asus-rog-strix-z490-h-gaming'),(124,'https://www.hanoicomputer.vn/mainboard-asus-rog-strix-x570-f-gaming','Mainboard ASUS ROG STRIX X570-F GAMING (AMD X570 ,Socket AM4, ATX, 4 khe RAM DDR4)',5899000,2,'asus-rog-strix-x570-f-gaming'),(125,'https://www.hanoicomputer.vn/mainboard-msi-mpg-z390i-gaming-edge-ac','Mainboard MSI MPG Z390I GAMING EDGE AC (Intel Z390, Socket 1151, m-ITX, 4 khe RAM DDR4)',5990000,2,'msi-mpg-z390i-gaming-edge-ac'),(126,'https://www.hanoicomputer.vn/mainboard-asrock-z490-phantom-gaming-itx/tb3-intel-z490-socket-1200-mini-itx-2-khe-ram-ddr4','Mainboard ASROCK Z490 PHANTOM GAMING-ITX/TB3 (Intel Z490, Socket 1200, Mini-ITX, 2 khe Ram DDR4)',3099000,2,'asrock-z490-phantom-gaming-itx/tb3'),(127,'https://www.hanoicomputer.vn/mainboard-msi-mpg-z490-gaming-edge-wifi-intel-z490-socket-1200-atx-4-khe-ram-ddr4','Mainboard MSI MPG Z490 GAMING EDGE WIFI (Intel Z490, Socket 1200, ATX, 4 khe RAM DDR4)',6199000,2,'msi-mpg-z490-gaming-edge-wifi'),(128,'https://www.hanoicomputer.vn/mainboard-msi-mag-b550m-mortar-wifi','Mainboard MSI MAG B550M MORTAR WIFI (AMD B550, Socket AM4, m-ATX, 4 khe RAM DDR4)',4899000,2,'msi-mag-b550m-mortar-wifi'),(129,'https://www.hanoicomputer.vn/mainboard-asrock-h410m-hdv-intel-h410-socket-1200-m-atx-2-khe-ram-ddr4','Mainboard ASROCK H410M-HDV (Intel H410, Socket 1200, m-ATX, 2 khe Ram DDR4)',1599000,2,'asrock-h410m-hdv/m.2'),(130,'https://www.hanoicomputer.vn/mainboard-asus-rog-crosshair-viii-formula','Mainboard ASUS ROG X570 CROSSHAIR VIII FORMULA (AMD X570, Socket AM4, ATX, 4 khe RAM DDR4)',21699000,2,'asus-rog-crosshair-viii-formula'),(131,'https://www.hanoicomputer.vn/mainboard-gigabyte-z490-aorus-ultrag2-intel-z490-socket-1200-atx-4-khe-ram-ddr4','Mainboard GIGABYTE Z490 AORUS ULTRA(G2) (Intel Z490, Socket 1200, ATX, 4 khe RAM DDR4)',10899000,2,'gigabyte-z490-aorus-ultra-g2'),(132,'https://www.hanoicomputer.vn/mainboard-asus-b365m-k','Mainboard ASUS PRIME B365M-K (Intel B365, Socket 1151, m-ATX, 2 khe RAM DDR4)',1699000,2,'asus-prime-b365m-k'),(133,'https://www.hanoicomputer.vn/mainboard-asus-tuf-gaming-b460-pro-wifi','Mainboard ASUS TUF GAMING B460-PRO (WIFI) (Intel B460, Socket 1200, ATX, 4 khe Ram DDR4)',3199000,2,'asus-tuf-gaming-b460-pro-(wi-fi)'),(134,'https://www.hanoicomputer.vn/mainboard-asus-rog-maximus-xii-extreme-intel-z490-socket-1200-e-atx-4-khe-ram-ddr4','Mainboard ASUS ROG MAXIMUS XII EXTREME (Intel Z490, Socket 1200, E-ATX, 4 khe RAM DDR4)',18999000,2,'asus-rog-maximus-xii-extreme'),(135,'https://www.hanoicomputer.vn/mainboard-asus-rog-strix-b550-f-gaming-amd-b550-socket-am4-atx-4-khe-ram-drr4','Mainboard ASUS ROG STRIX B550-F GAMING (AMD B550, Socket AM4, ATX, 4 khe RAM DRR4)',5199000,2,'asus-rog-strix-b550-f-gaming'),(136,'https://www.hanoicomputer.vn/mainboard-rog-maximus-xi-formula','Mainboard ASUS ROG Z390 MAXIMUS XI FORMULA (Intel Z390 ,Socket 1151,ATX,4 khe RAM DDR4)',10899000,2,'asus-rog-maximus-xi-formula'),(137,'https://www.hanoicomputer.vn/mainboard-asus-rog-maximus-xi-extreme','Mainboard ASUS ROG Z390 MAXIMUS XI EXTREME (Intel Z390,Socket 1151, ATX, 4 khe RAM DDR4)',12099000,2,'asus-rog-maximus-xi-extreme'),(138,'https://www.hanoicomputer.vn/mainboard-asus-rog-crosshair-viii-hero','Mainboard ASUS ROG X570 CROSSHAIR VIII HERO (AMD X570, Socket AM4, ATX, 4 khe RAM DDR4)',11399000,2,'asus-rog-crosshair-viii-hero'),(139,'https://www.hanoicomputer.vn/mainboard-asus-rog-strix-b365-f-gaming','Mainboard ASUS ROG STRIX B365-F GAMING (Intel B365, Socket 1151, ATX, 4 khe RAM DDR4)',2999000,2,'asus-rog-strix-b365-f-gaming'),(140,'https://www.hanoicomputer.vn/mainboard-asus-rog-strix-b460-h-gaming','Mainboard ASUS ROG STRIX B460-H GAMING (Intel B460, Socket 1200, ATX, 4 khe Ram DDR4)',3459000,2,'asus-rog-strix-b460-h-gaming'),(141,'https://www.hanoicomputer.vn/mainboard-asus-rog-strix-b460-f-gaming','Mainboard ASUS ROG STRIX B460-F GAMING (Intel B460, Socket 1200, ATX, 4 khe Ram DDR4)',3799000,2,'asus-rog-strix-b460-f-gaming'),(142,'https://www.hanoicomputer.vn/mainboard-msi-b365m-pro-vh','Mainboard MSI B365M PRO-VH (Intel B365, Socket 1151, m-ATX, 2 khe RAM DDR4)',1799000,2,'msi-b365m-pro-vh'),(143,'https://www.hanoicomputer.vn/mainboard-gigabyte-b550i-aorus-pro-ax-amd-b550-socket-am4-mini-itx-2-khe-ram-drr4','Mainboard Gigabyte B550I AORUS PRO AX (AMD B550, Socket AM4, Mini-ITX, 2 khe RAM DRR4)',4999000,2,'gigabyte-b550i-aorus-pro-ax'),(144,'https://www.hanoicomputer.vn/mainboard-msi-mpg-x570-gaming-edge-wi-fi','Mainboard MSI MPG X570 GAMING EDGE Wifi (AMD X570, Socket AM4, E-ATX, 4 khe RAM DDR4) ',6199000,2,'msi-mpg-x570-gaming-edge-wifi'),(145,'https://www.hanoicomputer.vn/mainboard-asus-rog-strix-b360-f-gaming','Mainboard ASUS ROG STRIX B360-F GAMING (Intel B360, Socket 1151, ATX, 4 khe RAM DDR4)',2899000,2,'asus-rog-strix-b360-f-gaming'),(146,'https://www.hanoicomputer.vn/mainboard-asus-rog-strix-b450-f-gaming','Mainboard ASUS ROG STRIX B450-F GAMING (AMD B450, Socket AM4, ATX, 4 khe RAM DDR4)',2999000,2,'asus-rog-strix-b450-f-gaming'),(147,'https://www.hanoicomputer.vn/mainboard-asrock-a320m-hdv-r4.0','Mainboard ASROCK A320M-HDV R4.0 (AMD A320M, Socket AM4,,m-ATX, 2 khe RAM DDR4)',1249000,2,'asrock-a320m-hdv-r4.0'),(148,'https://www.hanoicomputer.vn/mainboard-msi-meg-z490i-unify-intel-z490-socket-1200-mini-itx-2-khe-ram-ddr4','Mainboard MSI MEG Z490i UNIFY (Intel Z490, Socket 1200, mini ITX, 2 khe RAM DDR4)',7599000,2,'msi-meg-z490i-unify'),(149,'https://www.hanoicomputer.vn/mainboard-asrock-h410m-hdv/m.2-intel-h410-socket-1200-m-atx-2-khe-ram-ddr4','Mainboard ASROCK H410M-HDV/M.2 (Intel H410, Socket 1200, m-ATX, 2 khe Ram DDR4)',1799000,2,'asrock-h410m-hdv/m.2'),(150,'https://www.hanoicomputer.vn/mainboard-asus-rog-strix-b460-i-gaming','Mainboard ASUS ROG STRIX B460-I GAMING (Intel B460, Socket 1200, Mini-ITX, 2 khe Ram DDR4)',3899000,2,'asus-rog-strix-b460-i-gaming'),(151,'https://www.hanoicomputer.vn/mainboard-gigabyte-b550-aorus-elite-tl','Mainboard Gigabyte B550 AORUS ELITE (AMD B550, Socket AM4, m-ATX, 4 khe RAM DDR4) (HÀNG THANH LÝ MỚI 95% - MBGI578)',3299000,2,'gigabyte-b450-aorus-m'),(152,'https://www.hanoicomputer.vn/mainboard-gigabyte-b365m-d2v','Mainboard GIGABYTE B365M-D2V (Intel B365, Socket 1151, m-ATX, 2 khe RAM DDR4)',1749000,2,'gigabyte-b365m-d2v'),(153,'https://www.hanoicomputer.vn/mainboard-asus-rog-strix-b360-i-gaming','Mainboard ASUS ROG STRIX B360-I GAMING (Intel B360 , Socket 1151, Mini ATX, 2 khe RAM DDR4)',3299000,2,'asus-rog-strix-b360-i-gaming'),(154,'https://www.hanoicomputer.vn/mainboard-msi-prestige-x570-creation','Mainboard MSI Prestige X570 CREATION (AMD X570, Socket AM4, E-ATX, 4 khe RAM DDR4) ',14599000,2,'msi-prestige-x570-creation'),(155,'https://www.hanoicomputer.vn/mainboard-asus-rog-strix-b365-g-gaming','Mainboard ASUS ROG STRIX B365-G GAMING (Intel B365 , Socket 1151, m-ATX, 4 khe RAM DDR4)',2059000,2,'asus-rog-strix-b365-g-gaming'),(156,'https://www.hanoicomputer.vn/mainboard-asus-rog-strix-b460-g-gaming','Mainboard ASUS ROG STRIX B460-G GAMING (Intel B460, Socket 1200, m-ATX, 4 khe Ram DDR4)',2999000,2,'asus-rog-strix-b460-g-gaming'),(157,'https://www.hanoicomputer.vn/mainboard-asrock-b550-steel-legend','Mainboard ASROCK B550 STEEL LEGEND (AMD B550, Socket AM4, ATX, 4 khe RAM DDR4)',4599000,2,'asrock-b550-steel-legend'),(158,'https://www.hanoicomputer.vn/mainboard-asrock-b450-steel-legend','Mainboard ASROCK B450 STEEL LEGEND (AMD B450, Socket AM4, ATX, 4 khe RAM DDR4)',2399000,2,'asrock-b450-steel-legend'),(159,'https://www.hanoicomputer.vn/mainboard-msi-b450m-pro-m2-max','Mainboard MSI B450M PRO-M2 MAX (AMD B450, Socket AM4, m-ATX, 2 khe RAM DDR4) ',1829000,2,'msi-b450m-pro-m2-max'),(160,'https://www.hanoicomputer.vn/mainboard-asusrog-strix-z390-i-gaming','Mainboard ASUS ROG STRIX Z390-I GAMING (Intel Z390, Socket 1151, Mini ATX, 2 khe RAM DDR4)',5999000,2,'asus-rog-strix-z390-i-gaming'),(161,'https://www.hanoicomputer.vn/mainboard-asus-rog-strix-z490-i-gaming-intel-z490-socket-1200-mini-itx-2-khe-ram-ddr4','Mainboard ASUS ROG STRIX Z490-I GAMING (Intel Z490, Socket 1200, Mini ITX, 2 khe RAM DDR4)',7299000,2,'asus-rog-strix-z490-i-gaming'),(162,'https://www.hanoicomputer.vn/mainboard-asus-rog-strix-b360-g-gaming','Mainboard ASUS ROG STRIX B360-G GAMING (Intel B360, Socket 1151, m-ATX, 4 khe RAM DDR4)',2290000,2,'asus-rog-strix-b360-g-gaming'),(163,'https://www.hanoicomputer.vn/mainboard-msi-b450m-pro-vdh-max','Mainboard MSI B450M PRO VDH MAX (AMD B450, Socket AM4, m-ATX, 4 khe RAM DDR4) ',1949000,2,'msi-b450m-pro-vdh-max'),(164,'https://www.hanoicomputer.vn/mainboard-asrock-b365-phantom-gaming-4','Mainboard ASROCK B365 Phantom Gaming 4 (Intel B365, Socket 1151, ATX, 4 khe RAM DDR4)',2399000,2,'asrock-b365-phantom-gaming-4'),(165,'https://www.hanoicomputer.vn/mainboard-asrock-b460-phantom-gaming-4','Mainboard ASROCK B460 PHANTOM GAMING 4 (Intel B460, Socket 1200, ATX, 4 khe Ram DDR4)',2299000,2,'asrock-b460-phantom-gaming-4'),(166,'https://www.hanoicomputer.vn/mainboard-msi-mag-b460-tomahawk','Mainboard MSI MAG B460 TOMAHAWK (Intel B460, Socket 1200, ATX, 4 khe RAM DDR4)',3599000,2,'msi-mag-b460-tomahawk'),(167,'https://www.hanoicomputer.vn/mainboard-gigabyte-z490-aorus-xtreme-waterforce-intel-z490-socket-1200-e-atx-4-khe-ram-ddr4','Mainboard GIGABYTE Z490 AORUS XTREME WATERFORCE (Intel Z490, Socket 1200, E-ATX, 4 khe RAM DDR4)',29889000,2,'gigabyte-z490-aorus-xtreme-waterforce'),(168,'https://www.hanoicomputer.vn/mainboard-asrock-z390-steel-legend','Mainboard ASROCK Z390 Steel Legend (Intel Z390, Socket 1151, ATX, 4 khe RAM DDR4)',3299000,2,'asrock-z390-steel-legend'),(169,'https://www.hanoicomputer.vn/mainboard-msi-meg-z390-ace','Mainboard MSI MEG Z390 ACE (Intel Z390, Socket 1151, ATX, 4 khe RAM DDR4)',7399000,2,'msi-meg-z390-ace'),(170,'https://www.hanoicomputer.vn/mainboard-msi-meg-z490-ace-intel-z490-socket-1200-atx-4-khe-ram-ddr4','Mainboard MSI MEG Z490 ACE (Intel Z490, Socket 1200, ATX, 4 khe RAM DDR4)',9899000,2,'msi-meg-z490-ace'),(171,'https://www.hanoicomputer.vn/mainboard-asrock-z490-steel-legend-intel-z490-socket-1200-atx-4-khe-ram-ddr4','Mainboard ASROCK Z490 STEEL LEGEND (Intel Z490, Socket 1200, ATX, 4 khe Ram DDR4)',4599000,2,'asrock-z490-steel-legend'),(172,'https://www.hanoicomputer.vn/mainboard-gigabyte-z490-aorus-pro-ax-intel-z490-socket-1200-atx-4-khe-ram-ddr4','Mainboard GIGABYTE Z490 AORUS PRO AX (Intel Z490, Socket 1200, ATX, 4 khe RAM DDR4)',7099000,2,'gigabyte-z490-aorus-pro-ax'),(173,'https://www.hanoicomputer.vn/mainboard-msi-meg-z490-unify-intel-z490-socket-1200-atx-4-khe-ram-ddr4','Mainboard MSI MEG Z490 UNIFY (Intel Z490, Socket 1200, ATX, 4 khe RAM DDR4)',8799000,2,'msi-meg-z490-unify'),(174,'https://www.hanoicomputer.vn/mainboard-asrock-x570-steel-legend','Mainboard ASROCK X570 Steel Legend (AMD X570, Socket AM4, ATX, 4 khe RAM DDR4)',5859000,2,'asrock-x570-steel-legend'),(175,'https://www.hanoicomputer.vn/mainboard-msi-meg-x570-ace','Mainboard MSI MEG X570 ACE (AMD X570, Socket AM4, ATX, 4 khe RAM DDR4) ',10899000,2,'msi-meg-x570-ace'),(176,'https://www.hanoicomputer.vn/mainboard-asus-rog-strix-z490-g-gaming-intel-z490-socket-1200-m-atx-4-khe-ram-ddr4','Mainboard ASUS ROG STRIX Z490-G GAMING (Intel Z490, Socket 1200, m-ATX, 4 khe RAM DDR4)',7079000,2,'asus-rog-strix-z490-g-gaming'),(177,'https://www.hanoicomputer.vn/mainboard-msi-a320m-pro-m2-v2','Mainboard MSI A320M PRO-M2 V2 (AMD A320, Socket AM4, m-ATX, 2 khe RAM DDR4) ',1429000,2,'msi-a320m-pro-m2-v2'),(178,'https://www.hanoicomputer.vn/mainboard-msi-b450m-pro-m2-v2','Mainboard MSI B450M PRO - M2 V2 (AMD B450, Socket AM4, m-ATX, 2 khe RAM DDR4) ',1799000,2,'msi-b450m-pro-m2-v2'),(179,'https://www.hanoicomputer.vn/mainboard-msi-b450m-a-pro-max','Mainboard MSI B450M-A PRO MAX (AMD B450, Socket AM4, m-ATX, 2 khe RAM DDR4) ',1799000,2,'msi-b450m-a-pro-max'),(180,'https://www.hanoicomputer.vn/mainboard-msi-a320m-a-pro-max','Mainboard MSI A320M-A PRO MAX (AMD A320, Socket AM4, m-ATX, 2 khe RAM DDR4) ',1429000,2,'msi-a320m-a-pro-max'),(181,'https://www.hanoicomputer.vn/mainboard-msi-mag-b550-tomahawk','Mainboard MSI MAG B550 TOMAHAWK (AMD B550, Socket AM4, ATX, 4 khe RAM DDR4)',5199000,2,'msi-mag-b550-tomahawk'),(182,'https://www.hanoicomputer.vn/mainboard-msi-b450-tomahawk-max','Mainboard MSI B450 TOMAHAWK MAX (AMD B450, Socket AM4, ATX, 4 khe RAM DDR4) ',2439000,2,'msi-b450-tomahawk-max'),(183,'https://www.hanoicomputer.vn/mainboard-gigabyte-b460-aorus-pro-ac','Mainboard Gigabyte B460 AORUS PRO AC (Intel B460, Socket 1200, m-ATX, 4 khe RAM DDR4)',3999000,2,'gigabyte-b460-aorus-pro-ac'),(184,'https://www.hanoicomputer.vn/mainboard-gigabyte-z490i-aorus-ultra-intel-z490-socket-1200-mini-itx-2-khe-ram-ddr4','Mainboard GIGABYTE Z490i AORUS ULTRA (Intel Z490, Socket 1200, Mini ITX, 2 khe RAM DDR4)',6989000,2,'gigabyte-z490i-aorus-ultra'),(185,'https://www.hanoicomputer.vn/mainboard-asrock-b450m-steel-legend-pink-edition-atx-4-khe-ram-ddr4','Mainboard ASROCK B450M STEEL LEGEND (Pink Edition)  (AMD B450, Socket AM4, ATX, 4 khe RAM DDR4)',2399000,2,'asrock-b450m-steel-legend'),(186,'https://www.hanoicomputer.vn/mainboard-asus-prime-z390m-plus','Mainboard ASUS PRIME Z390M-PLUS (Intel Z390, Socket 1151, m-ATX, 4 khe RAM DDR4)',2999000,2,'asus-prime-z390m-plus'),(187,'https://www.hanoicomputer.vn/mainboard-asrock-b460m-steel-legend','Mainboard ASROCK B460M STEEL LEGEND (Intel B460, Socket 1200, m-ATX, 4 khe Ram DDR4)',2699000,2,'asrock-b460-steel-legend'),(188,'https://www.hanoicomputer.vn/mainboard-gigabyte-b550-aorus-pro-ax','Mainboard Gigabyte B550 AORUS PRO AX (AMD B550, Socket AM4, Mini-ATX, 2 khe RAM DDR4)',5199000,2,'gigabyte-b550-aorus-pro-ax'),(189,'https://www.hanoicomputer.vn/mainboard-msi-mag-z390-tomahawk','Mainboard MSI MAG Z390 TOMAHAWK  (Intel Z390, Socket 1151, ATX, 4 khe RAM DDR4)',4399000,2,'msi-mag-z390-tomahawk'),(190,'https://www.hanoicomputer.vn/mainboard-msi-mag-z490-tomahawk-intel-z490-socket-1200-atx-4-khe-ram-ddr4','Mainboard MSI MAG Z490 TOMAHAWK (Intel Z490, Socket 1200, ATX, 4 khe RAM DDR4)',5699000,2,'msi-mag-z490-tomahawk'),(191,'https://www.hanoicomputer.vn/mainboard-gigabyte-z490-vision-d-intel-z490-socket-1200-atx-4-khe-ram-ddr4','Mainboard GIGABYTE Z490 VISION D (Intel Z490, Socket 1200, ATX, 4 khe RAM DDR4)',8199000,2,'gigabyte-z490-vision-d'),(192,'https://www.hanoicomputer.vn/mainboard-gigabyte-z490-vision-g-intel-z490-socket-1200-atx-4-khe-ram-ddr4','Mainboard GIGABYTE Z490 VISION G (Intel Z490, Socket 1200, ATX, 4 khe RAM DDR4)',6289000,2,'gigabyte-z490-vision-g'),(193,'https://www.hanoicomputer.vn/mainboard-asrock-b365m-phantom-gaming-4','Mainboard ASROCK B365M Phantom Gaming 4 (Intel B365, Socket 1151, m-ATX, 4 khe RAM DDR4)',2049000,2,'asrock-b365-phantom-gaming-4'),(194,'https://www.hanoicomputer.vn/mainboard-asrock-b550m-steel-legend','Mainboard ASROCK B550M STEEL LEGEND (AMD B550, Socket AM4, m-ATX, 4 khe RAM DDR4)',3599000,2,'asrock-b550m-steel-legend'),(195,'https://www.hanoicomputer.vn/mainboard-asrock-b450m-steel-legend','Mainboard ASROCK B450M STEEL LEGEND (AMD B450, Socket AM4, m-ATX, 4 khe RAM DDR4)',2159000,2,'asrock-b450m-steel-legend'),(196,'https://www.hanoicomputer.vn/mainboard-asus-tuf-gaming-b460-plus','Mainboard ASUS TUF GAMING B460-PLUS (Intel B460, Socket 1200, ATX, 4 khe Ram DDR4)',2699000,2,'asus-tuf-gaming-b460-plus'),(197,'https://www.hanoicomputer.vn/mainboard-msi-meg-z390-godlike','Mainboard MSI MEG Z390 GODLIKE (Intel Z390, Socket 1151, E-ATX, 4 khe RAM DDR4)',14499000,2,'msi-meg-z390-godlike'),(198,'https://www.hanoicomputer.vn/mainboard-msi-meg-z490-godlike-intel-z490-socket-1200-e-atx-4-khe-ram-ddr4','Mainboard MSI MEG Z490 GODLIKE (Intel Z490, Socket 1200, E-ATX, 4 khe RAM DDR4)',19599000,2,'msi-meg-z490-godlike'),(199,'https://www.hanoicomputer.vn/mainboard-msi-meg-x570-godlike','Mainboard MSI MEG X570 GODLIKE (AMD X570, Socket AM4, E-ATX, 4 khe RAM DDR4) ',21999000,2,'msi-meg-x570-godlike'),(200,'https://www.hanoicomputer.vn/mainboard-asus-prime-a320m-k','Mainboard ASUS PRIME A320M-K (AMD A320, Socket AM4, ATX, 2 khe RAM DDR4)',1299000,2,'asus-prime-a320m-k'),(201,'https://www.hanoicomputer.vn/mainboard-msi-b450m-mortar-max','Mainboard MSI B450M MORTAR MAX (AMD B450, Socket AM4, m-ATX, 4 khe RAM DDR4) ',2399000,2,'msi-b450m-mortar-max'),(202,'https://www.hanoicomputer.vn/mainboard-msi-mag-b550m-mortar','Mainboard MSI MAG B550M MORTAR (AMD B550, Socket AM4, m-ATX, 4 khe RAM DDR4)',4499000,2,'msi-mag-b550m-mortar'),(203,'https://www.hanoicomputer.vn/mainboardgigabyte-z390-aorus-master','Mainboard GIGABYTE Z390 Aorus Master (Intel Z390, Socket 1151, ATX, 4 khe RAM DDR4)',7499000,2,'gigabyte-z390-aorus-master'),(204,'https://www.hanoicomputer.vn/mainboardgigabyte-z390-aorus-ultra','Mainboard GIGABYTE Z390 Aorus Ultra (Intel Z390, Socket 1151, ATX, 4 khe RAM DDR4)',6299000,2,'gigabyte-z390-aorus-ultra'),(205,'https://www.hanoicomputer.vn/mainboard-asus-prime-z390-p','Mainboard ASUS PRIME Z390-P (Intel Z390, Socket 1151, ATX, 4 khe RAM DDR4)',2799000,2,'asus-prime-z390-p'),(206,'https://www.hanoicomputer.vn/mainboard-asus-prime-z490-p-intel-z490-socket-1200-atx-4-khe-ram-ddr4','Mainboard ASUS PRIME Z490-P (Intel Z490, Socket 1200, ATX, 4 khe RAM DDR4)',3899000,2,'asus-prime-z490-p'),(207,'https://www.hanoicomputer.vn/mainboard-gigabyte-z490-aorus-master-intel-z490-socket-1200-atx-4-khe-ram-ddr4','Mainboard GIGABYTE Z490 AORUS MASTER (Intel Z490, Socket 1200, ATX, 4 khe RAM DDR4)',9499000,2,'gigabyte-z490-aorus-master'),(208,'https://www.hanoicomputer.vn/mainboard-gigabyte-z490-aorus-ultra-intel-z490-socket-1200-atx-4-khe-ram-ddr4','Mainboard Gigabyte Z490 AORUS ULTRA (Intel Z490, Socket 1200, ATX, 4 khe RAM DDR4)',8699000,2,'gigabyte-z490-aorus-ultra'),(209,'https://www.hanoicomputer.vn/mainboardgigabyte-x570-aorus-ultra','Mainboard GIGABYTE X570 AORUS ULTRA (AMD X570, Socket AM4, ATX, 4 khe RAM DDR4) ',8099000,2,'gigabyte-x570-aorus-ultra'),(210,'https://www.hanoicomputer.vn/mainboard-gigabyte-x570-aorus-master','Mainboard GIGABYTE X570 AORUS MASTER (AMD X570, Socket AM4, ATX, 4 khe RAM DDR4) ',10499000,2,'gigabyte-x570-aorus-master'),(211,'https://www.hanoicomputer.vn/mainboard-asus-tuf-gaming-b460m-plus','Mainboard ASUS TUF GAMING B460M-PLUS (Intel B460, Socket 1200, m-ATX, 4 khe Ram DDR4)',2599000,2,'asus-tuf-gaming-b460-plus'),(212,'https://www.hanoicomputer.vn/mainboard-asrock-z490m-itx/ac-intel-z490-socket-1200-mini-itx-2-khe-ram-ddr4','Mainboard ASROCK Z490M-ITX/ac (Intel Z490, Socket 1200, Mini-ITX, 2 khe Ram DDR4)',4299000,2,'asrock-z490m-itx/ac'),(213,'https://www.hanoicomputer.vn/mainboard-asus-prime-h310m-e-r2.0','Mainboard ASUS PRIME H310M-E R2.0 (Intel H310, Socket 1151, m-ATX, 2 khe RAM DDR4)',1649000,2,'asus-prime-h310m-e-r2.0'),(214,'https://www.hanoicomputer.vn/mainboard-asrock-h310cm-dvs','Mainboard ASROCK H310CM DVS (Intel H310, Socket 1151, m-ATX, 2 khe RAM DDR4)',1349000,2,'asrock-h310cm-dvs'),(215,'https://www.hanoicomputer.vn/mainboard-asus-prime-b550m-k-amd-b550-socket-am4-m-atx-4-khe-ram-drr4','Mainboard ASUS PRIME B550M-K (AMD B550, Socket AM4,m- ATX, 4 khe RAM DRR4)',3199000,2,'asus-prime-b550m-k'),(216,'https://www.hanoicomputer.vn/mainboard-asus-prime-b460-plus','Mainboard ASUS PRIME B460-PLUS (Intel B460, Socket 1200, ATX, 4 khe Ram DDR4)',2899000,2,'asus-prime-b460-plus'),(217,'https://www.hanoicomputer.vn/mainboard-msi-a320m-pro-vds-v2','Mainboard MSI A320M PRO-VDS V2 (AMD A320, Socket AM4, m-ATX, 2 khe RAM DDR4) ',1379000,2,'msi-a320m-pro-vd/s'),(218,'https://www.hanoicomputer.vn/mainboard-asus-prime-h410m-d','Mainboard ASUS PRIME H410M-D (Intel H410, Socket 1200, m-ATX, 2 khe Ram DDR4)',1799000,2,'asus-prime-h410m-d'),(219,'https://www.hanoicomputer.vn/mainboard-asus-prime-h410m-k','Mainboard ASUS PRIME H410M-K (Intel H410, Socket 1200, m-ATX, 2 khe Ram DDR4)',1699000,2,'asus-prime-h410m-k'),(220,'https://www.hanoicomputer.vn/mainboard-asus-primeex-b365m-v','Mainboard ASUS EX-B365M-V5 (Intel B365, Socket 1151, m-ATX, 2 khe RAM DDR4)',1649000,2,'asus-ex-b360m-v5'),(221,'https://www.hanoicomputer.vn/mainboard-asus-ex-b460m-v5','Mainboard ASUS EX-B460M-V5 (Intel B460, Socket 1200, m-ATX, 2 khe Ram DDR4)',1999000,2,'asus-ex-b360m-v5'),(222,'https://www.hanoicomputer.vn/mainboard-gigabyte-b550-aorus-master','Mainboard Gigabyte B550 AORUS MASTER (AMD B550, Socket AM4, m-ATX, 4 khe RAM DDR4)',7899000,2,'gigabyte-b550-aorus-master'),(223,'https://www.hanoicomputer.vn/mainboard-gigabyte-b450-aorus-m','Mainboard GIGABYTE B450 AORUS - M (AMD B450, Socket AM4, m-ATX, 4 khe RAM DDR4) ',2399000,2,'gigabyte-b450-aorus-m'),(224,'https://www.hanoicomputer.vn/mainboard-msi-b450-bazooka-plus','Mainboard MSI B450M BAZOOKA PLUS (AMD B450, Socket AM4, m-ATX, 4 khe RAM DDR4) ',2099000,2,'msi-b450m-bazooka-plus'),(225,'https://www.hanoicomputer.vn/mainboard-asus-tuf-b460m-plus-wifi','Mainboard ASUS TUF GAMING B460M-PLUS (WIFI) (Intel B460, Socket 1200, m-ATX, 4 khe Ram DDR4)',2999000,2,'asus-tuf-gaming-b460-plus'),(226,'https://www.hanoicomputer.vn/mainboard-asrock-h410m-hvs-intel-h410-socket-1200-m-atx-2-khe-ram-ddr4','Mainboard ASROCK H410M-HVS (Intel H410, Socket 1200, m-ATX, 2 khe Ram DDR4)',1549000,2,'asrock-h410m-hvs'),(227,'https://www.hanoicomputer.vn/mainboard-asus-prime-z490m-plus-intel-z490-socket-1200-m-atx-4-khe-ram-ddr4','Mainboard ASUS PRIME Z490M-PLUS (Intel Z490, Socket 1200, m-ATX, 4 khe RAM DDR4)',4179000,2,'asus-prime-z490m-plus'),(228,'https://www.hanoicomputer.vn/mainboad-asus-strix-b350f-gaming-amd','Mainboad ASUS STRIX B350F GAMING (AMD B350F, Socket AM4, ATX, 4 khe RAM DDR4)',1599000,2,'asus-strix-b350-f-gaming'),(229,'https://www.hanoicomputer.vn/mainboard-asrock-b365m-pro4','Mainboard ASROCK B365M - Pro4 (Intel B365, Socket 1151, m-ATX, 4 khe RAM DDR4)',1999000,2,'asrock-b365-pro4'),(230,'https://www.hanoicomputer.vn/mainboard-asrock-b460m-pro4','Mainboard ASROCK B460M PRO4 (Intel B460, Socket 1200, m-ATX, 4 khe Ram DDR4)',2249000,2,'asrock-b460-pro4'),(231,'https://www.hanoicomputer.vn/mainboard-asrock-b550-taichi','Mainboard ASROCK B550 TAICHI (AMD B550, Socket AM4, ATX, 4 khe RAM DDR4)',7899000,2,'asrock-b550-taichi'),(232,'https://www.hanoicomputer.vn/mainboard-msi-mag-b460m-mortar-wifi','Mainboard MSI MAG B460M MORTAR WIFI (Intel B460, Socket 1200, m-ATX, 4 khe RAM DDR4)',3199000,2,'msi-mag-b460m-mortar-wifi'),(233,'https://www.hanoicomputer.vn/mainboard-asrock-b460-pro4','Mainboard ASROCK B460 PRO4 (Intel B460, Socket 1200, ATX, 4 khe Ram DDR4)',2799000,2,'asrock-b460-pro4'),(234,'https://www.hanoicomputer.vn/mainboard-msi-b450-gamming-plus-max','Mainboard MSI B450 GAMMING PLUS MAX (AMD B450, Socket AM4, m-ATX, 4 khe RAM DDR4) ',2149000,2,'msi-b450-gaming-plus-max'),(235,'https://www.hanoicomputer.vn/mainboard-gigabyte-z390-ud','Mainboard GIGABYTE Z390 UD (Intel Z390, Socket 1151, ATX, 4 khe RAM DDR4)',3199000,2,'gigabyte-z390-ud'),(236,'https://www.hanoicomputer.vn/mainboard-asrock-z390-taichi','Mainboard ASROCK Z390 Taichi (Intel Z390, Socket 1151,ATX,4 khe RAM DDR4)',6199000,2,'asrock-z390-taichi'),(237,'https://www.hanoicomputer.vn/mainboard-gigabyte-z490-ud-intel-z490-socket-1200-atx-4-khe-ram-ddr4','Mainboard GIGABYTE Z490 UD (Intel Z490, Socket 1200, ATX, 4 khe RAM DDR4)',3999000,2,'gigabyte-z490-ud'),(238,'https://www.hanoicomputer.vn/mainboard-asrock-z490-taichi-intel-z490-socket-1200-atx-4-khe-ram-ddr4','Mainboard ASROCK Z490 TAICHI (Intel Z490, Socket 1200, ATX, 4 khe Ram DDR4)',9499000,2,'asrock-z490-taichi'),(239,'https://www.hanoicomputer.vn/mainboard-gigabyte-x570-ud','Mainboard GIGABYTE X570 - UD (AMD X570, Socket AM4, ATX, 4 khe RAM DDR4) ',4099000,2,'gigabyte-x570-ud'),(240,'https://www.hanoicomputer.vn/mainboard-asrock-x570-taichi','Mainboard ASROCK X570 Taichi (AMD X570, Socket AM4, ATX, 4 khe RAM DDR4)',8259000,2,'asrock-x570-taichi'),(241,'https://www.hanoicomputer.vn/mainboard-gigabyte-b365m-aorus-elite','Mainboard GIGABYTE B365M AORUS ELITE (Intel B365, Socket 1151, m-ATX, 4 khe RAM DDR4)',2249000,2,'gigabyte-b365-m-aorus-elite'),(242,'https://www.hanoicomputer.vn/mainboard-asrock-b365-pro4','Mainboard ASROCK B365 - Pro4 (Intel B365, Socket 1151, m-ATX, 4 khe RAM DDR4)',2799000,2,'asrock-b365-pro4'),(243,'https://www.hanoicomputer.vn/mainboard-gigabyte-z390-aorus-master-g2-edition-rev-1-0','Mainboard GIGABYTE Z390 AORUS MASTER G2 Edition (Rev 1.0) (Intel Z390, Socket 1151, ATX, 4 khe RAM DDR4)',8499000,2,'gigabyte-z390-aorus-master'),(244,'https://www.hanoicomputer.vn/mainboard-msi-mag-b460m-bazooka','Mainboard MSI MAG B460M BAZOOKA (Intel B460, Socket 1200, m-ATX, 4 khe RAM DDR4)',2599000,2,'msi-mag-b460m-bazooka'),(245,'https://www.hanoicomputer.vn/mainboard-msi-mag-b460m-mortar','Mainboard MSI MAG B460M MORTAR (Intel B460, Socket 1200, m-ATX, 4 khe RAM DDR4)',2799000,2,'msi-mag-b460m-mortar'),(246,'https://www.hanoicomputer.vn/mainboardgigabyte-x570-aorus-ultra-tl','Mainboard GIGABYTE X570 AORUS ULTRA (AMD X570, Socket AM4, ATX, 4 khe RAM DDR4) (HÀNG THANH LÝ - MỚI 90%)',6499000,2,'gigabyte-x570-aorus-ultra'),(247,'https://www.hanoicomputer.vn/mainboard-asrock-b450m-pro-4-f','Mainboard ASROCK B450M PRO 4-F (AMD B450M, Socket AM4, m-ATX, 4 khe RAM DDR4)',1699000,2,'asrock-b450m-pro4-f'),(248,'https://www.hanoicomputer.vn/mainboard-msi-b460m-pro-vdh-wifi','Mainboard MSI B460M PRO-VDH WIFI (Intel B460, Socket 1200, m-ATX, 4 khe RAM DDR4)',2499000,2,'msi-b460m-pro-vdh-wifi'),(249,'https://www.hanoicomputer.vn/mainboard-msi-h310m-pro-vdh-plus','Mainboard MSI H310M PRO-VDH PLUS (Intel H310, Socket 1151, m-ATX, 2 khe RAM DDR4)',1599000,2,'msi-h310m-pro-vdh-plus'),(250,'https://www.hanoicomputer.vn/mainboard-asrock-b550-extreme-4','Mainboard ASROCK B550 EXTREME 4 (AMD B550, Socket AM4, ATX, 4 khe RAM DDR4)',4699000,2,'asrock-b550-extreme4'),(251,'https://www.hanoicomputer.vn/mainboard-msi-h310m-pro-vhl','Mainboard MSI H310M PRO - VHL (Intel H310, Socket 1151, m-ATX, 2 khe RAM DDR4)',1859000,2,'msi-h310m-pro-vhl'),(252,'https://www.hanoicomputer.vn/mainboard-msi-h310m-pro-vl','Mainboard MSI H310M PRO - VL (Intel H310, Socket 1151, m-ATX, 2 khe RAM DDR4)',1699000,2,'msi-h310m-pro-vl'),(253,'https://www.hanoicomputer.vn/mainboard-asus-maximus-x-hero-wifi','Mainboard ASUS MAXIMUS X HERO WIFI',8189000,2,'asus-rog-maximus-x-hero-(wi-fi-ac)'),(254,'https://www.hanoicomputer.vn/mainboard-asrock-z490-extreme4-intel-z490-socket-1200-atx-4-khe-ram-ddr4','Mainboard ASROCK Z490 EXTREME 4 (Intel Z490, Socket 1200, ATX, 4 khe Ram DDR4)',4699000,2,'asrock-z490-extreme4'),(255,'https://www.hanoicomputer.vn/mainboard-asrock-z490m-pro-4-intel-z490-socket-1200-atx-4-khe-ram-ddr4','Mainboard ASROCK Z490M PRO 4 (Intel Z490, Socket 1200, ATX, 4 khe Ram DDR4)',3999000,2,'asrock-z490m-pro4'),(256,'https://www.hanoicomputer.vn/mainboard-msi-h310m-pro-vd-plus','Mainboard MSI H310M PRO-VD PLUS (Intel H310, Socket 1151, m-ATX, 2 khe RAM DDR4)',1589000,2,'msi-h310m-pro-vd'),(257,'https://www.hanoicomputer.vn/mainboard-gigabyte-h310m-ds2','Mainboard GIGABYTE H310M-DS2 (Intel H310, Socket 1151, m-ATX, 2 khe RAM DDR4)',1599000,2,'gigabyte-h310m-ds2'),(258,'https://www.hanoicomputer.vn/mainboard-gigabyte-b460m-d2v','Mainboard Gigabyte B460M D2V (Intel B460, Socket 1200, m-ATX, 2 khe RAM DDR4)',1999000,2,'gigabyte-b360m-d2v'),(259,'https://www.hanoicomputer.vn/mainboard-asus-maximus-x-code','Mainboard ASUS MAXIMUS X CODE',9169000,2,'asus-rog-maximus-x-code'),(260,'https://www.hanoicomputer.vn/mainboard-gigabyte-b460m-gaming-hd','Mainboard Gigabyte B460M GAMING HD (Intel B460, Socket 1200, m-ATX, 2 khe RAM DDR4)',2059000,2,'gigabyte-b460-hd3'),(261,'https://www.hanoicomputer.vn/mainboard-asus-rog-maximus-xi-hero','Mainboard ROG MAXIMUS XI HERO (Intel Z390, Socket 1151, ATX, 4 khe RAM DDR4)',6999000,2,'asus-rog-maximus-xi-hero'),(262,'https://www.hanoicomputer.vn/mainboard-msi-mpg-z390-edge-ac','Mainboard MSI MPG Z390 EDGE AC (Intel Z390, Socket 1151, ATX, 4 khe RAM DDR4)',5099000,2,'msi-mpg-z390-gaming-edge-ac'),(263,'https://www.hanoicomputer.vn/mainboard-asus-maximus-x-formula','Mainboard ASUS MAXIMUS X FORMULA',11899000,2,'asus-rog-maximus-x-formula'),(264,'https://gearvn.com/products/msi-h410m-a-pro','MSI H410M-A PRO',1490000,1,'msi-h410m-a-pro'),(265,'https://gearvn.com/products/asus-prime-h410m-e','ASUS PRIME H410M-E',1790000,1,'asus-prime-h410m-e'),(266,'https://gearvn.com/products/msi-h410m-pro','MSI H410M PRO',1790000,1,'msi-h410m-pro'),(267,'https://gearvn.com/products/asrock-b460m-pro4','ASROCK B460M Pro4',2150000,1,'asrock-b460m-pro4'),(268,'https://gearvn.com/products/asus-tuf-gaming-b460m-plus','ASUS TUF GAMING B460M-PLUS',2390000,1,'asus-tuf-gaming-b460m-plus'),(269,'https://gearvn.com/products/asrock-b460m-steel-legend','ASROCK B460M Steel Legend',2590000,1,'asrock-b460m-steel-legend'),(270,'https://gearvn.com/products/msi-mag-b460m-mortar','MSI MAG B460M MORTAR',2690000,1,'msi-mag-b460m-mortar'),(271,'https://gearvn.com/products/asus-tuf-gaming-b460m-plus-wi-fi','ASUS TUF GAMING B460M-PLUS (WI-FI)',2790000,1,'asus-tuf-gaming-b460m-plus-(wi-fi)'),(272,'https://gearvn.com/products/msi-mag-b460m-mortar-wifi','MSI MAG B460M MORTAR WIFI',2990000,1,'msi-mag-b460m-mortar-wifi'),(273,'https://gearvn.com/products/asus-rog-strix-b460-g-gaming','ASUS ROG STRIX B460-G GAMING',3090000,1,'asus-rog-strix-b460-g-gaming'),(274,'https://gearvn.com/products/asus-tuf-gaming-b460-pro-wi-fi','ASUS TUF GAMING B460-PRO (WI-FI)',3190000,1,'asus-tuf-gaming-b460-pro-(wi-fi)'),(275,'https://gearvn.com/products/asrock-b460-steel-legend','ASROCK B460 Steel Legend',3290000,1,'asrock-b460-steel-legend'),(276,'https://gearvn.com/products/msi-mag-b460-tomahawk','MSI MAG B460 TOMAHAWK',3590000,1,'msi-mag-b460-tomahawk'),(277,'https://gearvn.com/products/asus-rog-strix-b460-f-gaming','ASUS ROG STRIX B460-F GAMING',3790000,1,'asus-rog-strix-b460-f-gaming'),(278,'https://gearvn.com/products/asus-rog-strix-b460-i-gaming','ASUS ROG STRIX B460-I GAMING',3790000,1,'asus-rog-strix-b460-i-gaming'),(279,'https://gearvn.com/products/asus-rog-strix-b460-h-gaming','ASUS ROG STRIX B460-H GAMING',3890000,1,'asus-rog-strix-b460-h-gaming'),(280,'https://gearvn.com/products/asus-prime-z390m-plus','ASUS PRIME Z390M-PLUS',3090000,1,'asus-prime-z390m-plus'),(281,'https://gearvn.com/products/asrock-z490m-pro4','ASROCK Z490M Pro4',3390000,1,'asrock-z490m-pro4'),(282,'https://gearvn.com/products/asrock-z490-phantom-gaming-4','ASROCK Z490 Phantom Gaming 4',3590000,1,'asrock-z490-phantom-gaming-4'),(283,'https://gearvn.com/products/asrock-z490-pro4','ASROCK Z490 Pro4',3690000,1,'asrock-z490-pro4'),(284,'https://gearvn.com/products/asus-prime-z490-p','ASUS PRIME Z490-P',3990000,1,'asus-prime-z490-p'),(285,'https://gearvn.com/products/msi-z490-a-pro','MSI Z490 - A PRO',4290000,1,'msi-z490-a-pro'),(286,'https://gearvn.com/products/asus-tuf-gaming-z490-plus','ASUS TUF GAMING Z490-PLUS',4490000,1,'asus-tuf-gaming-z490-plus'),(287,'https://gearvn.com/products/msi-mpg-z490-gaming-plus','MSI MPG Z490 GAMING PLUS',4490000,1,'msi-mpg-z490-gaming-plus'),(288,'https://gearvn.com/products/asrock-z490-steel-legend','ASROCK Z490 Steel Legend',4890000,1,'asrock-z490-steel-legend'),(289,'https://gearvn.com/products/asrock-z490-extreme4','ASROCK Z490 Extreme4',4930000,1,'asrock-z490-extreme4'),(290,'https://gearvn.com/products/asus-tuf-gaming-z490-plus-wi-fi','ASUS TUF GAMING Z490-PLUS (WI-FI)',4990000,1,'asus-tuf-gaming-z490-plus-(wi-fi)'),(291,'https://gearvn.com/products/asus-rog-strix-z490-g-gaming','ASUS ROG STRIX Z490-G GAMING',5590000,1,'asus-rog-strix-z490-g-gaming'),(292,'https://gearvn.com/products/msi-mag-z490-tomahawk','MSI MAG Z490 TOMAHAWK',5590000,1,'msi-mag-z490-tomahawk'),(293,'https://gearvn.com/products/asus-rog-strix-z490-h-gaming','ASUS ROG STRIX Z490-H GAMING',5790000,1,'asus-rog-strix-z490-h-gaming'),(294,'https://gearvn.com/products/asus-z490-rog-strix-z490-f-gaming','ASUS ROG STRIX Z490-F GAMING',5790000,1,'asus-rog-strix-z490-f-gaming'),(295,'https://gearvn.com/products/asus-rog-strix-z490-g-gaming-wi-fi','ASUS ROG Strix Z490-G Gaming (Wi-Fi)',5890000,1,'asus-rog-strix-z490-g-gaming-(wi-fi)'),(296,'https://gearvn.com/products/asus-z490-rog-strix-z490-a-gaming','ASUS ROG STRIX Z490-A GAMING',6090000,1,'asus-rog-strix-z490-a-gaming'),(297,'https://gearvn.com/products/asrock-b550m-pro4','ASROCK B550M Pro4',2990000,1,'asrock-b550m-pro4'),(298,'https://gearvn.com/products/asrock-b550m-itx-ac','ASROCK B550M-ITX/ac',3590000,1,'asrock-b550m-itx/ac'),(299,'https://gearvn.com/products/asrock-b550m-steel-legend','ASROCK B550M Steel Legend',3790000,1,'asrock-b550m-steel-legend'),(300,'https://gearvn.com/products/msi-mag-b550m-mortar','MSI MAG B550M MORTAR',3950000,1,'msi-mag-b550m-mortar'),(301,'https://gearvn.com/products/asrock-b550-steel-legend','ASROCK B550 Steel Legend',4990000,1,'asrock-b550-steel-legend'),(302,'https://gearvn.com/products/asrock-b550-pg-velocita','ASROCK B550 PG Velocita',5990000,1,'asrock-b550-pg-velocita'),(303,'https://gearvn.com/products/asrock-b550-taichi','ASROCK B550 Taichi',8290000,1,'asrock-b550-taichi'),(304,'https://gearvn.com/products/msi-mpg-x570-gaming-edge-wifi','MSI MPG X570 GAMING EDGE WIFI',6190000,1,'msi-mpg-x570-gaming-edge-wifi'),(305,'https://gearvn.com/products/msi-mpg-x570-gaming-pro-carbon-wifi','MSI MPG X570 GAMING PRO CARBON WIFI',7190000,1,'msi-mpg-x570-gaming-pro-carbon-wifi'),(306,'https://gearvn.com/products/gigabyte-x570-aorus-ultra','GIGABYTE X570 AORUS ULTRA',7590000,1,'gigabyte-x570-aorus-ultra'),(307,'https://gearvn.com/products/gigabyte-x570-aorus-master','GIGABYTE X570 AORUS MASTER',7990000,1,'gigabyte-x570-aorus-master'),(308,'https://gearvn.com/products/msi-meg-x570-ace','MSI MEG X570 ACE',10890000,1,'msi-meg-x570-ace'),(309,'https://gearvn.com/products/msi-prestige-x570-creation','MSI PRESTIGE X570 CREATION',14299000,1,'msi-prestige-x570-creation'),(310,'https://gearvn.com/products/gigabyte-x570-aorus-xtreme','GIGABYTE X570 AORUS XTREME',19399000,1,'gigabyte-x570-aorus-xtreme'),(311,'https://gearvn.com/products/msi-meg-x570-godlike','MSI MEG X570 GODLIKE',20990000,1,'msi-meg-x570-godlike'),(312,'https://gearvn.com/products/h310cm-hdv-m2','ASROCK H310CM HDV/M2',1750000,1,'asrock-h310cm-hdv/m.2'),(313,'https://gearvn.com/products/gigabyte-z490-gaming-x-rev-1-0','GIGABYTE Z490 GAMING X (rev. 1.0)',4690000,1,'gigabyte-z490-gaming-x'),(314,'https://gearvn.com/products/gigabyte-b550m-ds3h-rev-1-0','GIGABYTE B550M DS3H (rev. 1.0)',2750000,1,'gigabyte-b550m-ds3h'),(315,'https://gearvn.com/products/mainboard-asrock-a320m-dvs-r4-0','Mainboard Asrock A320M-DVS R4.0',1090000,1,'asrock-a320m-dvs-r4.0'),(316,'https://gearvn.com/products/gigabyte-z390-i-aorus-pro-wifi-lga1151v2','GIGABYTE Z390 I AORUS PRO WIFI LGA1151v2',5290000,1,'gigabyte-z390-i-aorus-pro-wifi'),(317,'https://gearvn.com/products/msi-mpg-z390-gaming-edge-ac-lga1151v2','MSI MPG Z390 GAMING EDGE AC LGA1151V2',4990000,1,'msi-mpg-z390-gaming-edge-ac'),(318,'https://gearvn.com/products/msi-b450m-bazooka-plus-amd-socket-am4','MSI B450M BAZOOKA PLUS (AMD Socket AM4)',2190000,1,'msi-b450m-bazooka-plus'),(319,'https://gearvn.com/products/gigabyte-b450-aorus-m-amd-socket-am4','GIGABYTE B450 AORUS M (AMD Socket AM4)',2290000,1,'gigabyte-b450-aorus-m'),(320,'https://gearvn.com/products/asus-rog-strix-z390-h-gaming-lga1151v2','ASUS ROG STRIX Z390-H GAMING LGA1151v2',4390000,1,'asus-rog-strix-z390-h-gaming'),(321,'https://gearvn.com/products/asus-rog-strix-z390-f-gaming-lga1151v2','ASUS ROG STRIX Z390-F GAMING LGA1151v2',5090000,1,'asus-rog-strix-z390-f-gaming'),(322,'https://gearvn.com/products/msi-mpg-z390-gaming-pro-carbon-lga1151v2','MSI MPG Z390 GAMING PRO CARBON LGA1151V2',5290000,1,'msi-mpg-z390-gaming-pro-carbon'),(323,'https://gearvn.com/products/msi-h310m-pro-vdh-plus','MSI H310M Pro-VDH Plus LGA1151v2',1490000,1,'msi-h310m-pro-vdh-plus'),(324,'https://gearvn.com/products/asus-rog-strix-z390-e-gaming-lga1151v2','ASUS ROG STRIX Z390-E GAMING LGA1151v2',5490000,1,'asus-rog-strix-z390-e-gaming'),(325,'https://gearvn.com/products/asrock-z390-phantom-gaming7-lga1151v2','ASROCK Z390 Phantom Gaming 7 LGA1151V2',5790000,1,'asrock-z390-phantom-gaming-7'),(326,'https://gearvn.com/products/msi-mag-b365m-mortar-lga1151v2','MSI MAG B365M Mortar LGA1151v2',2050000,1,'msi-mag-b365m-mortar'),(327,'https://gearvn.com/products/asrock-z390-steel-legend-lga1151v2','ASROCK Z390 Steel Legend LGA1151V2',3290000,1,'asrock-z390-steel-legend'),(328,'https://gearvn.com/products/msi-mpg-z390-i-gaming-edge-ac-lga1151v2','MSI MPG Z390-I GAMING EDGE AC LGA1151V2',4990000,1,'msi-mpg-z390i-gaming-edge-ac');
/*!40000 ALTER TABLE `mainboard_price_list` ENABLE KEYS */;
UNLOCK TABLES;

--
-- Table structure for table `mainboard_rating`
--

DROP TABLE IF EXISTS `mainboard_rating`;
/*!40101 SET @saved_cs_client     = @@character_set_client */;
/*!50503 SET character_set_client = utf8mb4 */;
CREATE TABLE `mainboard_rating` (
  `ID` int NOT NULL AUTO_INCREMENT,
  `UserID` int NOT NULL,
  `MainID` varchar(100) NOT NULL,
  `Rating` double DEFAULT NULL,
  `mainboard_id` varchar(255) DEFAULT NULL,
  PRIMARY KEY (`ID`),
  KEY `MainID` (`MainID`),
  KEY `mainboard_rating_ibfk_1` (`UserID`),
  CONSTRAINT `mainboard_rating_ibfk_1` FOREIGN KEY (`UserID`) REFERENCES `user` (`ID`),
  CONSTRAINT `mainboard_rating_ibfk_2` FOREIGN KEY (`MainID`) REFERENCES `mainboard` (`ID`)
) ENGINE=InnoDB DEFAULT CHARSET=utf8;
/*!40101 SET character_set_client = @saved_cs_client */;

--
-- Dumping data for table `mainboard_rating`
--

LOCK TABLES `mainboard_rating` WRITE;
/*!40000 ALTER TABLE `mainboard_rating` DISABLE KEYS */;
/*!40000 ALTER TABLE `mainboard_rating` ENABLE KEYS */;
UNLOCK TABLES;

--
-- Table structure for table `pcprofile`
--

DROP TABLE IF EXISTS `pcprofile`;
/*!40101 SET @saved_cs_client     = @@character_set_client */;
/*!50503 SET character_set_client = utf8mb4 */;
CREATE TABLE `pcprofile` (
  `ID` varchar(100) NOT NULL,
  `UserID` int NOT NULL,
  `PcName` varchar(100) NOT NULL,
  `type` varchar(100) DEFAULT NULL,
  `budget` varchar(100) DEFAULT NULL,
  `target` varchar(100) DEFAULT NULL,
  PRIMARY KEY (`ID`),
  KEY `pcprofile_ibfk_1` (`UserID`),
  CONSTRAINT `pcprofile_ibfk_1` FOREIGN KEY (`UserID`) REFERENCES `user` (`ID`)
) ENGINE=InnoDB DEFAULT CHARSET=utf8;
/*!40101 SET character_set_client = @saved_cs_client */;

--
-- Dumping data for table `pcprofile`
--

LOCK TABLES `pcprofile` WRITE;
/*!40000 ALTER TABLE `pcprofile` DISABLE KEYS */;
/*!40000 ALTER TABLE `pcprofile` ENABLE KEYS */;
UNLOCK TABLES;

--
-- Table structure for table `pcprofile_cpu`
--

DROP TABLE IF EXISTS `pcprofile_cpu`;
/*!40101 SET @saved_cs_client     = @@character_set_client */;
/*!50503 SET character_set_client = utf8mb4 */;
CREATE TABLE `pcprofile_cpu` (
  `PcID` varchar(100) NOT NULL,
  `CpuID` varchar(100) NOT NULL,
  KEY `pcprofile_cpu_ibfk_1` (`PcID`),
  KEY `pcprofile_cpu_ibfk_2` (`CpuID`),
  CONSTRAINT `pcprofile_cpu_ibfk_1` FOREIGN KEY (`PcID`) REFERENCES `pcprofile` (`ID`),
  CONSTRAINT `pcprofile_cpu_ibfk_2` FOREIGN KEY (`CpuID`) REFERENCES `cpu` (`ID`)
) ENGINE=InnoDB DEFAULT CHARSET=utf8;
/*!40101 SET character_set_client = @saved_cs_client */;

--
-- Dumping data for table `pcprofile_cpu`
--

LOCK TABLES `pcprofile_cpu` WRITE;
/*!40000 ALTER TABLE `pcprofile_cpu` DISABLE KEYS */;
/*!40000 ALTER TABLE `pcprofile_cpu` ENABLE KEYS */;
UNLOCK TABLES;

--
-- Table structure for table `pcprofile_gpu`
--

DROP TABLE IF EXISTS `pcprofile_gpu`;
/*!40101 SET @saved_cs_client     = @@character_set_client */;
/*!50503 SET character_set_client = utf8mb4 */;
CREATE TABLE `pcprofile_gpu` (
  `PcID` varchar(100) NOT NULL,
  `GpuID` varchar(100) NOT NULL,
  KEY `pcprofile_gpu_ibfk_1` (`PcID`),
  KEY `pcprofile_gpu_ibfk_2` (`GpuID`),
  CONSTRAINT `pcprofile_gpu_ibfk_1` FOREIGN KEY (`PcID`) REFERENCES `pcprofile` (`ID`),
  CONSTRAINT `pcprofile_gpu_ibfk_2` FOREIGN KEY (`GpuID`) REFERENCES `gpu` (`ID`)
) ENGINE=InnoDB DEFAULT CHARSET=utf8;
/*!40101 SET character_set_client = @saved_cs_client */;

--
-- Dumping data for table `pcprofile_gpu`
--

LOCK TABLES `pcprofile_gpu` WRITE;
/*!40000 ALTER TABLE `pcprofile_gpu` DISABLE KEYS */;
/*!40000 ALTER TABLE `pcprofile_gpu` ENABLE KEYS */;
UNLOCK TABLES;

--
-- Table structure for table `pcprofile_hdd`
--

DROP TABLE IF EXISTS `pcprofile_hdd`;
/*!40101 SET @saved_cs_client     = @@character_set_client */;
/*!50503 SET character_set_client = utf8mb4 */;
CREATE TABLE `pcprofile_hdd` (
  `PcID` varchar(100) NOT NULL,
  `HddID` varchar(100) NOT NULL,
  KEY `pcprofile_hdd_ibfk_1` (`PcID`),
  KEY `pcprofile_hdd_ibfk_2` (`HddID`),
  CONSTRAINT `pcprofile_hdd_ibfk_1` FOREIGN KEY (`PcID`) REFERENCES `pcprofile` (`ID`),
  CONSTRAINT `pcprofile_hdd_ibfk_2` FOREIGN KEY (`HddID`) REFERENCES `hdd` (`ID`)
) ENGINE=InnoDB DEFAULT CHARSET=utf8;
/*!40101 SET character_set_client = @saved_cs_client */;

--
-- Dumping data for table `pcprofile_hdd`
--

LOCK TABLES `pcprofile_hdd` WRITE;
/*!40000 ALTER TABLE `pcprofile_hdd` DISABLE KEYS */;
/*!40000 ALTER TABLE `pcprofile_hdd` ENABLE KEYS */;
UNLOCK TABLES;

--
-- Table structure for table `pcprofile_mainboard`
--

DROP TABLE IF EXISTS `pcprofile_mainboard`;
/*!40101 SET @saved_cs_client     = @@character_set_client */;
/*!50503 SET character_set_client = utf8mb4 */;
CREATE TABLE `pcprofile_mainboard` (
  `PcID` varchar(100) NOT NULL,
  `MainID` varchar(100) NOT NULL,
  KEY `pcprofile_mainboard_ibfk_1` (`PcID`),
  KEY `pcprofile_mainboard_ibfk_2` (`MainID`),
  CONSTRAINT `pcprofile_mainboard_ibfk_1` FOREIGN KEY (`PcID`) REFERENCES `pcprofile` (`ID`),
  CONSTRAINT `pcprofile_mainboard_ibfk_2` FOREIGN KEY (`MainID`) REFERENCES `mainboard` (`ID`)
) ENGINE=InnoDB DEFAULT CHARSET=utf8;
/*!40101 SET character_set_client = @saved_cs_client */;

--
-- Dumping data for table `pcprofile_mainboard`
--

LOCK TABLES `pcprofile_mainboard` WRITE;
/*!40000 ALTER TABLE `pcprofile_mainboard` DISABLE KEYS */;
/*!40000 ALTER TABLE `pcprofile_mainboard` ENABLE KEYS */;
UNLOCK TABLES;

--
-- Table structure for table `pcprofile_psu`
--

DROP TABLE IF EXISTS `pcprofile_psu`;
/*!40101 SET @saved_cs_client     = @@character_set_client */;
/*!50503 SET character_set_client = utf8mb4 */;
CREATE TABLE `pcprofile_psu` (
  `PcID` varchar(100) NOT NULL,
  `PsuID` varchar(100) NOT NULL,
  KEY `pcprofile_psu_ibfk_1` (`PcID`),
  KEY `pcprofile_psu_ibfk_2` (`PsuID`),
  CONSTRAINT `pcprofile_psu_ibfk_1` FOREIGN KEY (`PcID`) REFERENCES `pcprofile` (`ID`),
  CONSTRAINT `pcprofile_psu_ibfk_2` FOREIGN KEY (`PsuID`) REFERENCES `psu` (`ID`)
) ENGINE=InnoDB DEFAULT CHARSET=utf8;
/*!40101 SET character_set_client = @saved_cs_client */;

--
-- Dumping data for table `pcprofile_psu`
--

LOCK TABLES `pcprofile_psu` WRITE;
/*!40000 ALTER TABLE `pcprofile_psu` DISABLE KEYS */;
/*!40000 ALTER TABLE `pcprofile_psu` ENABLE KEYS */;
UNLOCK TABLES;

--
-- Table structure for table `pcprofile_ram`
--

DROP TABLE IF EXISTS `pcprofile_ram`;
/*!40101 SET @saved_cs_client     = @@character_set_client */;
/*!50503 SET character_set_client = utf8mb4 */;
CREATE TABLE `pcprofile_ram` (
  `PcID` varchar(100) NOT NULL,
  `RamID` varchar(100) NOT NULL,
  KEY `pcprofile_ram_ibfk_1` (`PcID`),
  KEY `pcprofile_ram_ibfk_2` (`RamID`),
  CONSTRAINT `pcprofile_ram_ibfk_1` FOREIGN KEY (`PcID`) REFERENCES `pcprofile` (`ID`),
  CONSTRAINT `pcprofile_ram_ibfk_2` FOREIGN KEY (`RamID`) REFERENCES `ram` (`ID`)
) ENGINE=InnoDB DEFAULT CHARSET=utf8;
/*!40101 SET character_set_client = @saved_cs_client */;

--
-- Dumping data for table `pcprofile_ram`
--

LOCK TABLES `pcprofile_ram` WRITE;
/*!40000 ALTER TABLE `pcprofile_ram` DISABLE KEYS */;
/*!40000 ALTER TABLE `pcprofile_ram` ENABLE KEYS */;
UNLOCK TABLES;

--
-- Table structure for table `pcprofile_ssd`
--

DROP TABLE IF EXISTS `pcprofile_ssd`;
/*!40101 SET @saved_cs_client     = @@character_set_client */;
/*!50503 SET character_set_client = utf8mb4 */;
CREATE TABLE `pcprofile_ssd` (
  `PcID` varchar(100) NOT NULL,
  `SsdID` varchar(100) NOT NULL,
  KEY `pcprofile_ssd_ibfk_1` (`PcID`),
  KEY `pcprofile_ssd_ibfk_2` (`SsdID`),
  CONSTRAINT `pcprofile_ssd_ibfk_1` FOREIGN KEY (`PcID`) REFERENCES `pcprofile` (`ID`),
  CONSTRAINT `pcprofile_ssd_ibfk_2` FOREIGN KEY (`SsdID`) REFERENCES `ssd` (`ID`)
) ENGINE=InnoDB DEFAULT CHARSET=utf8;
/*!40101 SET character_set_client = @saved_cs_client */;

--
-- Dumping data for table `pcprofile_ssd`
--

LOCK TABLES `pcprofile_ssd` WRITE;
/*!40000 ALTER TABLE `pcprofile_ssd` DISABLE KEYS */;
/*!40000 ALTER TABLE `pcprofile_ssd` ENABLE KEYS */;
UNLOCK TABLES;

--
-- Table structure for table `post`
--

DROP TABLE IF EXISTS `post`;
/*!40101 SET @saved_cs_client     = @@character_set_client */;
/*!50503 SET character_set_client = utf8mb4 */;
CREATE TABLE `post` (
  `ID` int NOT NULL AUTO_INCREMENT,
  `Name` varchar(100) NOT NULL,
  `CreationTime` date NOT NULL,
  `Details` text NOT NULL,
  `CreatorID` int NOT NULL,
  `Description` varchar(100) NOT NULL,
  `price` text NOT NULL,
  PRIMARY KEY (`ID`),
  KEY `post_ibfk_1` (`CreatorID`),
  CONSTRAINT `post_ibfk_1` FOREIGN KEY (`CreatorID`) REFERENCES `user` (`ID`)
) ENGINE=InnoDB AUTO_INCREMENT=11 DEFAULT CHARSET=utf8;
/*!40101 SET character_set_client = @saved_cs_client */;

--
-- Dumping data for table `post`
--

LOCK TABLES `post` WRITE;
/*!40000 ALTER TABLE `post` DISABLE KEYS */;
INSERT INTO `post` VALUES (1,'Entry-Level AMD Build','2020-12-27','',1,'Hello motherfucker','20.000.000+ VND'),(2,'Entry-Level Intel Build','2020-12-27','',1,'Hello fuckermother','20.000.000+ VND'),(3,'High-End Intel Build','2020-12-27','',1,'Fuckermother Hello','80.000.000+ VND'),(4,'High-End AMD Build','2020-12-27','',1,'Motherfucker Hello ','80.000.000+ VND'),(5,'Low-End Intel Build','2020-12-27','',1,'Motherhello fucker','20.000.000+ VND'),(6,'Low-End AMD Build','2020-12-27','',1,'Fucker motherhello ','20.000.000+ VND'),(7,'Streaming Intel Build','2020-12-27','',1,'Hello fuckermother','20.000.000+ VND'),(8,'Streaming AMD Build','2020-12-27','',1,'Hello fuckermother','20.000.000+ VND');
/*!40000 ALTER TABLE `post` ENABLE KEYS */;
UNLOCK TABLES;

--
-- Table structure for table `post_pc`
--

DROP TABLE IF EXISTS `post_pc`;
/*!40101 SET @saved_cs_client     = @@character_set_client */;
/*!50503 SET character_set_client = utf8mb4 */;
CREATE TABLE `post_pc` (
  `PcID` varchar(100) NOT NULL,
  `PostID` int NOT NULL,
  KEY `post_pc_ibfk_1` (`PostID`),
  KEY `post_pc_ibfk_2` (`PcID`),
  CONSTRAINT `post_pc_ibfk_1` FOREIGN KEY (`PostID`) REFERENCES `post` (`ID`),
  CONSTRAINT `post_pc_ibfk_2` FOREIGN KEY (`PcID`) REFERENCES `pcprofile` (`ID`)
) ENGINE=InnoDB DEFAULT CHARSET=utf8;
/*!40101 SET character_set_client = @saved_cs_client */;

--
-- Dumping data for table `post_pc`
--

LOCK TABLES `post_pc` WRITE;
/*!40000 ALTER TABLE `post_pc` DISABLE KEYS */;
/*!40000 ALTER TABLE `post_pc` ENABLE KEYS */;
UNLOCK TABLES;

--
-- Table structure for table `psu`
--

DROP TABLE IF EXISTS `psu`;
/*!40101 SET @saved_cs_client     = @@character_set_client */;
/*!50503 SET character_set_client = utf8mb4 */;
CREATE TABLE `psu` (
  `ID` varchar(100) NOT NULL,
  `manufacturer` varchar(100) NOT NULL,
  `serieName` varchar(100) NOT NULL,
  `chipset` varchar(100) DEFAULT NULL,
  `power` int NOT NULL,
  `standard_80` varchar(100) NOT NULL,
  `fullname` text NOT NULL,
  `image` varchar(100) NOT NULL,
  PRIMARY KEY (`ID`)
) ENGINE=InnoDB DEFAULT CHARSET=utf8;
/*!40101 SET character_set_client = @saved_cs_client */;

--
-- Dumping data for table `psu`
--

LOCK TABLES `psu` WRITE;
/*!40000 ALTER TABLE `psu` DISABLE KEYS */;
INSERT INTO `psu` VALUES ('aerocool-lux-rgb-550-bronze','AEROCOOL','LUX RGB','ATX',550,'Bronze','AEROCOOL LUX RGB 550W 80 Plus Bronze',''),('aerocool-lux-rgb-650-bronze','AEROCOOL','LUX RGB','ATX',650,'Bronze','Aerocool LUX RGB 650W 80 Plus Bronze',''),('aerocool-lux-rgb-750-bronze','AEROCOOL','LUX RGB','ATX',750,'Bronze','Aerocool LUX RGB 750W 80 Plus Bronze',''),('aerocool-united-power-500-white','AEROCOOL','UNITED POWER','ATX',500,'White','AEROCOOL UNITED POWER 500W 80Plus',''),('aerocool-vx-plus-350-none','AEROCOOL','VX PLUS','ATX',350,'None','AEROCOOL VX PLUS 350',''),('aerocool-vx-plus-400-none','AEROCOOL','VX PLUS','ATX',400,'None','AEROCOOL VX PLUS 400',''),('aerocool-vx-plus-500-none','AEROCOOL','VX PLUS','ATX',500,'None','AEROCOOL VX PLUS 500',''),('aerocool-vx-plus-600-none','AEROCOOL','VX PLUS','ATX',600,'None','AEROCOOL VX PLUS 600',''),('antec-ae-pro-750-gold','Antec','VP','ATX',750,'Gold','ANTEC EA750G PRO-750W',''),('antec-atom-350-none','Antec','ATOM','ATX',350,'None','Antec ATOM V350',''),('antec-atom-450-none','Antec','ATOM','ATX',450,'None','Antec ATOM V450',''),('antec-atom-550-bronze','Antec','ATOM','ATX',550,'Bronze','Antec ATOM B550 - 550W 80 PLUS BRONZE',''),('antec-atom-550-none','Antec','ATOM','ATX',550,'None','Antec ATOM B550 - 550W 80',''),('antec-atom-650-bronze','Antec','ATOM','ATX',650,'Bronze','Antec ATOM B650 - 650W 80 PLUS BRONZE',''),('antec-vp-500-none','Antec','VP','ATX',500,'None','Antec VP500PC',''),('asus-rog-strix-1000-gold','ASUS','ROG STRIX','ATX',1000,'Gold','ASUS ROG STRIX 1000W GOLD',''),('asus-rog-strix-750-gold','ASUS','ROG STRIX','ATX',750,'Gold','ASUS ROG STRIX 750W GOLD',''),('asus-rog-strix-850-gold','ASUS','ROG STRIX','ATX',850,'Gold','ASUS ROG STRIX 850W GOLD',''),('asus-rog-thor-1200-platinum','ASUS','ROG Thor','ATX',1200,'Platinum','Asus ROG Thor 1200w',''),('asus-rog-thor-850-platinum','ASUS','ROG Thor','ATX',850,'Platinum','Asus ROG Thor 850w',''),('asus-tuf-550-bronze','ASUS','TUF','ATX',550,'Bronze','ASUS TUF GAMING 550W Bronze',''),('asus-tuf-650-bronze','ASUS','TUF','ATX',650,'Bronze','ASUS TUF GAMING 650W Bronze',''),('cm-elite-v1000-1000-white','Cooler Master','V1000 V3','ATX',1000,'none','Cooler Master Elite V1000 1000W',''),('cm-elite-v3-400-none','Cooler Master','Elite V3','ATX',400,'none','Cooler Master Elite V3 400W',''),('cm-elite-v3-500-none','Cooler Master','Elite V3','ATX',500,'none','Cooler Master Elite V3 500W',''),('cm-elite-v3-600-none','Cooler Master','Elite V3','ATX',600,'None','Cooler Master Elite V3 600W',''),('cm-elite-v3-700-none','Cooler Master','Elite V3','ATX',600,'None','Cooler Master Elite V3 700W',''),('cm-elite-v4-500-white','Cooler Master','Elite V3','ATX',500,'none','Cooler Master Elite V4 500W',''),('cm-elite-v4-600-white','Cooler Master','Elite V3','ATX',600,'none','Cooler Master Elite V4 600W',''),('cm-mwe-bronze-v2-400-bronze','Cooler Master','MWE Bronze V2','ATX',400,'bronze','Cooler Master MWE Bronze V2 400W',''),('cm-mwe-bronze-v2-450-bronze','Cooler Master','MWE Bronze V2','ATX',450,'bronze','Cooler Master MWE Bronze V2 450W',''),('cm-mwe-bronze-v2-550-bronze','Cooler Master','MWE Bronze V2','ATX',550,'bronze','Cooler Master MWE Bronze V2 550W',''),('cm-mwe-bronze-v2-600-bronze','Cooler Master','MWE Bronze V2','ATX',600,'bronze','Cooler Master MWE Bronze V2 600W',''),('cm-mwe-bronze-v2-650-bronze','Cooler Master','MWE Bronze V2','ATX',650,'bronze','Cooler Master MWE Bronze V2 650W',''),('cm-mwe-bronze-v2-700-bronze','Cooler Master','MWE Bronze V2','ATX',700,'bronze','Cooler Master MWE Bronze V2 700W',''),('cm-mwe-bronze-v2-750-bronze','Cooler Master','MWE Bronze V2','ATX',750,'bronze','Cooler Master MWE Bronze V2 750W',''),('cm-mwe-gold-650-gold','Cooler Master','MWE Gold','ATX',650,'gold','Cooler Master MWE Gold 650W',''),('cm-mwe-gold-750-gold','Cooler Master','MWE Gold','ATX',750,'gold','Cooler Master MWE Gold 750W',''),('cm-mwe-gold-850-gold','Cooler Master','MWE Gold','ATX',850,'gold','Cooler Master MWE Gold 850W',''),('cm-mwe-v2-400-white','Cooler Master','MWE','ATX',400,'White','Cooler master MWE 400 White V2',''),('cm-mwe-v2-500-white','Cooler Master','MWE','ATX',500,'White','Cooler master MWE 500 White V2',''),('cm-mwe-v2-650-white','Cooler Master','MWE','ATX',650,'White','Cooler Master MWE White 650W',''),('cm-mwe-v2-700-white','Cooler Master','MWE','ATX',700,'White','Cooler Master MWE 700 WHITE V2',''),('cm-mwe-v2-750-white','Cooler Master','MWE','ATX',750,'White','Cooler Master MWE 750 WHITE V2',''),('cm-v-sfx-gold-650-gold','Cooler Master','V SFX Gold','SFX',650,'gold','Cooler Master V SFX Gold 650W',''),('cm-v-sfx-gold-750-gold','Cooler Master','V SFX Gold','SFX',750,'gold','Cooler Master V SFX Gold 750W',''),('cm-v-sfx-gold-850-gold','Cooler Master','V SFX Gold','SFX',850,'gold','Cooler Master V SFX Gold 850W',''),('corsair-axi-1200-titanium','Corsair','RMX','ATX',1200,'Titanium','CORSAIR AX1200i DIGITAL - 80 PLUS Titanium',''),('corsair-axi-1600-titanium','Corsair','RMX','ATX',1600,'Titanium','CORSAIR AX1600i DIGITAL - 80 PLUS Titanium',''),('corsair-cv-450-bronze','Corsair','CV','ATX',450,'Bronze','Corsair CV 450W',''),('corsair-cv-550-bronze','Corsair','CV','ATX',550,'Bronze','Corsair CV 550W',''),('corsair-cv-650-bronze','Corsair','CV','ATX',650,'Bronze','Corsair CV 650W',''),('corsair-cx-550-bronze','Corsair','CX','ATX',550,'Bronze','Corsair CX 550',''),('corsair-cxf-550-bronze','Corsair','CXF','ATX',550,'bronze','Corsair CXF 550W',''),('corsair-cxf-650-bronze','Corsair','CXF','ATX',650,'bronze','Corsair CXF 650W',''),('corsair-cxf-rgb-550-white','Corsair','CX RGB','ATX',550,'White','Corsair CX 550F',''),('corsair-cxm-750-bronze','Corsair','CXM','ATX',750,'bronze','Corsair CXM 750W',''),('corsair-hx-platinum-1000-platinum','Corsair','HX Platinum','ATX',1000,'platinum','Corsair HX Platinum 1000W',''),('corsair-hx-platinum-1200-platinum','Corsair','HX Platinum','ATX',1200,'platinum','Corsair HX Platinum 1200W',''),('corsair-hx-platinum-850-platinum','Corsair','HX Platinum','ATX',850,'platinum','Corsair HX Platinum 850W',''),('corsair-rm-650-gold','Corsair','RM','ATX',650,'Gold','Corsair RM650 80 Plus Gold',''),('corsair-rm-750-gold','Corsair','RM','ATX',750,'Gold','Corsair RM750 80 Plus Gold',''),('corsair-rm-850-gold','Corsair','RM','ATX',850,'Gold','Corsair RM850 80 Plus Gold',''),('corsair-rmi-1000-gold','Corsair','RMX','ATX',1000,'Gold','Corsair RM1000i 80 PLUS Gold',''),('corsair-rmx-650-gold','Corsair','RMX','ATX',650,'Gold','Corsair RM650X 80 Plus Gold',''),('corsair-rmx-750-gold','Corsair','RMX','ATX',750,'Gold','Corsair RM750X 80 Plus Gold',''),('corsair-rmx-850-gold','Corsair','RMX','ATX',850,'Gold','Corsair RM850X 80 Plus Gold',''),('corsair-sf-600-gold','Corsair','SF','SFX',600,'Gold','Corsair SF600 600W - 80Plus Gold',''),('corsair-sf-600-platinum','Corsair','SF','SFX',600,'Platinum','Corsair SF600 600W - 80Plus Platinum',''),('corsair-sf-750-platinum','Corsair','SF','SFX',750,'Platinum','Corsair SF 750W - 80Plus Platinum',''),('corsair-vs-450-white','Corsair','VS','ATX',450,'White','Corsair VS 450W',''),('seasonic-focus-1000-gold','Seasonic','FOCUS','ATX',1000,'Gold','Seasonic FOCUS 1000w PLUS GOLD',''),('seasonic-m12ii-620-bronze','Seasonic','FOCUS','ATX',620,'Bronze','Seasonic M12II-620 EVO 80 Plus Bronze',''),('seasonic-prime-1300-gold','Seasonic','PRIME','ATX',1300,'Gold','Seasonic PRIME 1300PD 80 PLUS Gold',''),('seasonic-prime-1300-platinum','Seasonic','PRIME','ATX',1300,'Platinum','Seasonic PRIME 1300PD 80 PLUS PLATINUM',''),('seasonic-prime-ultra-1000-platinum','Seasonic','PRIME','ATX',1000,'Platinum','Seasonic Prime Ultra 1000TR 80Plus Titanium',''),('silverstone-sst-et650-g-tuf-v1.1-650-gold','Silverstone','SST-ET650-G','ATX',650,'Gold','SilverStone SST-ET650-G ASUS TUF Gaming',''),('silverstone-sst-et650-hg-v1.1-650-gold','Silverstone','SST-ET650-HG V1.1','ATX',650,'Gold','SilverStone SST-ET650-HG V1.1',''),('silverstone-sst-et750-g-tuf-v1.1-650-gold','Silverstone','SST-ET750-G','ATX',750,'Gold','SilverStone SST-ET750-G ASUS TUF Gaming',''),('silverstone-sst-et750-hg-v1.1-750-gold','Silverstone','SST-ET650-HG V1.1','ATX',750,'Gold','SilverStone SST-ET750-HG V1.1',''),('silverstone-sst-st50f-es230-v2.0-500-white','Silverstone','SST-ST50F-ES230 V2.0','ATX',500,'White','SilverStone SST-ST50F-ES230 V2.0',''),('silverstone-sst-st65f-es230-v2.0-650-white','Silverstone','SST-ST50F-ES230 V2.0','ATX',650,'White','SilverStone SST-ST65F-ES230 V2.0',''),('xigmatek-tauro-500-bronze','XIGMATEK','Tauro','ATX',500,'Bronze','Xigmatek Tauro 500W M',''),('xigmatek-x-power-ii-500-white','XIGMATEK','X-POWER II','ATX',500,'white','XIGMATEK X-POWER II 550 80PLUS',''),('xigmatek-x-power-ii-600-white','XIGMATEK','X-POWER II','ATX',600,'white','XIGMATEK X-POWER II 650 80PLUS',''),('xigmatek-x-power-iii-400-white','XIGMATEK','X-POWER III','ATX',400,'white','XIGMATEK X-POWER III 450 80PLUS',''),('xigmatek-x-power-iii-450-white','XIGMATEK','X-POWER III','ATX',450,'white','XIGMATEK X-POWER III 500 80PLUS',''),('xigmatek-x-power-iii-500-white','XIGMATEK','X-POWER III','ATX',500,'white','XIGMATEK X-POWER III 550 80PLUS',''),('xigmatek-x-power-iii-600-white','XIGMATEK','X-POWER III','ATX',600,'white','XIGMATEK X-POWER III 650 80PLUS','');
/*!40000 ALTER TABLE `psu` ENABLE KEYS */;
UNLOCK TABLES;

--
-- Table structure for table `psu_price_list`
--

DROP TABLE IF EXISTS `psu_price_list`;
/*!40101 SET @saved_cs_client     = @@character_set_client */;
/*!50503 SET character_set_client = utf8mb4 */;
CREATE TABLE `psu_price_list` (
  `Id` int NOT NULL AUTO_INCREMENT,
  `link` text NOT NULL,
  `name` text NOT NULL,
  `price` int NOT NULL,
  `fid` varchar(100) NOT NULL,
  `rid` int NOT NULL,
  PRIMARY KEY (`Id`),
  KEY `fid` (`fid`),
  KEY `psu_price_list_ibfk_1_idx` (`rid`),
  CONSTRAINT `psu_price_list_ibfk_1` FOREIGN KEY (`fid`) REFERENCES `psu` (`ID`),
  CONSTRAINT `psu_price_list_ibfk_2` FOREIGN KEY (`rid`) REFERENCES `retailer` (`ID`)
) ENGINE=InnoDB AUTO_INCREMENT=135 DEFAULT CHARSET=utf8;
/*!40101 SET character_set_client = @saved_cs_client */;

--
-- Dumping data for table `psu_price_list`
--

LOCK TABLES `psu_price_list` WRITE;
/*!40000 ALTER TABLE `psu_price_list` DISABLE KEYS */;
INSERT INTO `psu_price_list` VALUES (1,'https://www.hanoicomputer.vn/nguon-corsair-rm-series-rm850-850-watt-80-plus-gold-certified-fully-modular','Nguồn Corsair RM Series RM850 - 850W (80 Plus  Gold Certified Full Modular/Màu Đen)',3249000,'corsair-rmx-850-gold',2),(2,'https://www.hanoicomputer.vn/nguon-corsair-rm-series-rm750-750-watt-80-plus-gold-certified-fully-modular','Nguồn Corsair RM Series RM750 - 750W (80 Plus  Gold Certified Full Modular/Màu Đen)',2949000,'corsair-rm-750-gold',2),(3,'https://www.hanoicomputer.vn/nguon-asus-rog-thor-1200w-platinum-rgb-1200w-80-plus-platinum-full-modular','Nguồn Asus ROG Thor 1200W Platinum - RGB 1200W 80 Plus Platinum Full Modular',9189000,'asus-rog-thor-1200-platinum',2),(4,'https://www.hanoicomputer.vn/nguon-may-tinh-cooler-master-elite-v3-230v-pc400-400w-box-mau-den','Nguồn máy tính Cooler Master Elite V3 230V PC400 400W Box (Màu Đen)',499000,'cm-elite-v3-400-none',2),(5,'https://www.hanoicomputer.vn/nguon-may-tinh-cooler-master-elite-500w-v4-80-plus-den','Nguồn máy tính Cooler master Elite 500w V4 (80 Plus /Màu Đen)  ',889000,'cm-elite-v4-500-white',2),(6,'https://www.hanoicomputer.vn/nguon-may-tinh-cooler-master-elite-v3-230v-pc500-500w-mau-den','Nguồn máy tính Cooler Master Elite V3 230V PC500 500W  (Màu Đen)',799000,'cm-elite-v3-500-none',2),(7,'https://www.hanoicomputer.vn/nguon-may-tinh-cooler-master-elite-600w-v4-80-plus-den','Nguồn máy tính Cooler master Elite 600w V4 (80 Plus /Màu Đen)  ',989000,'cm-elite-v4-600-white',2),(8,'https://www.hanoicomputer.vn/nguon-may-tinh-cooler-master-v1000-80-plus-gold-full-modular','Nguồn Cooler Master V1000 1000W (80 Plus  Gold Full Modular/Màu Đen)',4189000,'cm-elite-v1000-1000-white',2),(9,'https://www.hanoicomputer.vn/nguon-may-tinh-cooler-master-elite-v3-230v-pc700-700w-mau-den','Nguồn máy tính Cooler Master Elite V3 230V PC700 700W  (Màu Đen)',999000,'cm-elite-v3-700-none',2),(10,'https://www.hanoicomputer.vn/nguon-may-tinh-cooler-master-mwe-v2-230v-450-450w-plus-bronze-den','Nguồn máy tính Cooler Master MWE V2 230V 450 450W Plus Bronze  (80 Plus Bronze/Màu Đen) ',959000,'cm-mwe-bronze-v2-450-bronze',2),(11,'https://www.hanoicomputer.vn/nguon-aero-cool-lux-rgb-550w-80-plus-bronze-mau-den-led-rgb','Nguồn Aero Cool Lux RGB 550W ( 80 Plus Bronze/Màu Đen/Led RGB)',959000,'aerocool-lux-rgb-550-bronze',2),(12,'https://www.hanoicomputer.vn/nguon-may-tinh-cooler-master-mwe-v2-230v-650-650w-plus-bronze-den','Nguồn máy tính Cooler Master MWE V2 230V 650 650W Plus Bronze  (80 Plus Bronze/Màu Đen)  ',1429000,'cm-mwe-bronze-v2-650-bronze',2),(13,'https://www.hanoicomputer.vn/nguon-corsair-rm-series-rm650-650-watt-80-plus-gold-certified-fully-modular','Nguồn Corsair RM Series RM650 - 650W  (80 Plus  Gold Certified Full Modular/Màu Đen)',2759000,'corsair-rm-650-gold',2),(14,'https://www.hanoicomputer.vn/nguon-aero-cool-lux-rgb-650w-80-plus-bronze-mau-den-led-rgb','Nguồn Aero Cool Lux RGB 650W ( 80 Plus Bronze/Màu Đen/Led RGB)',1190000,'aerocool-lux-rgb-650-bronze',2),(15,'https://www.hanoicomputer.vn/nguon-may-tinh-cooler-master-elite-v3-230v-pc700-700w-mau-den','Nguồn máy tính Cooler Master Elite V3 230V PC700 700W  (Màu Đen)',999000,'cm-elite-v3-700-none',2),(16,'https://www.hanoicomputer.vn/nguon-may-tinh-cooler-master-mwe-v2-230v-450-450w-plus-bronze-den','Nguồn máy tính Cooler Master MWE V2 230V 450 450W Plus Bronze  (80 Plus Bronze/Màu Đen) ',959000,'cm-mwe-bronze-v2-450-bronze',2),(17,'https://www.hanoicomputer.vn/nguon-aero-cool-lux-rgb-550w-80-plus-bronze-mau-den-led-rgb','Nguồn Aero Cool Lux RGB 550W ( 80 Plus Bronze/Màu Đen/Led RGB)',959000,'aerocool-lux-rgb-550-bronze',2),(18,'https://www.hanoicomputer.vn/nguon-may-tinh-cooler-master-mwe-v2-230v-650-650w-plus-bronze-den','Nguồn máy tính Cooler Master MWE V2 230V 650 650W Plus Bronze  (80 Plus Bronze/Màu Đen)  ',1429000,'cm-mwe-bronze-v2-650-bronze',2),(19,'https://www.hanoicomputer.vn/nguon-corsair-series-cv-550-550w-80-plus-bronze-mau-den','Nguồn Corsair Series CV 550 550W (80 Plus Bronze/Màu Đen)',1229000,'corsair-cv-550-bronze',2),(20,'https://www.hanoicomputer.vn/nguon-aerocool-vx-plus-350-230v-n-pfc-350w','Nguồn Aerocool VX PLUS 350 230V N-PFC 350W ( Màu Đen)',389000,'aerocool-vx-plus-350-none',2),(21,'https://www.hanoicomputer.vn/nguon-may-tinh-cooler-master-mwe-v2-230v-550-550w-plus-bronze-80-plus-bronze-den','Nguồn máy tính Cooler Master MWE V2 230V 550 550W Plus Bronze  (80 Plus Bronze/Màu Đen) ',1259000,'cm-mwe-bronze-v2-550-bronze',2),(22,'https://www.hanoicomputer.vn/nguon-aerocool-vx-plus-400-230v-n-pfc400w','Nguồn Aerocool VX PLUS 400 230V N-PFC400W ( Màu Đen)',449000,'aerocool-vx-plus-400-none',2),(23,'https://www.hanoicomputer.vn/nguon-may-tinh-cooler-master-mwe-gold-750-v2-750w-80-plus-gold-den-full-modular','Nguồn máy tính Cooler Master MWE GOLD 750 - V2  750W ( 80 Plus Gold/Màu Đen/Full Modular)',2699000,'cm-mwe-gold-750-gold',2),(24,'https://www.hanoicomputer.vn/nguon-aerocool-vx-plus-500-230v-n-pfc-500w','Nguồn Aerocool VX PLUS 500 230V N-PFC 500W ( Màu Đen)',549000,'aerocool-vx-plus-500-none',2),(25,'https://www.hanoicomputer.vn/nguon-may-tinh-cooler-master-mwe-gold-850-v2-850w-80-plus-gold-den-full-modular','Nguồn máy tính Cooler Master MWE GOLD 850 - V2  850W ( 80 Plus Gold/Màu Đen/Full Modular)',3159000,'cm-mwe-gold-850-gold',2),(26,'https://www.hanoicomputer.vn/nguon-aerocool-vx-plus-600-230v-n-pfc-600w','Nguồn Aerocool VX PLUS 600 230V N-PFC 600W ( Màu Đen)',689000,'aerocool-vx-plus-600-none',2),(27,'https://www.hanoicomputer.vn/nguon-corsair-series-cv-450-450w-80-plus-bronze-mau-den','Nguồn Corsair Series CV 450 450W (80 Plus Bronze/Màu Đen)',959000,'corsair-cv-450-bronze',2),(28,'https://www.hanoicomputer.vn/nguon-may-tinh-cooler-master-mwe-v2-230v-500-500w-plus-bronze-den','Nguồn máy tính Cooler Master MWE V2 230V 500 500W Plus Bronze  (80 Plus Bronze/Màu Đen)  ',1069000,'cm-mwe-v2-500-white',2),(29,'https://www.hanoicomputer.vn/nguon-may-tinh-cooler-master-mwe-bronze-v2-750w-80-plus-bronze','Nguồn Cooler Master MWE Bronze V2 750w (80 Plus  Bronze/Màu Đen)',1999000,'cm-mwe-v2-750-white',2),(30,'https://www.hanoicomputer.vn/nguon-corsair-series-cv-650-650w-80-plus-brone','Nguồn Corsair Series CV 650 650W (80 Plus Brone/Mầu Đen) ',1429000,'corsair-cv-650-bronze',2),(31,'https://www.hanoicomputer.vn/nguon-may-tinh-cooler-master-mwe-v2-230v-400-400w-plus-bronze-den','Nguồn máy tính Cooler Master MWE V2 230V 400 400W Plus Bronze  (80 Plus Bronze/Màu Đen)  ',859000,'cm-mwe-bronze-v2-400-bronze',2),(32,'https://www.hanoicomputer.vn/nguon-may-tinh-cooler-master-elite-v3-600w','Nguồn máy tính Cooler Master Elite V3 230V PC600 600W (Màu Đen)',869000,'cm-elite-v3-600-none',2),(33,'https://www.hanoicomputer.vn/nguon-corsair-sf600-80-plus-platinum-600w-sfx','Nguồn  Corsair SF600 - 80 PLUS® Platinum 600W SFX ',3599000,'corsair-sf-600-platinum',2),(34,'https://www.hanoicomputer.vn/nguon-aero-cool-lux-rgb-750w-80-plus-bronze-mau-den-led-rgb','Nguồn Aero Cool Lux RGB 750W ( 80 Plus Bronze/Màu Đen/Led RGB) ',1399000,'aerocool-lux-rgb-750-bronze',2),(36,'https://gearvn.com/products/400w-nguon-may-tinh-cooler-master-mwe-400-white-v2-80-plus','( 400W ) Nguồn máy tính Cooler Master MWE 400 White V2 80 PLUS',790000,'cm-mwe-v2-400-white',1),(37,'https://gearvn.com/products/450w-nguon-may-tinh-corsair-cv450-80-plus-bronze','( 450W ) Nguồn máy tính Corsair CV450 80 Plus Bronze',850000,'corsair-cv-450-bronze',1),(38,'https://gearvn.com/products/500w-silverstone-st50f-es230-80-plus','( 500W ) Nguồn máy tính SilverStone ST50F-ES230 80 Plus',990000,'silverstone-sst-st50f-es230-v2.0-500-white',1),(39,'https://gearvn.com/products/550w-nguon-may-tinh-corsair-cv550-80-plus-bronze','( 550W ) Nguồn máy tính Corsair CV550 80 Plus Bronze',1090000,'corsair-cv-550-bronze',1),(40,'https://gearvn.com/products/650w-silverstone-st65f-es230-80-plus','( 650W ) Nguồn máy tính SilverStone ST65F-ES230 80 Plus',1190000,'silverstone-sst-st65f-es230-v2.0-650-white',1),(41,'https://gearvn.com/products/550w-nguon-may-tinh-cooler-master-mwe-550-bronze-v2-230v','(550W) Nguồn máy tính Cooler Master MWE 550 BRONZE - V2 230V',1250000,'cm-mwe-bronze-v2-550-bronze',1),(42,'https://gearvn.com/products/650w-nguon-may-tinh-corsair-cv650-80-plus-bronze','( 650W ) Nguồn máy tính Corsair CV650 80 Plus Bronze',1290000,'corsair-cv-650-bronze',1),(43,'https://gearvn.com/products/600w-nguon-may-tinh-cooler-master-mwe-600-bronze-v2-230v','(600W) Nguồn máy tính Cooler Master MWE 600 BRONZE - V2 230V',1400000,'cm-mwe-bronze-v2-600-bronze',1),(44,'https://gearvn.com/products/650w-nguon-may-tinh-cooler-master-mwe-650-bronze-v2-230v','(650W) Nguồn máy tính Cooler Master MWE 650 BRONZE - V2 230V',1450000,'cm-mwe-bronze-v2-650-bronze',1),(45,'https://gearvn.com/products/700w-nguon-may-tinh-cooler-master-mwe-700-bronze-v2-230v','(700W) Nguồn máy tính Cooler Master MWE 700 BRONZE - V2 230V',1770000,'cm-mwe-bronze-v2-700-bronze',1),(46,'https://gearvn.com/products/750w-nguon-may-tinh-cooler-master-mwe-750-bronze-v2-230v','(750W) Nguồn máy tính Cooler Master MWE 750 BRONZE - V2 230V',1950000,'cm-mwe-bronze-v2-750-bronze',1),(47,'https://gearvn.com/products/620w-bronze-seasonic-m12ii-620-evo-80-plus-bronze','( 620W Bronze ) Seasonic M12II-620 EVO 80 Plus Bronze',1950000,'seasonic-m12ii-620-bronze',1),(48,'https://gearvn.com/products/650w-gold-modular-nguon-may-tinh-corsair-rm650-80-plus-gold','(650W Gold Modular) Nguồn máy tính Corsair RM650 80 Plus GOLD',2600000,'corsair-rm-650-gold',1),(49,'https://gearvn.com/products/750w-gold-modular-nguon-may-tinh-corsair-rm750-80-plus-gold','( 750W Gold Modular) Nguồn máy tính Corsair RM750 80 Plus GOLD',2690000,'corsair-rm-750-gold',1),(50,'https://gearvn.com/products/cooler-master-v750-80-plus-gold','( 750W ) Nguồn máy tính Cooler Master V750 80 Plus Gold',2990000,'cm-v-sfx-gold-750-gold',1),(51,'https://gearvn.com/products/850w-gold-modular-nguon-corsair-rm850-80-plus-gold','( 850W Gold Modular) Nguồn máy tính Corsair RM850 80 Plus GOLD',3190000,'corsair-rm-850-gold',1),(52,'https://gearvn.com/products/750w-gold-modular-corsair-rm750x-80-plus-gold','( 750W Gold Modular) Corsair RM750X 80 Plus GOLD',3290000,'corsair-rmx-750-gold',1),(53,'https://gearvn.com/products/600w-corsair-sf-series-sf600-600w-80-plus-platinum','( 600W ) Corsair SF Series SF600 - 600W 80 PLUS Platinum',3500000,'corsair-sf-600-platinum',1),(54,'https://gearvn.com/products/nguon-may-tinh-corsair-rm750x-white-80-plus-gold','( 750W Gold Modular) Nguồn máy tính Corsair RM750x White 80 Plus GOLD',3510000,'corsair-rmx-750-gold',1),(55,'https://gearvn.com/products/850w-gold-modular-corsair-rm850x-80-plus-gold','( 850W Gold Modular) Corsair RM850X 80 Plus GOLD',3690000,'corsair-rmx-850-gold',1),(56,'https://gearvn.com/products/nguon-may-tinh-corsair-rm850x-white-80-plus-gold','( 850W Gold Modular) Nguồn máy tính Corsair RM850x White 80 Plus GOLD',3790000,'corsair-rmx-850-gold',1),(57,'https://gearvn.com/products/750w-corsair-sf750-80-plus-platinum','(750W) Corsair SF750 80 Plus Platinum',3990000,'corsair-sf-750-platinum',1),(58,'https://gearvn.com/products/1000w-platinum-modular-corsair-hx1000-80-plus-platinum','( 1000W Platinum Modular) Corsair HX1000 80 PLUS® Platinum',5700000,'corsair-hx-platinum-1000-platinum',1),(59,'https://gearvn.com/products/850w-platinum-nguon-asus-rog-thor-850w-platinum','(850W Platinum) Nguồn ASUS ROG Thor 850W Platinum',5990000,'asus-rog-thor-850-platinum',1),(60,'https://gearvn.com/products/1300w-gold-seasonic-prime-1300w','( 1300W ) Seasonic Prime 1300 80 Plus Gold',6490000,'seasonic-prime-1300-gold',1),(61,'https://gearvn.com/products/1200w-platinum-modular-corsair-hx1200-80-plus-platinum','( 1200W Platinum Modular) Corsair HX1200 80 PLUS® Platinum',6690000,'corsair-hx-platinum-1200-platinum',1),(62,'https://gearvn.com/products/1200w-nguon-corsair-ax1200i-1200-watt-80-plus-platinum','( 1200W ) Nguồn Corsair AX1200i - 1200 Watt 80 PLUS® PLATINUM',9200000,'corsair-axi-1200-titanium',1),(63,'https://gearvn.com/products/1200w-platinum-nguon-asus-rog-thor-1200p-80-plus-platinum','( 1200W Platinum ) Nguồn ASUS Rog Thor 1200P 80 PLUS® Platinum',9290000,'asus-rog-thor-1200-platinum',1),(64,'https://gearvn.com/products/corsair-ax1600i-digital-atx-power-supply-1600-watt-fully-modular-psu','( 1600W )Corsair AX1600i Digital ATX Power Supply — 1600 Watt Fully - Modular PSU',12700000,'corsair-axi-1600-titanium',1),(65,'https://www.anphatpc.com.vn/nguon-may-tinh-corsair-vs-450w-80-plus-white-certified-psu_id25625.html','Nguồn máy tính corsair VS 450W 80 PLUS White Certified PSU',899000,'corsair-vs-450-white',3),(67,'https://www.anphatpc.com.vn/nguon-may-tinh-corsair-rm750-80-plus-gold-full-modul-cp-9020195-na_id30146.html','Nguồn máy tính Corsair RM750 80 Plus Gold - Full Modul - CP-9020195-NA',2948000,'corsair-rm-750-gold',3),(68,'https://www.anphatpc.com.vn/nguon-may-tinh-corsair-rm850-80-plus-gold-full-modul-cp-9020196-na_id30147.html','Nguồn máy tính Corsair RM850 80 Plus Gold - Full Modul - CP-9020196-NA ',3239000,'corsair-rm-850-gold',3),(69,'https://www.anphatpc.com.vn/nguon-may-tinh-aerocool-united-power-500w-80plus-certified_id32562.html','Nguồn máy tính AEROCOOL UNITED POWER 500W 80Plus Certified ',799000,'aerocool-united-power-500-white',3),(70,'https://www.anphatpc.com.vn/nguon-corsair-cx550-80-plus-bronze_id26400.html','Nguồn Corsair CX550 - 80 Plus Bronze',1449000,'corsair-cx-550-bronze',3),(71,'https://www.anphatpc.com.vn/nguon-may-tinh-cooler-master-elite-v3-230v-pc600-600w_id32584.html','Nguồn máy tính Cooler Master Elite V3 230V PC600 600w',859000,'cm-elite-v3-600-none',3),(72,'https://www.anphatpc.com.vn/nguon-may-tinh-corsair-cv450-80-plus-bronze-cp-9020209_id31695.html','Nguồn máy tính Corsair CV450 80 Plus Bronze (CP-9020209)',949000,'corsair-cv-450-bronze',3),(73,'https://www.anphatpc.com.vn/nguon-may-tinh-corsair-cv550-80-plus-bronze-cp-9020210-na_id31697.html','Nguồn máy tính Corsair CV550 80 Plus Bronze (CP-9020210-NA)',1228000,'corsair-cv-550-bronze',3),(74,'https://www.anphatpc.com.vn/nguon-may-tinh-cooler-master-mwe-650-white-v2_id32632.html','Nguồn máy tính Cooler Master MWE 650 white V2',1269000,'cm-mwe-v2-650-white',3),(75,'https://www.anphatpc.com.vn/nguon-may-tinh-corsair-cv650-80-plus-bronze-cp-9020211-na_id31698.html','Nguồn máy tính Corsair CV650 80 Plus Bronze (CP-9020211-NA)',1419000,'corsair-cv-650-bronze',3),(77,'https://www.anphatpc.com.vn/nguon-may-tinh-cooler-master-elite-v3-230v-pc400-400w-bulk-mau-bac_id32922.html','Nguồn máy tính Cooler Master Elite V3 230V PC400 400w Bulk (màu bạc)',529000,'cm-elite-v3-400-none',3),(78,'https://www.anphatpc.com.vn/nguon-may-tinh-cooler-master-elite-v3-230v-pc400-400w_id32923.html','Nguồn máy tính Cooler Master Elite V3 230V PC400 400w ',549000,'cm-elite-v3-400-none',3),(79,'https://www.anphatpc.com.vn/nguon-aerocool-lux-rgb-750w-80-plus-bronze_id30261.html','Nguồn Aerocool LUX RGB 750W 80 Plus Bronze',1399000,'aerocool-lux-rgb-750-bronze',3),(80,'https://www.anphatpc.com.vn/nguon-may-tinh-xigmatek-x-power-iii-550-500w-en45983_id34842.html','Nguồn máy tính Xigmatek X-POWER III 550 - 500W EN45983',888000,'xigmatek-x-power-iii-500-white',3),(81,'https://www.anphatpc.com.vn/nguon-may-tinh-corsair-cx550f-rgb-white-80-plus-bronze-full-modul_id35436.html','Nguồn máy tính Corsair CX550F RGB White 80 Plus Bronze - Full Modul ',2360000,'corsair-cxf-rgb-550-white',3),(82,'https://www.anphatpc.com.vn/nguon-may-tinh-antec-atom-b550-550w-80-plus-bronze_id35783.html','Nguồn máy tính Antec ATOM B550 - 550W 80 PLUS BRONZE',990000,'antec-atom-550-bronze',3),(83,'https://www.anphatpc.com.vn/nguon-may-tinh-xigmatek-tauro-500w-m-en5636_id16648.html','Nguồn máy tính Xigmatek Tauro 500W M EN5636',899000,'xigmatek-tauro-500-bronze',3),(84,'https://www.anphatpc.com.vn/nguon-may-tinh-antec-atom-550-550w_id30220.html','Nguồn máy tính ANTEC ATOM 550 - 550W',749000,'antec-atom-550-none',3),(85,'https://www.anphatpc.com.vn/nguon-may-tinh-antec-atom-v350-350w_id32488.html','Nguồn máy tính Antec ATOM V350 350w',465000,'antec-atom-350-none',3),(86,'https://www.anphatpc.com.vn/nguon-may-tinh-seasonic-prime-1300pd-80-plus-platinum_id28115.html','Nguồn máy tính Seasonic PRIME 1300PD 80 PLUS PLATINUM ',7490000,'seasonic-prime-1300-platinum',3),(87,'https://www.anphatpc.com.vn/nguon-may-tinh-cooler-master-mwe-gold-650w-fully-modular_id29227.html','Nguồn máy tính Cooler Master Mwe Gold 650W Fully modular',1989000,'cm-mwe-gold-650-gold',3),(88,'https://www.anphatpc.com.vn/nguon-may-tinh-cooler-master-v650-sfx-gold-650w-a-eu-cable_id34199.html','Nguồn máy tính Cooler Master V650 SFX Gold 650W A/EU Cable',2750000,'cm-v-sfx-gold-650-gold',3),(89,'https://www.anphatpc.com.vn/nguon-cooler-master-mwe-gold-850-v2-fully-modular-mpe-8501-afaag-eu_id35699.html','Nguồn Cooler master MWE GOLD 850 - V2  Fully modular (MPE-8501-AFAAG-EU)',2989000,'cm-mwe-gold-850-gold',3),(90,'https://www.anphatpc.com.vn/nguon-may-tinh-corsair-cx750m-80-plus-bronze-semi-modul_id29502.html','Nguồn máy tính Corsair CX750M 80 Plus Bronze - Semi Modul',2410000,'corsair-cxm-750-bronze',3),(91,'https://www.anphatpc.com.vn/nguon-aerocool-lux-rgb-650w-80-plus-bronze_id30260.html','Nguồn Aerocool LUX RGB 650W 80 Plus Bronze',1199000,'aerocool-lux-rgb-650-bronze',3),(92,'https://www.anphatpc.com.vn/nguon-may-tinh-cooler-master-v750-sfx-gold-750w-a-eu-cable_id34201.html','Nguồn máy tính Cooler Master V750 SFX Gold 750W A/EU Cable',3099000,'cm-v-sfx-gold-750-gold',3),(94,'https://www.anphatpc.com.vn/nguon-may-tinh-seasonic-prime-ultra-1000tr-1000w-80plus-titanium_id24888.html','Nguồn máy tính Seasonic Prime Ultra 1000TR 1000W - 80Plus Titanium',7490000,'seasonic-prime-ultra-1000-platinum',3),(95,'https://www.anphatpc.com.vn/nguon-may-tinh-corsair-sf750-80-plus-platinum-750w-sfx_id28600.html','Nguồn máy tính Corsair SF750 - 80 PLUS® Platinum 750W SFX',3649000,'corsair-sf-750-platinum',3),(96,'https://www.anphatpc.com.vn/nguon-may-tinh-cooler-master-mwe-700-white-v2_id29817.html','Nguồn máy tính Cooler Master MWE 700 WHITE V2',1789000,'cm-elite-v3-700-none',3),(97,'https://www.anphatpc.com.vn/nguon-may-tinh-antec-atom-v450-450w_id32168.html','Nguồn máy tính ANTEC ATOM V450 - 450W',629000,'antec-atom-450-none',3),(98,'https://www.anphatpc.com.vn/nguon-may-tinh-cooler-master-v850-sfx-gold-850w-a-eu-cable_id34202.html','Nguồn máy tính Cooler Master V850 SFX Gold 850W A/EU Cable',3299000,'cm-v-sfx-gold-850-gold',3),(99,'https://www.anphatpc.com.vn/nguon-cooler-master-mwe-450-bronze-v2-230v-mpe-4501-acabw-beu_id35701.html','Nguồn Cooler master MWE 450 BRONZE V2 230V (MPE-4501-ACABW-BEU)',949000,'cm-mwe-bronze-v2-450-bronze',3),(100,'https://www.anphatpc.com.vn/nguon-may-tinh-corsair-rm850x-80-plus-gold-full-modul-cp-9020180-na_id19566.html','Nguồn máy tính Corsair RM850x 80 Plus Gold Full Modul - CP-9020180-NA',3789000,'corsair-rmx-850-gold',3),(101,'https://www.anphatpc.com.vn/nguon-may-tinh-corsair-sf600-600w-80plus-gold-sfx_id24890.html','Nguồn máy tính Corsair SF600 600W - 80Plus Gold SFX',2849000,'corsair-sf-600-gold',3),(102,'https://www.anphatpc.com.vn/nguon-silverstone-sst-st50f-es230-v2.0_id32208.html','Nguồn SilverStone SST-ST50F-ES230 V2.0',990000,'silverstone-sst-st50f-es230-v2.0-500-white',3),(103,'https://www.anphatpc.com.vn/nguon-may-tinh-asus-rog-strix-1000w-gold_id35415.html','Nguồn máy tính ASUS ROG STRIX 1000W GOLD',5460000,'asus-rog-strix-1000-gold',3),(104,'https://www.anphatpc.com.vn/nguon-cooler-master-mwe-500-bronze-v2-230v-mpe-5001-acabw-beu_id35702.html','Nguồn Cooler master MWE 500 BRONZE V2 230V (MPE-5001-ACABW-BEU)',1159000,'cm-mwe-bronze-v2-550-bronze',3),(105,'https://www.anphatpc.com.vn/nguon-may-tinh-rmx-series-rm650x-gold-certified_id20625.html','Nguồn máy tính RMx Series™ RM650x Gold Certified',2990000,'corsair-rmx-650-gold',3),(106,'https://www.anphatpc.com.vn/nguon-may-tinh-antec-vp500pc_id15735.html','Nguồn Máy Tính Antec VP500PC',929000,'antec-vp-500-none',3),(107,'https://www.anphatpc.com.vn/nguon-corsair-rm1000i-1000w-modular-80-plus-gold_id21332.html','Nguồn Corsair RM1000i 1000W Modular 80 PLUS Gold',5379000,'corsair-rmi-1000-gold',3),(108,'https://www.anphatpc.com.vn/nguon-may-tinh-seasonic-focus-1000w-plus-gold-ssr-1000fx_id25553.html','Nguồn máy tính Seasonic FOCUS 1000w PLUS GOLD (SSR - 1000FX)',4290000,'seasonic-focus-1000-gold',3),(109,'https://www.anphatpc.com.vn/nguon-may-tinh-asus-rog-thor-1200w_id28960.html','Nguồn máy tính Asus ROG Thor 1200w',8999000,'asus-rog-thor-1200-platinum',3),(110,'https://www.anphatpc.com.vn/nguon-corsair-rm750x-80-plus-gold-fully-atx-power-supply-cp-9020187-na-white_id31061.html','Nguồn Corsair RM750x 80 PLUS Gold Fully ATX Power Supply- CP-9020187-NA WHITE',3510000,'corsair-rmx-750-gold',3),(111,'https://www.anphatpc.com.vn/nguon-silverstone-sst-et650-hg-v1.1_id32212.html','Nguồn SilverStone SST-ET650-HG V1.1',2490000,'silverstone-sst-et650-hg-v1.1-650-gold',3),(112,'https://www.anphatpc.com.vn/nguon-may-tinh-xigmatek-x-power-iii-450-400w-en45969_id34840.html','Nguồn máy tính Xigmatek X-POWER III 450 - 400W EN45969',688000,'xigmatek-x-power-iii-400-white',3),(113,'https://www.anphatpc.com.vn/nguon-may-tinh-asus-tuf-gaming-550w-bronze_id35419.html','Nguồn máy tính ASUS TUF GAMING 550W Bronze',1850000,'asus-tuf-550-bronze',3),(114,'https://www.anphatpc.com.vn/nguon-cooler-master-mwe-650-bronze-v2-full-range-mpe-6501-acaaw-beu_id35706.html','Nguồn Cooler master MWE 650 BRONZE V2 FULL RANGE (MPE-6501-ACAAW-BEU)',1499000,'cm-mwe-bronze-v2-650-bronze',3),(115,'https://www.anphatpc.com.vn/nguon-silverstone-sst-et750-hg_id32213.html','Nguồn SilverStone SST-ET750-HG ',2710000,'silverstone-sst-et750-hg-v1.1-750-gold',3),(116,'https://www.anphatpc.com.vn/nguon-may-tinh-xigmatek-x-power-iii-500-450w-en45976_id34841.html','Nguồn máy tính Xigmatek X-POWER III 500 - 450W EN45976',788000,'xigmatek-x-power-iii-450-white',3),(117,'https://www.anphatpc.com.vn/nguon-may-tinh-corsair-cx550f-rgb-black-80-plus-bronze-full-modul_id35435.html','Nguồn máy tính Corsair CX550F RGB Black 80 Plus Bronze - Full Modul ',2260000,'corsair-cxf-550-bronze',3),(118,'https://www.anphatpc.com.vn/nguon-cooler-master-mwe-750-bronze-v2-full-range-mpe-7501-acaaw-beu_id35707.html','Nguồn Cooler master MWE 750 BRONZE V2 FULL RANGE (MPE-7501-ACAAW-BEU)',1890000,'cm-mwe-bronze-v2-750-bronze',3),(119,'https://www.anphatpc.com.vn/nguon-may-tinh-corsair-ax1600i-digital-80-plus-titanium_id26108.html','Nguồn máy tính CORSAIR AX1600i DIGITAL - 80 PLUS® Titanium',12499000,'corsair-axi-1600-titanium',3),(120,'https://www.anphatpc.com.vn/nguon-may-tinh-xigmatek-x-power-ii-650-en42463_id29128.html','Nguồn máy tính Xigmatek X-POWER II 650 EN42463',988000,'xigmatek-x-power-ii-600-white',3),(121,'https://www.anphatpc.com.vn/nguon-may-tinh-antec-ea750g-pro-750w_id30228.html','Nguồn máy tính ANTEC EA750G PRO-750W',2499000,'antec-ae-pro-750-gold',3),(122,'https://www.anphatpc.com.vn/nguon-may-tinh-xigmatek-x-power-iii-650-600w-en45990_id34843.html','Nguồn máy tính Xigmatek X-POWER III 650 - 600W EN45990',988000,'xigmatek-x-power-iii-600-white',3),(123,'https://www.anphatpc.com.vn/nguon-may-tinh-corsair-cx650f-rgb-black-80-plus-bronze-full-modul_id35437.html','Nguồn máy tính Corsair CX650F RGB Black 80 Plus Bronze - Full Modul ',2480000,'corsair-cxf-650-bronze',3),(124,'https://www.anphatpc.com.vn/nguon-may-tinh-antec-atom-b650-650w-80-plus-bronze_id35784.html','Nguồn máy tính Antec ATOM B650 - 650W 80 PLUS BRONZE',1090000,'antec-atom-650-bronze',3),(125,'https://www.anphatpc.com.vn/nguon-may-tinh-asus-tuf-gaming-650w-bronze_id35418.html','Nguồn máy tính ASUS TUF GAMING 650W Bronze',2090000,'asus-tuf-650-bronze',3),(126,'https://www.anphatpc.com.vn/nguon-may-tinh-rog-strix-750w-gold_id30049.html','Nguồn máy tính ROG STRIX 750W GOLD ',3389000,'asus-rog-strix-750-gold',3),(127,'https://www.anphatpc.com.vn/nguon-silverstone-sst-et650-g-asus-tuf-gaming_id32210.html','Nguồn SilverStone SST-ET650-G ASUS TUF Gaming',2200000,'silverstone-sst-et650-g-tuf-v1.1-650-gold',3),(128,'https://www.anphatpc.com.vn/nguon-may-tinh-asus-rog-strix-850w-gold_id35417.html','Nguồn máy tính ASUS ROG STRIX 850W GOLD',4490000,'asus-rog-strix-850-gold',3),(129,'https://www.anphatpc.com.vn/nguon-cooler-master-mwe-600-bronze-v2-230v-mpe-6001-acabw-beu_id35704.html','Nguồn Cooler master MWE 600 BRONZE V2 230V (MPE-6001-ACABW-BEU)',1359000,'cm-mwe-bronze-v2-600-bronze',3),(130,'https://www.anphatpc.com.vn/nguon-may-tinh-asus-rog-thor-850w_id28959.html','Nguồn máy tính Asus ROG Thor 850w',5599000,'asus-rog-thor-850-platinum',3),(131,'https://www.anphatpc.com.vn/nguon-may-tinh-corsair-rm650-80-plus-gold-full-modul-cp-9020194-na_id30145.html','Nguồn máy tính Corsair RM650 80 Plus Gold - Full Modul - CP-9020194-NA',2719000,'corsair-rm-650-gold',3),(132,'https://www.anphatpc.com.vn/nguon-silverstone-sst-et750-g-asus-tuf-gaming_id32211.html','Nguồn SilverStone SST-ET750-G ASUS TUF Gaming',2430000,'silverstone-sst-et750-g-tuf-v1.1-650-gold',3),(133,'https://www.anphatpc.com.vn/nguon-may-tinh-aerocool-vx-plus-400-230v-n-pfc_id33192.html','Nguồn máy tính AEROCOOL VX PLUS 400 230V N-PFC',449000,'aerocool-vx-plus-400-none',3),(134,'https://www.anphatpc.com.vn/nguon-may-tinh-corsair-hx850-platinum-80-plus-platinum-full-modul_id34686.html','Nguồn máy tính Corsair HX850 Platinum 80 Plus Platinum - Full Modul',4759000,'corsair-hx-platinum-850-platinum',3);
/*!40000 ALTER TABLE `psu_price_list` ENABLE KEYS */;
UNLOCK TABLES;

--
-- Table structure for table `psu_rating`
--

DROP TABLE IF EXISTS `psu_rating`;
/*!40101 SET @saved_cs_client     = @@character_set_client */;
/*!50503 SET character_set_client = utf8mb4 */;
CREATE TABLE `psu_rating` (
  `ID` int NOT NULL AUTO_INCREMENT,
  `UserID` int NOT NULL,
  `PsuID` varchar(100) NOT NULL,
  `Rating` double DEFAULT NULL,
  PRIMARY KEY (`ID`),
  KEY `psu_rating_ibfk_1` (`UserID`),
  KEY `psu_rating_ibfk_2` (`PsuID`),
  CONSTRAINT `psu_rating_ibfk_1` FOREIGN KEY (`UserID`) REFERENCES `user` (`ID`),
  CONSTRAINT `psu_rating_ibfk_2` FOREIGN KEY (`PsuID`) REFERENCES `psu` (`ID`)
) ENGINE=InnoDB DEFAULT CHARSET=utf8;
/*!40101 SET character_set_client = @saved_cs_client */;

--
-- Dumping data for table `psu_rating`
--

LOCK TABLES `psu_rating` WRITE;
/*!40000 ALTER TABLE `psu_rating` DISABLE KEYS */;
/*!40000 ALTER TABLE `psu_rating` ENABLE KEYS */;
UNLOCK TABLES;

--
-- Table structure for table `ram`
--

DROP TABLE IF EXISTS `ram`;
/*!40101 SET @saved_cs_client     = @@character_set_client */;
/*!50503 SET character_set_client = utf8mb4 */;
CREATE TABLE `ram` (
  `ID` varchar(100) NOT NULL,
  `manufacturer` varchar(100) NOT NULL,
  `serieName` varchar(100) NOT NULL,
  `sizeOfRam` varchar(100) NOT NULL,
  `chipset` varchar(100) NOT NULL,
  `clockSpeed` int NOT NULL,
  `fullname` text NOT NULL,
  `image` varchar(100) NOT NULL,
  PRIMARY KEY (`ID`)
) ENGINE=InnoDB DEFAULT CHARSET=utf8;
/*!40101 SET character_set_client = @saved_cs_client */;

--
-- Dumping data for table `ram`
--

LOCK TABLES `ram` WRITE;
/*!40000 ALTER TABLE `ram` DISABLE KEYS */;
INSERT INTO `ram` VALUES ('corsair-dominator-platinum-2x16G-3200','Corsair','Dominator','2x16G','DDR4',3200,'Corsair Dominator Platinum 4x16G 3200',''),('corsair-dominator-platinum-2x16G-3600','Corsair','Dominator','2x16G','DDR4',3600,'Corsair Dominator Platinum 4x16G 3600',''),('corsair-dominator-platinum-2x8G-3000','Corsair','Dominator','2x8G','DDR4',3000,'Corsair Dominator Platinum 2x8G 3000',''),('corsair-dominator-platinum-2x8G-3200','Corsair','Dominator','2x8G','DDR4',3200,'Corsair Dominator Platinum 2x8G 3200',''),('corsair-vengeance-lpx-1x16G-3000','Corsair','Vengeance','1x16G','DDR4',3000,'Corsair Vengeance LPX 1x16G 3000',''),('corsair-vengeance-lpx-1x8G-2666','Corsair','Vengeance','1x8G','DDR4',2666,'Corsair Vengeance LPX 1x8G 2666',''),('corsair-vengeance-lpx-1x8G-3000','Corsair','Vengeance','1x8G','DDR4',3000,'Corsair Vengeance LPX 1x8G 3000',''),('corsair-vengeance-lpx-2x16G-2666','Corsair','Vengeance','2x16G','DDR4',2666,'Corsair Vengeance LPX 2x16G 2666',''),('corsair-vengeance-lpx-2x8G-2666','Corsair','Vengeance','2x8G','DDR4',2666,'Corsair Vengeance LPX 2x8G 2666',''),('corsair-vengeance-RGB-pro-1x16G-3000','Corsair','Vengeance','1x16G','DDR4',3000,'Corsair Vengeance RGB Pro 1x16G 3000',''),('corsair-vengeance-RGB-pro-1x8G-3000','Corsair','Vengeance','1x8G','DDR4',3000,'Corsair Vengeance RGB Pro 1x8G 3000',''),('corsair-vengeance-RGB-pro-2x16G-3000','Corsair','Vengeance','2x16G','DDR4',3000,'Corsair Vengeance RGB Pro 2x16G 3000',''),('corsair-vengeance-RGB-pro-2x16G-3200','Corsair','Vengeance','2x16G','DDR4',3200,'Corsair Vengeance RGB Pro 2x16G 3200',''),('corsair-vengeance-RGB-pro-2x16G-3600','Corsair','Vengeance','2x16G','DDR4',3600,'Corsair Vengeance RGB Pro 2x16G 3600',''),('corsair-vengeance-RGB-pro-2x32G-3200','Corsair','Vengeance','2x32G','DDR4',3200,'Corsair Vengeance RGB Pro 2x32G 3200',''),('corsair-vengeance-RGB-pro-2x8G-3000','Corsair','Vengeance','2x8G','DDR4',3000,'Corsair Vengeance RGB Pro 2x8G 3000',''),('g.skill-ripjaws-v-1x16G-3000','G.Skill','Ripjaws','1x16G','DDR4',3000,'G.Skill Ripjaws V 1x8G 3000',''),('g.skill-ripjaws-v-1x8G-2800','G.Skill','Ripjaws','1x8G','DDR4',2800,'G.Skill Ripjaws V 1x8G 2800',''),('g.skill-ripjaws-v-2x16G-3200','G.Skill','Ripjaws','2x16G','DDR4',3200,'G.Skill Ripjaws V 2x16G 3200',''),('g.skill-ripjaws-v-2x8G-3000','G.Skill','Ripjaws','2x8G','DDR4',3000,'G.Skill Ripjaws V 2x8G 3000',''),('g.skill-trident-z-neo-1x16G-3600','G.Skill','Trident','1x16G','DDR4',3600,'G.Skill Trident Z Neo 2x16G 3600',''),('g.skill-trident-z-neo-1x8G-3600','G.Skill','Trident','1x8G','DDR4',3600,'G.Skill Trident Z Neo 1x8G 3600',''),('g.skill-trident-z-neo-2x16G-3600','G.Skill','Trident','2x16G','DDR4',3600,'G.Skill Trident Z Neo 2x16G 3600',''),('g.skill-trident-z-neo-2x32G-3600','G.Skill','Trident','2x32G','DDR4',3600,'G.Skill Trident Z Neo 2x32G 3600',''),('g.skill-trident-z-neo-2x8G-3600','G.Skill','Trident','2x8G','DDR4',3600,'G.Skill Trident Z Neo 2x8G 3600',''),('g.skill-trident-z-RGB-1x16G-3000','G.Skill','Trident','1x16G','DDR4',3000,'G.Skill Trident Z RGB 1x16G 3000',''),('g.skill-trident-z-RGB-1x8G-3000','G.Skill','Trident','1x8G','DDR4',3000,'G.Skill Trident Z RGB 2x8G 3000',''),('g.skill-trident-z-RGB-2x16G-3000','G.Skill','Trident','2x16G','DDR4',3000,'G.Skill Trident Z RGB 2x16G 3000',''),('g.skill-trident-z-RGB-2x8G-3000','G.Skill','Trident','2x8G','DDR4',3000,'G.Skill Trident Z RGB 2x8G 3000',''),('g.skill-trident-z-RGB-2x8G-3200','G.Skill','Trident','2x8G','DDR4',3200,'G.Skill Trident Z RGB 2x8G 3200',''),('g.skill-trident-z-RGB-2x8G-3600','G.Skill','Trident','2x8G','DDR4',3600,'G.Skill Trident Z RGB 2x8G 3600',''),('g.skill-trident-z-royal-2x8G-3000','G.Skill','Trident','2x8G','DDR4',3000,'G.Skill Trident Z Royal 2x8G 3000',''),('g.skill-trident-z-royal-2x8G-3200','G.Skill','Trident','2x8G','DDR4',3200,'G.Skill Trident Z Royal 2x8G 3200',''),('kingston-hyperx-fury-1x16G-2666','Kingston','HyperX','1x16G','DDR4',2666,'Kingston HyperX Fury 2x8G 2666',''),('kingston-hyperx-fury-1x8G-2666','Kingston','HyperX','1x8G','DDR4',2666,'Kingston HyperX Fury 1x8G 2666',''),('kingston-hyperx-fury-1x8G-3200','Kingston','HyperX','1x8G','DDR4',3200,'Kingston HyperX Fury 1x8G 3200',''),('kingston-hyperx-fury-2x16G-3200','Kingston','HyperX','2x16G','DDR4',3200,'Kingston HyperX Fury 2x16G 3200',''),('kingston-hyperx-fury-2x8G-2666','Kingston','HyperX','2x8G','DDR4',2666,'Kingston HyperX Fury 2x8G 2666',''),('kingston-hyperx-fury-2x8G-3200','Kingston','HyperX','2x8G','DDR4',3200,'Kingston HyperX Fury 2x8G 3200',''),('kingston-hyperx-fury-RGB-1x8G-2666','Kingston','HyperX','1x8G','DDR4',2666,'Kingston HyperX Fury RGB 1x8G 2666',''),('kingston-hyperx-fury-RGB-1x8G-3200','Kingston','HyperX','1x8G','DDR4',3200,'Kingston HyperX Fury RGB 1x8G 3200',''),('kingston-hyperx-fury-RGB-2x16G-3200','Kingston','HyperX','2x16G','DDR4',3200,'Kingston HyperX Fury RGB 2x16G 3200',''),('kingston-hyperx-fury-RGB-2x8G-3200','Kingston','HyperX','2x8G','DDR4',3200,'Kingston HyperX Fury RGB 2x8G 3200','');
/*!40000 ALTER TABLE `ram` ENABLE KEYS */;
UNLOCK TABLES;

--
-- Table structure for table `ram_price_list`
--

DROP TABLE IF EXISTS `ram_price_list`;
/*!40101 SET @saved_cs_client     = @@character_set_client */;
/*!50503 SET character_set_client = utf8mb4 */;
CREATE TABLE `ram_price_list` (
  `Id` int NOT NULL AUTO_INCREMENT,
  `link` text NOT NULL,
  `name` text NOT NULL,
  `price` int NOT NULL,
  `rid` int NOT NULL,
  `fid` varchar(100) NOT NULL,
  PRIMARY KEY (`Id`),
  KEY `fid` (`fid`),
  KEY `ram_price_list_ibfk_2_idx` (`rid`),
  CONSTRAINT `ram_price_list_ibfk_1` FOREIGN KEY (`fid`) REFERENCES `ram` (`ID`),
  CONSTRAINT `ram_price_list_ibfk_2` FOREIGN KEY (`rid`) REFERENCES `retailer` (`ID`)
) ENGINE=InnoDB AUTO_INCREMENT=88 DEFAULT CHARSET=utf8;
/*!40101 SET character_set_client = @saved_cs_client */;

--
-- Dumping data for table `ram_price_list`
--

LOCK TABLES `ram_price_list` WRITE;
/*!40000 ALTER TABLE `ram_price_list` DISABLE KEYS */;
INSERT INTO `ram_price_list` VALUES (1,'https://www.hanoicomputer.vn/kit-ram-4-kingston-hyperx-fury-black-16gb-bus-2666mhz-28gb-hx426c16fb3k2-16','Kit RAM 4 Kingston HyperX Fury Black 16GB bus 2666MHz (2*8GB) - HX426C16FB3K2/16 ',1849000,2,'kingston-hyperx-fury-2x8G-2666'),(2,'https://www.hanoicomputer.vn/ram-desktop-gskill-trident-z-rgb-f4-3600c19d-16gtzrb-16gb-2x8gb-ddr4-3600mhz','RAM Desktop Gskill Trident Z RGB (F4-3600C19D-16GTZRB) 16GB (2x8GB) DDR4 3600MHz',2699000,2,'g.skill-trident-z-RGB-2x8G-3600'),(3,'https://www.hanoicomputer.vn/ram-desktop-corsair-dominator-platinum-white-rgb-cmt16gx4m2c3200c16w','Ram Desktop Corsair Dominator Platinum White RGB (CMT16GX4M2C3200C16W) 16GB (2x8G) DDR4 3200MHz',3299000,2,'corsair-dominator-platinum-2x16G-3200'),(4,'https://www.hanoicomputer.vn/ram-desktop-corsair-vengeance-pro-rgb-cmw32gx4m2d3600c18','Ram Desktop Corsair Vengeance PRO RGB (CMW32GX4M2D3600C18) 32GB (2x16GB) DDR4 3600MHz',4399000,2,'corsair-vengeance-RGB-pro-2x16G-3600'),(5,'https://www.hanoicomputer.vn/ram-4-corsair-8gb2666-18gb-cmk8gx4m1a2666c16','RAM Desktop CORSAIR Vengeance LPX (CMK8GX4M1A2666C16 ) 8GB (1x8GB) DDR4 2666MHz  ',899000,2,'corsair-vengeance-lpx-1x8G-2666'),(6,'https://www.hanoicomputer.vn/ram-destop-kingston-hyperx-fury-black-hx426c16fb3-8-8gb-1x8gb-ddr4-2666mhz','RAM Desktop Kingston HyperX Fury Black (HX426C16FB3/8) 8GB (1x8GB) DDR4 2666Mhz',899000,2,'kingston-hyperx-fury-1x8G-2666'),(7,'https://www.hanoicomputer.vn/ram-desktop-gskill-trident-z-neo-rgb-f4-3600c18d-32gtzn-32gb-2x16gb-ddr4-3600mhz','Ram Desktop Gskill Trident Z Neo RGB (F4-3600C18D-32GTZN) 32GB (2x16GB) DDR4 3600MHz',4399000,2,'g.skill-trident-z-neo-2x16G-3600'),(8,'https://www.hanoicomputer.vn/ram-desktop-corsair-vengeance-lpx-cmk16gx4m2d2666c16','Ram Desktop Corsair Vengeance LPX (CMK16GX4M2D2666C16) 16GB (2x8GB) DDR4 2666MHz',1849000,2,'corsair-vengeance-lpx-2x8G-2666'),(9,'https://www.hanoicomputer.vn/ram-desktop-gskill-trident-z-neo-rgb-f4-3600c18d-64gtzn-64gb-2x32gb-ddr4-3600mhz','Ram Desktop Gskill Trident Z Neo RGB (F4-3600C18D-64GTZN) 64GB (2x32GB) DDR4 3600MHz',7399000,2,'g.skill-trident-z-neo-2x32G-3600'),(10,'https://www.hanoicomputer.vn/ram-desktop-corsair-vengeance-lpx-cmk8gx4m1d3000c16-8gb-1x8gb-ddr4-3000mhz','RAM Desktop Corsair Vengeance LPX (CMK8GX4M1D3000C16 ) 8GB (1x8GB) DDR4 3000MHz',919000,2,'corsair-vengeance-lpx-1x8G-3000'),(11,'https://www.hanoicomputer.vn/ram-desktop-4-kingston-hyperx-fury-hx426c16fb4-16','Ram Desktop 4 Kingston HyperX Fury (HX426C16FB4/16) 16GB (1x16GB) - DDR4 2666MHz',1699000,2,'kingston-hyperx-fury-1x16G-2666'),(12,'https://www.hanoicomputer.vn/ram-desktop-corsair-vengeance-rgb-cmw16gx4m1d3000c16','Ram Desktop Corsair Vengeance RGB (CMW16GX4M1D3000C16) 16GB (1x16GB) DDR4 3000MHz',1899000,2,'corsair-vengeance-RGB-pro-1x16G-3000'),(13,'https://www.hanoicomputer.vn/ram-4-corsair-16gb/3000-2x8gb-cmw16gx4m2d3000c16-vengeance-pro-rgb-black','RAM Desktop CORSAIR Vengeance PRO RGB (CMW16GX4M2D3000C16) 16GB (2x8GB) DDR4 3000MHz',2299000,2,'corsair-vengeance-RGB-pro-2x8G-3000'),(14,'https://www.hanoicomputer.vn/ram-4-corsair-32gb/3000-2x16gb-cmw32gx4m2d3000c16-vengeance-pro-rgb-black','RAM Desktop CORSAIR Vengeance PRO RGB (CMW32GX4M2D3000C16) 32GB (2x16GB) DDR4 3000MHz',3899000,2,'corsair-vengeance-RGB-pro-2x16G-3000'),(15,'https://www.hanoicomputer.vn/ram-desktop-corsair-vengeance-rgb-cmw64gx4m2e3200c16-64gb','Ram Desktop Corsair Vengeance RGB (CMW64GX4M2E3200C16) 64GB (2x32GB) DDR4 3200MHz',7399000,2,'corsair-vengeance-RGB-pro-2x32G-3200'),(16,'https://www.hanoicomputer.vn/ram-desktop-kingston-hyperx-fury-hx432c16fb3-8','Ram Desktop Kingston HyperX Fury (HX432C16FB3/8) 8GB (1x8GB) DDR4 3200Mhz',949000,2,'kingston-hyperx-fury-1x8G-3200'),(17,'https://www.hanoicomputer.vn/ram-gskill-16gb-2x8gb-ddr4-bus-3000mhz-f4-3000c16d-16gtzr','RAM Desktop Gskill Trident Z RGB (F4-3000C16D-16GTZR) 16GB (2x8GB) DDR4 3000MHz ',2349000,2,'g.skill-trident-z-RGB-2x8G-3000'),(18,'https://www.hanoicomputer.vn/ram-desktop-corsair-vengeance-lpx-cmk16gx4m1d3000c16-16gb-1x16gb-ddr4-3000mhz','Ram Desktop Corsair Vengeance LPX (CMK16GX4M1D3000C16) 16GB (1x16GB) DDR4 3000MHz',1719000,2,'corsair-vengeance-lpx-1x16G-3000'),(20,'https://www.hanoicomputer.vn/ram-desktop-corsair-dominator-platinum-rgb-cmt32gx4m2c3200c16-32gb','Ram Desktop Corsair Dominator Platinum RGB (CMT32GX4M2C3200C16) 32GB (2x16G) DDR4 3200MHz',5099000,2,'corsair-dominator-platinum-2x16G-3200'),(21,'https://www.hanoicomputer.vn/kit-ram-4-gskill-trident-z-rgb-32gb3000-2x16gb-f4-3000c16d-32gtzr','RAM Desktop Gskill Trident Z RGB (F4-3000C16D-32GTZR) 32GB (2x16GB) DDR4 3000MHz ',3999000,2,'g.skill-trident-z-RGB-2x16G-3000'),(22,'https://www.hanoicomputer.vn/kit-ram-4-gskill-trident-z-neo-16gb/3600-2x8gb-f4-3600c18d-16gtzn','RAM Desktop Gskill Trident Z Neo (F4-3600C18D-16GTZN)16GB (2x8GB) DDR4 3600MHz',2799000,2,'g.skill-trident-z-RGB-2x8G-3600'),(24,'https://www.hanoicomputer.vn/ram-desktop-corsair-dominator-platinum-white-rgb-cmt32gx4m2c3200c16w-32gb','Ram Desktop Corsair Dominator Platinum White RGB (CMT32GX4M2C3200C16W) 32GB (2x16G) DDR4 3200MHz',5099000,2,'corsair-dominator-platinum-2x16G-3200'),(25,'https://www.hanoicomputer.vn/ram-desktop-gskill-trident-z-rgb-f4-3600c18d-16gtzr-16gb-2x8gb-ddr4-3600mhz','RAM Desktop Gskill Trident Z RGB (F4-3600C18D-16GTZR) 16GB (2x8GB) DDR4 3600MHz',2699000,2,'g.skill-trident-z-RGB-2x8G-3600'),(26,'https://www.hanoicomputer.vn/ram-desktop-kingston-hyperx-fury-rbg-hx432c16fb3ak2-16','Ram Desktop Kingston HyperX Fury RBG (HX432C16FB3AK2/16 ) 16GB (2x8GB) DDR4 3200Mhz',2199000,2,'kingston-hyperx-fury-RGB-2x8G-3200'),(27,'https://www.hanoicomputer.vn/ram-desktop-corsair-vengeance-pro-rgb-white-cmw16gx4m2e3200c16w','Ram Desktop Corsair Vengeance PRO RGB White (CMW16GX4M2E3200C16W) 16GB (2x8GB) DDR4 3200MHz',2449000,2,'corsair-vengeance-RGB-pro-2x16G-3200'),(28,'https://www.hanoicomputer.vn/kit-ram-4-kingston-hyperx-fury-black-16gb-bus-2666mhz-28gb-hx426c16fb3k2-16','Kit RAM 4 Kingston HyperX Fury Black 16GB bus 2666MHz (2*8GB) - HX426C16FB3K2/16 ',1849000,2,'kingston-hyperx-fury-2x8G-2666'),(29,'https://www.hanoicomputer.vn/ram-desktop-gskill-trident-z-rgb-f4-3600c19d-16gtzrb-16gb-2x8gb-ddr4-3600mhz','RAM Desktop Gskill Trident Z RGB (F4-3600C19D-16GTZRB) 16GB (2x8GB) DDR4 3600MHz',2699000,2,'g.skill-trident-z-RGB-2x8G-3600'),(30,'https://www.hanoicomputer.vn/ram-desktop-corsair-dominator-platinum-white-rgb-cmt16gx4m2c3200c16w','Ram Desktop Corsair Dominator Platinum White RGB (CMT16GX4M2C3200C16W) 16GB (2x8G) DDR4 3200MHz',3299000,2,'corsair-dominator-platinum-2x8G-3200'),(31,'https://www.hanoicomputer.vn/ram-desktop-corsair-vengeance-pro-rgb-cmw32gx4m2d3600c18','Ram Desktop Corsair Vengeance PRO RGB (CMW32GX4M2D3600C18) 32GB (2x16GB) DDR4 3600MHz',4399000,2,'corsair-dominator-platinum-2x16G-3600'),(32,'https://gearvn.com/products/8gb-ddr4-1x8g-2666-ram-kingston-hyperx-fury-black','(8GB DDR4 1x8G 2666) RAM Kingston HyperX Fury Black',890000,1,'kingston-hyperx-fury-1x8G-2666'),(33,'https://gearvn.com/products/8g-ddr4-1x8g-2800-g-skill-ripjaws-v','(8G DDR4 1x8G 2800) G.SKILL Ripjaws V',890000,1,'g.skill-ripjaws-v-1x8G-2800'),(34,'https://gearvn.com/products/ram-pc-corsair-vengeance-lpx-8gb-ddr4-3000mhz','Ram PC Corsair Vengeance LPX 8GB DDR4 3000MHz',990000,1,'corsair-vengeance-lpx-1x8G-3000'),(35,'https://gearvn.com/products/8gb-ddr4-1x8g-3200-hyperx-fury-rgb','(8GB DDR4 1x8G 3200) HyperX Fury RGB',1090000,1,'kingston-hyperx-fury-RGB-1x8G-3200'),(36,'https://gearvn.com/products/8g-ddr4-1x8g-3000-corsair-vengeance-rgb-pro','(8G DDR4 1x8G 3000) Corsair Vengeance RGB PRO',1190000,1,'corsair-vengeance-RGB-pro-1x8G-3000'),(37,'https://gearvn.com/products/ram-gskill-trident-z-rgb-8gb-ddr4-3000mhz-f4-3000c16s-8gtzr','(8GB DDR4 1x8G 3000) RAM G.SKILL Trident Z RGB CL16-18-18-38',1250000,1,'g.skill-trident-z-RGB-1x8G-3000'),(38,'https://gearvn.com/products/16gb-ddr4-2x8g-2666-ram-kingston-hyperx-fury-black','(16GB DDR4 2x8G 2666) RAM Kingston HyperX Fury Black',1780000,1,'corsair-vengeance-lpx-2x8G-2666'),(39,'https://gearvn.com/products/16g-ddr4-1x16g-3000-ram-gskill-ripjaws-v','(16G DDR4 1x16G 3000) RAM GSKILL RIPJAWS V',1895000,1,'g.skill-ripjaws-v-1x16G-3000'),(40,'https://gearvn.com/products/16gb-ddr4-2x8g-3200-hyperx-fury-rgb','(16GB DDR4 2x8G 3200) HyperX Fury RGB CL16-18-18',1900000,1,'kingston-hyperx-fury-RGB-2x8G-3200'),(41,'https://gearvn.com/products/16g-ddr4-1x16g-3000-g-skill-trident-z-rgb','(16G DDR4 1x16G 3000 ) G.SKILL Trident Z RGB',1990000,1,'g.skill-trident-z-RGB-1x16G-3000'),(42,'https://gearvn.com/products/8g-ddr4-1x8g-3600-g-skill-trident-z-neo-ddr4-cl16-16-16-36','(8GB DDR4 1x8GB 3600 ) G.SKILL Trident Z Neo DDR4 CL16-16-16-36',2345000,1,'g.skill-trident-z-neo-1x8G-3600'),(43,'https://gearvn.com/products/16g-ddr4-2x8g-3000-corsair-vengeance-rgb-pro','(16G DDR4 2x8G 3000 ) Corsair Vengeance RGB PRO CL16-16-16-36',2500000,1,'corsair-vengeance-RGB-pro-2x8G-3000'),(44,'https://gearvn.com/products/16g-ddr4-2x8g-3000-cas-16-g-skill-trident-z-rgb','(16G DDR4 2x8G 3000 cas 16) G.SKILL Trident Z RGB',2500000,1,'corsair-vengeance-RGB-pro-2x8G-3000'),(45,'https://gearvn.com/products/16g-ddr4-2x8g-3200-corsair-dominator-platinum-rgb-white','(16G DDR4 2x8G 3200) Corsair Dominator Platinum RGB White CL16-18-18-36',2950000,1,'corsair-dominator-platinum-2x8G-3200'),(46,'https://gearvn.com/products/16g-ddr4-2x8g-3200-corsair-dominator-platinum-rgb','(16G DDR4 2x8G 3200) Corsair Dominator Platinum RGB CL16-18-18-36',2990000,1,'corsair-dominator-platinum-2x8G-3200'),(47,'https://gearvn.com/products/16g-ddr4-2x8g-3000-corsair-dominator-platinum-rgb','(16G DDR4 2x8G 3000) Corsair Dominator Platinum RGB  CL15-17-17-35',3190000,1,'corsair-dominator-platinum-2x8G-3000'),(48,'https://gearvn.com/products/16g-ddr4-2x8g-3000-g-skill-trident-z-royal-rgb-silver','(16G DDR4 2x8G 3000) G.SKILL Trident Z Royal RGB SILVER CL16-18-18-38',3390000,1,'g.skill-trident-z-royal-2x8G-3000'),(49,'https://gearvn.com/products/16g-ddr4-2x8g-3000-g-skill-trident-z-royal-rgb-gold','(16G DDR4 2x8G 3000) G.SKILL Trident Z Royal RGB GOLD CL16-18-18-38',3390000,1,'g.skill-trident-z-royal-2x8G-3000'),(50,'https://gearvn.com/products/32g-ddr4-2x16g-3200-ram-gskill-ripjaws-v','(32G DDR4 2x16G 3200) RAM GSKILL RIPJAWS V CL16-16-16-36',3790000,1,'g.skill-ripjaws-v-2x16G-3200'),(51,'https://gearvn.com/products/32g-ddr4-2x16g-3000-ram-gskill-ripjaws-v','(32G DDR4 2x16G 3000) RAM GSKILL RIPJAWS V CL16-18-18-38',3790000,1,'g.skill-ripjaws-v-2x16G-3200'),(52,'https://gearvn.com/products/32g-ddr4-2x16g-3200-corsair-vengeance-rgb-pro','(32G DDR4 2x16G 3200) Corsair Vengeance RGB PRO CL16-18-18-36',3990000,1,'corsair-vengeance-RGB-pro-2x16G-3200'),(53,'https://gearvn.com/products/16g-ddr4-2x8g-3200-g-skill-trident-z-royal-rgb-gold','(16G DDR4 2x8G 3200) G.SKILL Trident Z Royal RGB GOLD CL16-18-18-38',4090000,1,'g.skill-trident-z-royal-2x8G-3200'),(54,'https://gearvn.com/products/16g-ddr4-2x8g-3200-g-skill-trident-z-royal-rgb-silver','(16G DDR4 2x8G 3200) G.SKILL Trident Z Royal RGB SILVER CL16-18-18-38',4090000,1,'g.skill-trident-z-royal-2x8G-3200'),(55,'https://gearvn.com/products/16g-ddr4-1x16g-3600-g-skill-trident-z-neo-ddr4-cl16-16-16-36','(16G DDR4 1x16G 3600) G.SKILL Trident Z Neo DDR4 CL16-16-16-36',4145000,1,'g.skill-trident-z-neo-1x16G-3600'),(56,'https://gearvn.com/products/16g-ddr4-2x8g-3600-g-skill-trident-z-neo-ddr4-cl16-16-16-36','(16G DDR4 2x8G 3600) G.SKILL Trident Z Neo DDR4 CL16-16-16-36',4690000,1,'g.skill-trident-z-neo-2x8G-3600'),(57,'https://gearvn.com/products/32g-ddr4-2x16g-3200-corsair-dominator-platinum-rgb','(32G DDR4 2x16G 3200) Corsair Dominator Platinum RGB CL16-18-18-36',5490000,1,'corsair-dominator-platinum-2x16G-3200'),(58,'https://gearvn.com/products/32g-ddr4-2x16g-3600-g-skill-trident-z-neo-ddr4-cl16-16-16-36','(32G DDR4 2x16G 3600) G.SKILL Trident Z Neo DDR4 CL16-16-16-36',8290000,1,'g.skill-trident-z-neo-2x16G-3600'),(59,'https://gearvn.com/products/64g-ddr4-2x32g-3200-corsair-vengeance-rgb-pro','(64G DDR4 2x32G 3200) Corsair Vengeance RGB PRO CL16-18-18-36',8400000,1,'corsair-vengeance-RGB-pro-2x32G-3200'),(60,'https://gearvn.com/products/32g-ddr4-2x16g-2666-corsair-vengeance-lpx','(32G DDR4 2x16G 2666) Corsair Vengeance LPX',8490000,1,'corsair-vengeance-lpx-2x16G-2666'),(61,'https://www.anphatpc.com.vn/ram-corsair-vengeance-lpx-8gb-1x8gb-ddr4-dram-2666mhz-c16-black-cmk8gx4m1a2666c16_id25049.html','RAM Corsair Vengeance LPX 8GB (1x8GB) DDR4 DRAM 2666MHz Black',899000,3,'corsair-vengeance-lpx-1x8G-2666'),(62,'https://www.anphatpc.com.vn/ram-kingston-hyperx-fury-8gb-1x8gb-ddr4-bus-2666mhz-black_id27651.html','Ram Kingston HyperX Fury 8GB (1x8GB) DDR4 Bus 2666Mhz Black ',799000,3,'kingston-hyperx-fury-RGB-1x8G-2666'),(63,'https://www.anphatpc.com.vn/ram-corsair-vengeance-rgb-pro-32gb-2x16gb-ddr4-3000mhz-c15-black-cmw32gx4m2c3000c15_id28267.html','Ram Corsair Vengeance RGB Pro 32GB (2x16GB) DDR4 3000MHz Black',3849000,3,'corsair-vengeance-RGB-pro-2x16G-3000'),(64,'https://www.anphatpc.com.vn/ram-gskill-trident-z-rgb-16gb-8gbx2-ddr4-3000ghz-f4-3000c16d-16gtzr_id21820.html','RAM G.Skill TRIDENT Z RGB 16GB (2x8GB) DDR4 3000MHz (F4-3000C16D-16GTZR)',2349000,3,'g.skill-trident-z-RGB-2x8G-3000'),(65,'https://www.anphatpc.com.vn/ram-corsair-vengeance-rgb-pro-32gb-2x16gb-ddr4-3200mhz-black_id29961.html','Ram Corsair Vengeance RGB Pro 32GB (2x16GB) DDR4 3200MHz Black',3949000,3,'corsair-vengeance-RGB-pro-2x16G-3200'),(66,'https://www.anphatpc.com.vn/ram-corsair-dominator-platinum-rgb-32gb-2x16gb-ddr4-3200mhz_id30108.html','Ram Corsair Dominator Platinum RGB 32GB (2x16GB) DDR4 3200MHz (Đen)',5099000,3,'corsair-dominator-platinum-2x16G-3200'),(67,'https://www.anphatpc.com.vn/ram-corsair-dominator-platinum-rgb-32gb-2x16gb-ddr4-3200mhz-trang_id34252.html','Ram Corsair Dominator Platinum RGB 32GB (2x16GB) DDR4 3200MHz (Trắng)',5099000,3,'corsair-dominator-platinum-2x16G-3200'),(68,'https://www.anphatpc.com.vn/ram-kingston-16gb-2666mhz-ddr4-cl16-dimm-hyperx-fury-black-hx426c16fb16_id31054.html','Ram Kingston HyperX Fury 16GB (1x16GB) DDR4 Bus 2666Mhz',1499000,3,'kingston-hyperx-fury-1x16G-2666'),(69,'https://www.anphatpc.com.vn/ram-g-skill-trident-z-neo-rgb-32gb-2x16gb-ddr4-3600mhz-f4-3600c18d-32gtzn_id33684.html','RAM G.Skill TRIDENT Z Neo RGB 32GB (2x16GB) DDR4 3600MHz (F4-3600C18D-32GTZN)',4499000,3,'g.skill-trident-z-neo-2x16G-3600'),(70,'https://www.anphatpc.com.vn/ram-g-skill-trident-z-rgb-32gb-2x16gb-ddr4-3200mhz-f4-3200c16d-32gtzr_id33686.html','RAM G.Skill TRIDENT Z RGB 32GB (2x16GB) DDR4 3200MHz (F4-3200C16D-32GTZR)',4149000,3,'g.skill-trident-z-rgb-2x16G-3000'),(71,'https://www.anphatpc.com.vn/ram-corsair-vengeance-lpx-16gb-1x16gb-ddr4-bus-3000-mhz-black_id33200.html','Ram Corsair Vengeance LPX 16GB (1x16GB) DDR4 Bus 3000 MHz Black',1499000,3,'corsair-vengeance-lpx-1x16G-3000'),(72,'https://www.anphatpc.com.vn/ram-corsair-vengeance-pro-rgb-16gb-2x8gb-ddr4-bus-3200mhz_id33387.html','Ram Corsair Vengeance Pro RGB 16GB (2x8GB) DDR4 bus 3200Mhz',2299000,3,'corsair-vengeance-RGB-pro-2x16G-3200'),(73,'https://www.anphatpc.com.vn/ram-kingston-hyperx-fury-8gb-1x8gb-ddr4-bus-3200mhz-black_id35571.html','Ram Kingston HyperX Fury 8GB (1x8GB) DDR4 Bus 3200Mhz Black',799000,3,'kingston-hyperx-fury-1x8G-3200'),(74,'https://www.anphatpc.com.vn/ram-gskill-trident-z-rgb-32gb-2x16gb-ddr4-3000mhz-f4-3000c16d-32gtzr_id27811.html','Ram GSkill TRIDENT Z RGB 32GB (2x16GB) DDR4 3000MHz (F4-3000C16D-32GTZR)',3899000,3,'g.skill-trident-z-RGB-2x16G-3000'),(75,'https://www.anphatpc.com.vn/ram-g.skill-ripjaws-v-16gb-8gbx2-ddr4-3000mhz-f4-3000c16d-16gvrb_id30152.html','RAM G.SKILL RIPJAWS V 16GB (2x8GB) DDR4 3000MHz',1599000,3,'g.skill-ripjaws-v-2x8G-3000'),(76,'https://www.anphatpc.com.vn/ram-corsair-vengeance-rgb-pro-16gb-2x8gb-ddr4-3000mhz-c15-white-cmw16gx4m2c3000c15w_id26589.html','Ram Corsair Vengeance RGB Pro 16GB (2x8GB) DDR4 3000MHz White',2099000,3,'corsair-vengeance-RGB-pro-2x8G-3000'),(77,'https://www.anphatpc.com.vn/ram-corsair-vengeance-rgb-pro-16gb-2x8gb-ddr4-3000mhz-c15-black-cmw16gx4m2c3000c15_id27469.html','Ram Corsair Vengeance RGB Pro 16GB (2x8GB) DDR4 3000MHz',2199000,3,'corsair-vengeance-RGB-pro-2x8G-3000'),(78,'https://www.anphatpc.com.vn/ram-g-skill-trident-z-rgb-16gb-2x8gb-ddr4-3600mhz-f4-3600c19d-16gtzrb_id35149.html','RAM G.Skill TRIDENT Z RGB 16GB (2x8GB) DDR4 3600MHz (F4-3600C19D-16GTZRB)',2899000,3,'g.skill-trident-z-RGB-2x8G-3600'),(79,'https://www.anphatpc.com.vn/ram-corsair-vengeance-rgb-pro-32gb-2x16gb-ddr4-3600mhz-black_id35314.html','Ram Corsair Vengeance RGB Pro 32GB (2x16GB) DDR4 3600MHz Black',3999000,3,'corsair-vengeance-RGB-pro-2x16G-3600'),(80,'https://www.anphatpc.com.vn/ram-gskill-trident-z-rgb-32gb-2x16gb-ddr4-3000mhz-f4-3000c16d-32gtzr_id27811.html','Ram GSkill TRIDENT Z RGB 32GB (2x16GB) DDR4 3000MHz (F4-3000C16D-32GTZR)',3899000,3,'g.skill-trident-z-RGB-2x16G-3000'),(81,'https://www.anphatpc.com.vn/ram-gskill-ripjaw-v-8gb-1x8gb-ddr4-2800mhz-f4-2800c17s-8gvr_id26820.html','Ram GSkill RIPJAW V 8GB (1x8GB) DDR4 2800MHz',849000,3,'g.skill-ripjaws-v-1x8G-2800'),(82,'https://www.anphatpc.com.vn/ram-kingston-hyperx-fury-rgb-32gb-2x16gb-3200mhz-ddr4-hx432c16fb3ak232_id30898.html','Ram Kingston HyperX FURY RGB 32GB (2x16GB) 3200MHz DDR4 (HX432C16FB3AK2/32)',3649000,3,'kingston-hyperx-fury-RGB-2x16G-3200'),(83,'https://www.anphatpc.com.vn/ram-g-skill-trident-z-neo-rgb-16gb-2x8gb-ddr4-3600mhz-f4-3600c18d-16gtzn_id33682.html','RAM G.Skill TRIDENT Z Neo RGB 16GB (2x8GB) DDR4 3600MHz (F4-3600C18D-16GTZN)',2799000,3,'g.skill-trident-z-neo-2x8G-3600'),(84,'https://www.anphatpc.com.vn/ram-g-skill-trident-z-neo-rgb-64gb-2x32gb-ddr4-3600mhz-f4-3600c18d-64gtzn_id34298.html','RAM G.Skill TRIDENT Z Neo RGB 64GB (2x32GB) DDR4 3600MHz (F4-3600C18D-64GTZN)',8199000,3,'g.skill-trident-z-neo-2x32G-3600'),(85,'https://www.anphatpc.com.vn/ram-g-skill-trident-z-rgb-16gb-2x8gb-ddr4-3200mhz-f4-3200c16d-16gtzr_id33685.html','RAM G.Skill TRIDENT Z RGB 16GB (2x8GB) DDR4 3200MHz (F4-3200C16D-16GTZR)',2599000,3,'g.skill-trident-z-RGB-2x8G-3200'),(86,'https://www.anphatpc.com.vn/ram-kingston-hyperx-fury-black-16g-ddr4-bus-2666mhz-cl15-kit-of-2-hx426c15fbk216_id19973.html','RAM Kingston HyperX Fury Black 16GB (2x8GB) DDR4 Bus 2666',1599000,3,'kingston-hyperx-fury-2x8G-2666'),(87,'https://www.anphatpc.com.vn/ram-corsair-corsair-vengeance-rgb-pro-8gb-1-x-8gb-ddr4-3000mhz_id32255.html','Ram Corsair Corsair Vengeance RGB PRO 8GB (1x8GB) DDR4 3000MHz',1049000,3,'corsair-vengeance-RGB-pro-1x8G-3000');
/*!40000 ALTER TABLE `ram_price_list` ENABLE KEYS */;
UNLOCK TABLES;

--
-- Table structure for table `ram_rating`
--

DROP TABLE IF EXISTS `ram_rating`;
/*!40101 SET @saved_cs_client     = @@character_set_client */;
/*!50503 SET character_set_client = utf8mb4 */;
CREATE TABLE `ram_rating` (
  `ID` int NOT NULL AUTO_INCREMENT,
  `UserID` int NOT NULL,
  `RamID` varchar(100) NOT NULL,
  `Rating` double DEFAULT NULL,
  PRIMARY KEY (`ID`),
  KEY `ram_rating_ibfk_1` (`UserID`),
  KEY `ram_rating_ibfk_2` (`RamID`),
  CONSTRAINT `ram_rating_ibfk_1` FOREIGN KEY (`UserID`) REFERENCES `user` (`ID`),
  CONSTRAINT `ram_rating_ibfk_2` FOREIGN KEY (`RamID`) REFERENCES `ram` (`ID`)
) ENGINE=InnoDB DEFAULT CHARSET=utf8;
/*!40101 SET character_set_client = @saved_cs_client */;

--
-- Dumping data for table `ram_rating`
--

LOCK TABLES `ram_rating` WRITE;
/*!40000 ALTER TABLE `ram_rating` DISABLE KEYS */;
/*!40000 ALTER TABLE `ram_rating` ENABLE KEYS */;
UNLOCK TABLES;

--
-- Table structure for table `retailer`
--

DROP TABLE IF EXISTS `retailer`;
/*!40101 SET @saved_cs_client     = @@character_set_client */;
/*!50503 SET character_set_client = utf8mb4 */;
CREATE TABLE `retailer` (
  `ID` int NOT NULL AUTO_INCREMENT,
  `name` varchar(255) NOT NULL,
  `logo` varchar(255) NOT NULL,
  `facebook` varchar(100) NOT NULL,
  `shop` varchar(100) NOT NULL,
  `description` text NOT NULL,
  PRIMARY KEY (`ID`)
) ENGINE=InnoDB AUTO_INCREMENT=6 DEFAULT CHARSET=utf8;
/*!40101 SET character_set_client = @saved_cs_client */;

--
-- Dumping data for table `retailer`
--

LOCK TABLES `retailer` WRITE;
/*!40000 ALTER TABLE `retailer` DISABLE KEYS */;
INSERT INTO `retailer` VALUES (1,'GearVN','https://theme.hstatic.net/1000026716/1000440777/14/logo.svg?v=19182','https://www.facebook.com/gearvnhcm/','https://gearvn.com','Quite Nice'),(2,'HanoiComputer','https://hanoicomputercdn.com/media/lib/logo-trang.png','https://www.facebook.com/www.hanoicomputer.vn/','https://www.hanoicomputer.vn','Kinda Nice'),(3,'AnPhatPC','https://anphat.com.vn/media/banner/logo_logo.png','https://www.facebook.com/anphatcomputer/','https://www.anphatpc.com.vn','Dunno');
/*!40000 ALTER TABLE `retailer` ENABLE KEYS */;
UNLOCK TABLES;

--
-- Table structure for table `retailer_rating`
--

DROP TABLE IF EXISTS `retailer_rating`;
/*!40101 SET @saved_cs_client     = @@character_set_client */;
/*!50503 SET character_set_client = utf8mb4 */;
CREATE TABLE `retailer_rating` (
  `ID` int NOT NULL AUTO_INCREMENT,
  `UserID` int NOT NULL,
  `RetailerID` int NOT NULL,
  `Rating` double DEFAULT NULL,
  PRIMARY KEY (`ID`),
  KEY `UserID` (`UserID`),
  KEY `RetailerID` (`RetailerID`),
  CONSTRAINT `retailer_rating_ibfk_1` FOREIGN KEY (`UserID`) REFERENCES `user` (`ID`),
  CONSTRAINT `retailer_rating_ibfk_2` FOREIGN KEY (`RetailerID`) REFERENCES `retailer` (`ID`)
) ENGINE=InnoDB DEFAULT CHARSET=utf8;
/*!40101 SET character_set_client = @saved_cs_client */;

--
-- Dumping data for table `retailer_rating`
--

LOCK TABLES `retailer_rating` WRITE;
/*!40000 ALTER TABLE `retailer_rating` DISABLE KEYS */;
/*!40000 ALTER TABLE `retailer_rating` ENABLE KEYS */;
UNLOCK TABLES;

--
-- Table structure for table `ssd`
--

DROP TABLE IF EXISTS `ssd`;
/*!40101 SET @saved_cs_client     = @@character_set_client */;
/*!50503 SET character_set_client = utf8mb4 */;
CREATE TABLE `ssd` (
  `ID` varchar(100) NOT NULL,
  `manufacturer` varchar(100) NOT NULL,
  `serieName` varchar(100) NOT NULL,
  `chipset` varchar(100) NOT NULL,
  `storage` varchar(100) NOT NULL,
  `fullname` text NOT NULL,
  `image` varchar(100) NOT NULL,
  PRIMARY KEY (`ID`)
) ENGINE=InnoDB DEFAULT CHARSET=utf8;
/*!40101 SET character_set_client = @saved_cs_client */;

--
-- Dumping data for table `ssd`
--

LOCK TABLES `ssd` WRITE;
/*!40000 ALTER TABLE `ssd` DISABLE KEYS */;
INSERT INTO `ssd` VALUES ('adata-xpg-spectrix-s40g-rgb-256-m2-nvme','ADATA','XPG SPECTRIX S40G RGB','M2 NVMe','256 GB','SSD ADATA XPG SPECTRIX S40G RGB 256 GB',''),('adata-xpg-spectrix-s40g-rgb-512-m2-nvme','ADATA','XPG SPECTRIX S40G RGB','M2 NVMe','512 GB','SSD ADATA XPG SPECTRIX S40G RGB 512 GB',''),('kingston-a2000-1024-m2-nvme','Kingston','A2000','M2 NVMe','1 TB','SSD Kingston A2000 1 TB',''),('kingston-a2000-250-m2-nvme','Kingston','A2000','M2 NVMe','250 GB','SSD Kingston A2000 250 GB',''),('kingston-a2000-500-m2-nvme','Kingston','A2000','M2 NVMe','500 GB','SSD Kingston A2000 500 GB',''),('kingston-a400-120-m2-sata','Kingston','A400','M2 SATA','120 GB','SSD Kingston A400 120 GB',''),('kingston-a400-240-m2-sata','Kingston','A400','M2 SATA','240 GB','SSD Kingston A400 240 GB',''),('kingston-hyperx-fury-rgb-240-m2-sata','Kingston','HyperX FURY RGB','M2 SATA','240 GB','SSD Kingston HyperX FURY RGB 240 GB',''),('kingston-hyperx-fury-rgb-480-m2-sata','Kingston','HyperX FURY RGB','M2 SATA','480 GB','SSD Kingston HyperX FURY RGB 480 GB',''),('kingston-hyperx-fury-rgb-960-m2-sata','Kingston','HyperX FURY RGB','M2 SATA','960 GB','SSD Kingston HyperX FURY RGB 960 GB',''),('kingston-kc600-256-m2-sata','Kingston','KC600','M2 SATA','256 GB','SSD Kingston KC600 256 GB',''),('kingston-kc600-512-m2-sata','Kingston','KC600','M2 SATA','512 GB','SSD Kingston KC600 512 GB',''),('samsung-870-qvo-1024-m2-sata','Samsung','870 QVO','M2 SATA','1 TB','SSD Samsung 870 QVO 1 TB',''),('samsung-870-qvo-2048-m2-sata','Samsung','870 QVO','M2 SATA','2 TB','SSD Samsung 870 QVO 2 TB',''),('samsung-870-qvo-4096-m2-sata','Samsung','870 QVO','M2 SATA','4 TB','SSD Samsung 870 QVO 4 TB',''),('samsung-870-qvo-8192-m2-sata','Samsung','870 QVO','M2 SATA','8 TB','SSD Samsung 870 QVO 8 TB','');
/*!40000 ALTER TABLE `ssd` ENABLE KEYS */;
UNLOCK TABLES;

--
-- Table structure for table `ssd_price_list`
--

DROP TABLE IF EXISTS `ssd_price_list`;
/*!40101 SET @saved_cs_client     = @@character_set_client */;
/*!50503 SET character_set_client = utf8mb4 */;
CREATE TABLE `ssd_price_list` (
  `Id` int NOT NULL AUTO_INCREMENT,
  `link` text NOT NULL,
  `name` text NOT NULL,
  `price` int NOT NULL,
  `rid` int NOT NULL,
  `fid` varchar(100) NOT NULL,
  PRIMARY KEY (`Id`),
  KEY `fid` (`fid`),
  KEY `ssd_price_list_ibfk_2_idx` (`rid`),
  CONSTRAINT `ssd_price_list_ibfk_1` FOREIGN KEY (`fid`) REFERENCES `ssd` (`ID`),
  CONSTRAINT `ssd_price_list_ibfk_2` FOREIGN KEY (`rid`) REFERENCES `retailer` (`ID`)
) ENGINE=InnoDB AUTO_INCREMENT=20 DEFAULT CHARSET=utf8;
/*!40101 SET character_set_client = @saved_cs_client */;

--
-- Dumping data for table `ssd_price_list`
--

LOCK TABLES `ssd_price_list` WRITE;
/*!40000 ALTER TABLE `ssd_price_list` DISABLE KEYS */;
INSERT INTO `ssd_price_list` VALUES (1,'https://www.anphatpc.com.vn/o-cung-ssd-samsung-870-qvo-1tb-2-5-inch-sata-iii_id34479.html','Ổ cứng SSD Samsung 870 QVO 1TB 2.5-Inch SATA III',3080000,3,'samsung-870-qvo-1024-m2-sata'),(2,'https://www.anphatpc.com.vn/o-cung-ssd-samsung-870-qvo-4tb-2-5-inch-sata-iii_id34481.html','Ổ cứng SSD Samsung 870 QVO 4TB 2.5-Inch SATA III',12240000,3,'samsung-870-qvo-4096-m2-sata'),(3,'https://www.anphatpc.com.vn/o-cung-ssd-samsung-870-qvo-8tb-2-5-inch-sata-iii_id34482.html','Ổ cứng SSD Samsung 870 QVO 8TB 2.5-Inch SATA III',22990000,3,'samsung-870-qvo-8192-m2-sata'),(4,'https://www.anphatpc.com.vn/o-cung-ssd-adata-xpg-spectrix-s40g-rgb-256gb-nvme-m.2-2280-pcie-gen-3.0-x4_id29720.html','Ổ cứng SSD ADATA XPG SPECTRIX S40G RGB 256GB NVMe M.2 2280 PCIe Gen 3.0 x4',1399000,3,'adata-xpg-spectrix-s40g-rgb-256-m2-nvme'),(5,'https://www.anphatpc.com.vn/o-cung-ssd-adata-xpg-spectrix-s40g-rgb-512gb-nvme-m.2-2280-pcie-gen-3.0-x4_id29721.html','Ổ cứng SSD ADATA XPG SPECTRIX S40G RGB 512GB NVMe M.2 2280 PCIe Gen 3.0 x4',2349000,3,'adata-xpg-spectrix-s40g-rgb-512-m2-nvme'),(6,'https://www.anphatpc.com.vn/o-cung-ssd-samsung-870-qvo-2tb-2-5-inch-sata-iii_id34480.html','Ổ cứng SSD Samsung 870 QVO 2TB 2.5-Inch SATA III',6060000,3,'samsung-870-qvo-2048-m2-sata'),(7,'https://gearvn.com/products/ssd-xpg-spectrix-s40g-rgb-led-256gb','SSD ADATA XPG SPECTRIX S40G RGB 256GB',1490000,1,'adata-xpg-spectrix-s40g-rgb-256-m2-nvme'),(8,'https://gearvn.com/products/ssd-adata-xpg-spectrix-s40g-rgb-512gb','SSD ADATA XPG SPECTRIX S40G RGB 512GB',2390000,1,'adata-xpg-spectrix-s40g-rgb-512-m2-nvme'),(9,'https://gearvn.com/products/ssd-kingston-kc600-256gb-2-5-sata3','SSD Kingston KC600 256GB 2.5\" SATA3',1290000,1,'kingston-kc600-256-m2-sata'),(10,'https://gearvn.com/products/ssd-kingston-kc600-512gb-2-5-sata3','SSD Kingston KC600 512GB 2.5\" SATA3',2290000,1,'kingston-kc600-512-m2-sata'),(12,'https://gearvn.com/products/ssd-kingston-a400-120gb-m-2-sata-3','SSD KINGSTON A400 120GB M.2 Sata 3',590000,1,'kingston-a400-120-m2-sata'),(13,'https://gearvn.com/products/ssd-kingston-a400-240gb-m-2-sata-3','SSD KINGSTON A400 240GB M.2 Sata 3',890000,1,'kingston-a400-240-m2-sata'),(14,'https://gearvn.com/products/ssd-kingston-a2000-500gb-m-2-nvme-sa2000m8-500g','SSD KINGSTON A2000 500GB M.2 NVMe - SA2000M8/500G',2190000,1,'kingston-a2000-500-m2-nvme'),(15,'https://gearvn.com/products/ssd-kingston-a2000-250gb-m-2-nvme-sa2000m8-250g','SSD KINGSTON A2000 250GB M.2 NVMe - SA2000M8/250G',1010000,1,'kingston-a2000-250-m2-nvme'),(16,'https://gearvn.com/products/ssd-kingston-a2000-1tb-m-2-nvme-sa2000m8-1000g','SSD KINGSTON A2000 1TB M.2 NVMe - SA2000M8/1000G',3290000,1,'kingston-a2000-1024-m2-nvme'),(17,'https://gearvn.com/products/hyperx-ssd-fury-rgb-240gb-2-5-sata-3','HyperX SSD Fury RGB 240GB 2.5\" Sata 3',1990000,1,'kingston-hyperx-fury-rgb-240-m2-sata'),(18,'https://gearvn.com/products/hyperx-ssd-fury-rgb-480gb-2-5-sata-3','HyperX SSD Fury RGB 480GB 2.5\" Sata 3',3350000,1,'kingston-hyperx-fury-rgb-480-m2-sata'),(19,'https://gearvn.com/products/hyperx-ssd-fury-rgb-960gb-2-5-sata-iii','HyperX SSD Fury RGB 960GB 2.5\" SATA III',5850000,1,'kingston-hyperx-fury-rgb-960-m2-sata');
/*!40000 ALTER TABLE `ssd_price_list` ENABLE KEYS */;
UNLOCK TABLES;

--
-- Table structure for table `ssd_rating`
--

DROP TABLE IF EXISTS `ssd_rating`;
/*!40101 SET @saved_cs_client     = @@character_set_client */;
/*!50503 SET character_set_client = utf8mb4 */;
CREATE TABLE `ssd_rating` (
  `ID` int NOT NULL AUTO_INCREMENT,
  `UserID` int NOT NULL,
  `SsdID` varchar(100) NOT NULL,
  `Rating` double DEFAULT NULL,
  PRIMARY KEY (`ID`),
  KEY `FKkai8qafrgowup0h5mmo78clwg` (`UserID`),
  KEY `FKig8tp64kog4jnssrjsr90g9tc` (`SsdID`),
  CONSTRAINT `ssd_rating_ibfk_1` FOREIGN KEY (`UserID`) REFERENCES `user` (`ID`),
  CONSTRAINT `ssd_rating_ibfk_2` FOREIGN KEY (`SsdID`) REFERENCES `ssd` (`ID`)
) ENGINE=InnoDB DEFAULT CHARSET=utf8;
/*!40101 SET character_set_client = @saved_cs_client */;

--
-- Dumping data for table `ssd_rating`
--

LOCK TABLES `ssd_rating` WRITE;
/*!40000 ALTER TABLE `ssd_rating` DISABLE KEYS */;
/*!40000 ALTER TABLE `ssd_rating` ENABLE KEYS */;
UNLOCK TABLES;

--
-- Table structure for table `user`
--

DROP TABLE IF EXISTS `user`;
/*!40101 SET @saved_cs_client     = @@character_set_client */;
/*!50503 SET character_set_client = utf8mb4 */;
CREATE TABLE `user` (
  `ID` int NOT NULL AUTO_INCREMENT,
  `username` varchar(100) NOT NULL,
  `password` varchar(100) NOT NULL,
  `mail` varchar(100) NOT NULL,
  `role` varchar(100) NOT NULL,
  `name` varchar(255) NOT NULL,
  PRIMARY KEY (`ID`)
) ENGINE=InnoDB AUTO_INCREMENT=6 DEFAULT CHARSET=utf8;
/*!40101 SET character_set_client = @saved_cs_client */;

--
-- Dumping data for table `user`
--

LOCK TABLES `user` WRITE;
/*!40000 ALTER TABLE `user` DISABLE KEYS */;
INSERT INTO `user` VALUES (1,'amaggat','weare123','amaggat@gmail.com','user','Amaggat'),(4,'user','user','user@gmail.com','user','user'),(5,'admin','user','admin@gmail.com','admin','admin');
/*!40000 ALTER TABLE `user` ENABLE KEYS */;
UNLOCK TABLES;

--
-- Dumping events for database 'pcrs'
--

--
-- Dumping routines for database 'pcrs'
--
/*!40103 SET TIME_ZONE=@OLD_TIME_ZONE */;

/*!40101 SET SQL_MODE=@OLD_SQL_MODE */;
/*!40014 SET FOREIGN_KEY_CHECKS=@OLD_FOREIGN_KEY_CHECKS */;
/*!40014 SET UNIQUE_CHECKS=@OLD_UNIQUE_CHECKS */;
/*!40101 SET CHARACTER_SET_CLIENT=@OLD_CHARACTER_SET_CLIENT */;
/*!40101 SET CHARACTER_SET_RESULTS=@OLD_CHARACTER_SET_RESULTS */;
/*!40101 SET COLLATION_CONNECTION=@OLD_COLLATION_CONNECTION */;
/*!40111 SET SQL_NOTES=@OLD_SQL_NOTES */;

-- Dump completed on 2021-04-22 20:43:58
