INSERT IGNORE `pc_parts_picker`.`pcprofile` VALUES ('amd-first-build', '0', 'First AMD PC Build');
INSERT IGNORE `pc_parts_picker`.`pcprofile_cpu` VALUES ('amd-first-build', 'amd-ryzen-5-3600');
INSERT IGNORE `pc_parts_picker`.`pcprofile_mainboard` VALUES ('amd-first-build', 'asrock-b450m-steel-legend');
INSERT IGNORE `pc_parts_picker`.`pcprofile_ram` VALUES ('amd-first-build', 'corsair-dominator-platinum-2x8G-3200');
INSERT IGNORE `pc_parts_picker`.`pcprofile_gpu` VALUES ('amd-first-build', 'msi-geforce-rtx-3060-ti-gaming-x-trio');
INSERT IGNORE `pc_parts_picker`.`pcprofile_hdd` VALUES ('amd-first-build', 'seagate-firecuda-1024-2.5sata');
INSERT IGNORE `pc_parts_picker`.`pcprofile_ssd` VALUES ('amd-first-build', 'kingston-a2000-500-m2-nvme');
INSERT IGNORE `pc_parts_picker`.`pcprofile_psu` VALUES ('amd-first-build', 'cm-mwe-gold-650-gold');

INSERT IGNORE `pc_parts_picker`.`pcprofile` VALUES ('intel-1000$-build', '0', 'Intel 20tr VND Build');
INSERT IGNORE `pc_parts_picker`.`pcprofile_cpu` VALUES ('intel-1000$-build', 'intel-i5-10400');
INSERT IGNORE `pc_parts_picker`.`pcprofile_mainboard` VALUES ('intel-1000$-build', 'asus-rog-strix-b460-f-gaming');
INSERT IGNORE `pc_parts_picker`.`pcprofile_ram` VALUES ('intel-1000$-build', 'corsair-vengeance-RGB-pro-2x8G-3000');
INSERT IGNORE `pc_parts_picker`.`pcprofile_gpu` VALUES ('intel-1000$-build', 'msi-geforce-rtx-2060-gaming-z');
INSERT IGNORE `pc_parts_picker`.`pcprofile_hdd` VALUES ('intel-1000$-build', 'seagate-firecuda-1024-2.5sata');
INSERT IGNORE `pc_parts_picker`.`pcprofile_ssd` VALUES ('intel-1000$-build', 'kingston-kc600-512-m2-sata');
INSERT IGNORE `pc_parts_picker`.`pcprofile_psu` VALUES ('intel-1000$-build', 'cm-mwe-gold-650-gold');