-- Entry-Level AMD Build
INSERT IGNORE `pc_parts_picker`.`pcprofile` VALUES ('entry-level-amd-build', '1', 'Entry-Level AMD Build');
INSERT IGNORE `pc_parts_picker`.`pcprofile_cpu` VALUES ('entry-level-amd-build', 'amd-ryzen-5-3600');
INSERT IGNORE `pc_parts_picker`.`pcprofile_mainboard` VALUES ('entry-level-amd-build', 'asrock-b450m-steel-legend');
INSERT IGNORE `pc_parts_picker`.`pcprofile_ram` VALUES ('entry-level-amd-build', 'corsair-dominator-platinum-2x8G-3200');
INSERT IGNORE `pc_parts_picker`.`pcprofile_gpu` VALUES ('entry-level-amd-build', 'gigabyte-radeon-rx-6800-xt-gv-r68xt-16gc-b');
INSERT IGNORE `pc_parts_picker`.`pcprofile_hdd` VALUES ('entry-level-amd-build', 'seagate-firecuda-1024-2.5sata');
INSERT IGNORE `pc_parts_picker`.`pcprofile_ssd` VALUES ('entry-level-amd-build', 'kingston-a2000-500-m2-nvme');
INSERT IGNORE `pc_parts_picker`.`pcprofile_psu` VALUES ('entry-level-amd-build', 'cm-mwe-gold-650-gold');

-- Entry-Level Intel Build
INSERT IGNORE `pc_parts_picker`.`pcprofile` VALUES ('entry-level-intel-build', '1', 'Entry-Level Intel Build');
INSERT IGNORE `pc_parts_picker`.`pcprofile_cpu` VALUES ('entry-level-intel-build', 'intel-i5-10400');
INSERT IGNORE `pc_parts_picker`.`pcprofile_mainboard` VALUES ('entry-level-intel-build', 'asus-rog-strix-b460-f-gaming');
INSERT IGNORE `pc_parts_picker`.`pcprofile_ram` VALUES ('entry-level-intel-build', 'corsair-vengeance-RGB-pro-2x8G-3000');
INSERT IGNORE `pc_parts_picker`.`pcprofile_gpu` VALUES ('entry-level-intel-build', 'msi-geforce-rtx-3060-ti-gaming-x-trio');
INSERT IGNORE `pc_parts_picker`.`pcprofile_hdd` VALUES ('entry-level-intel-build', 'seagate-firecuda-1024-2.5sata');
INSERT IGNORE `pc_parts_picker`.`pcprofile_ssd` VALUES ('entry-level-intel-build', 'kingston-kc600-512-m2-sata');
INSERT IGNORE `pc_parts_picker`.`pcprofile_psu` VALUES ('entry-level-intel-build', 'cm-mwe-gold-650-gold');

-- High-End Intel Build
INSERT IGNORE `pc_parts_picker`.`pcprofile` VALUES ('high-end-intel-build', '1', 'High-End Intel Build');
INSERT IGNORE `pc_parts_picker`.`pcprofile_cpu` VALUES ('high-end-intel-build', 'intel-i9-10900K');
INSERT IGNORE `pc_parts_picker`.`pcprofile_mainboard` VALUES ('high-end-intel-build', 'gigabyte-z490i-aorus-ultra');
INSERT IGNORE `pc_parts_picker`.`pcprofile_ram` VALUES ('high-end-intel-build', 'g.skill-trident-z-neo-2x16G-3600');
INSERT IGNORE `pc_parts_picker`.`pcprofile_gpu` VALUES ('high-end-intel-build', 'asus-geforce-rtx-3090-strix-gaming');
INSERT IGNORE `pc_parts_picker`.`pcprofile_hdd` VALUES ('high-end-intel-build', 'seagate-ironwolf-pro-4096-3.5sata');
INSERT IGNORE `pc_parts_picker`.`pcprofile_ssd` VALUES ('high-end-intel-build', 'samsung-870-qvo-1024-m2-sata');
INSERT IGNORE `pc_parts_picker`.`pcprofile_psu` VALUES ('high-end-intel-build', 'seasonic-focus-1000-gold');

-- High-End AMD Build
INSERT IGNORE `pc_parts_picker`.`pcprofile` VALUES ('high-end-amd-build', '1', 'High-End AMD Build');
INSERT IGNORE `pc_parts_picker`.`pcprofile_cpu` VALUES ('high-end-amd-build', 'amd-ryzen-9-5900x');
INSERT IGNORE `pc_parts_picker`.`pcprofile_mainboard` VALUES ('high-end-amd-build', 'asus-rog-crosshair-viii-formula');
INSERT IGNORE `pc_parts_picker`.`pcprofile_ram` VALUES ('high-end-amd-build', 'g.skill-trident-z-royal-2x8G-3200');
INSERT IGNORE `pc_parts_picker`.`pcprofile_gpu` VALUES ('high-end-amd-build', 'gigabyte-radeon-rx-6800-xt-gv-r68xt-16gc-b');
INSERT IGNORE `pc_parts_picker`.`pcprofile_hdd` VALUES ('high-end-amd-build', 'seagate-ironwolf-pro-4096-3.5sata');
INSERT IGNORE `pc_parts_picker`.`pcprofile_ssd` VALUES ('high-end-amd-build', 'samsung-870-qvo-1024-m2-sata');
INSERT IGNORE `pc_parts_picker`.`pcprofile_psu` VALUES ('high-end-amd-build', 'seasonic-prime-ultra-1000-platinum');

-- Low-End Intel Build
INSERT IGNORE `pc_parts_picker`.`pcprofile` VALUES ('low-end-intel-build', '1', 'Low-End Intel Build');
INSERT IGNORE `pc_parts_picker`.`pcprofile_cpu` VALUES ('low-end-intel-build', 'intel-i3-10100');
INSERT IGNORE `pc_parts_picker`.`pcprofile_mainboard` VALUES ('low-end-intel-build', 'asrock-b460-phantom-gaming-4');
INSERT IGNORE `pc_parts_picker`.`pcprofile_ram` VALUES ('low-end-intel-build', 'kingston-hyperx-fury-2x8G-2666');
INSERT IGNORE `pc_parts_picker`.`pcprofile_gpu` VALUES ('low-end-intel-build', 'asus-geforce-gtx-1650-super-tuf-gaming');
INSERT IGNORE `pc_parts_picker`.`pcprofile_hdd` VALUES ('low-end-intel-build', 'seagate-firecuda-1024-2.5sata');
INSERT IGNORE `pc_parts_picker`.`pcprofile_ssd` VALUES ('low-end-intel-build', 'kingston-a400-240-m2-sata');
INSERT IGNORE `pc_parts_picker`.`pcprofile_psu` VALUES ('low-end-intel-build', 'cm-mwe-v2-500-white');

-- Low-End AMD Build
INSERT IGNORE `pc_parts_picker`.`pcprofile` VALUES ('low-end-amd-build', '1', 'Low-End AMD Build');
INSERT IGNORE `pc_parts_picker`.`pcprofile_cpu` VALUES ('low-end-amd-build', 'amd-ryzen-3-3100');
INSERT IGNORE `pc_parts_picker`.`pcprofile_mainboard` VALUES ('low-end-amd-build', 'asus-rog-strix-b460-f-gaming');
INSERT IGNORE `pc_parts_picker`.`pcprofile_ram` VALUES ('low-end-amd-build', 'corsair-vengeance-lpx-2x8G-2666');
INSERT IGNORE `pc_parts_picker`.`pcprofile_gpu` VALUES ('low-end-amd-build', 'asus-radeon-rx-570-rog-strix');
INSERT IGNORE `pc_parts_picker`.`pcprofile_hdd` VALUES ('low-end-amd-build', 'seagate-firecuda-1024-2.5sata');
INSERT IGNORE `pc_parts_picker`.`pcprofile_ssd` VALUES ('low-end-amd-build', 'kingston-a400-240-m2-sata');
INSERT IGNORE `pc_parts_picker`.`pcprofile_psu` VALUES ('low-end-amd-build', 'corsair-cv-550-bronze');

-- Streaming Intel Build
INSERT IGNORE `pc_parts_picker`.`pcprofile` VALUES ('streaming-intel-build', '1', 'Streaming Intel Build');
INSERT IGNORE `pc_parts_picker`.`pcprofile_cpu` VALUES ('streaming-intel-build', 'intel-i5-10400');
INSERT IGNORE `pc_parts_picker`.`pcprofile_mainboard` VALUES ('streaming-intel-build', 'asus-rog-strix-b460-f-gaming');
INSERT IGNORE `pc_parts_picker`.`pcprofile_ram` VALUES ('streaming-intel-build', 'corsair-vengeance-RGB-pro-2x8G-3000');
INSERT IGNORE `pc_parts_picker`.`pcprofile_gpu` VALUES ('streaming-intel-build', 'msi-geforce-gtx-1050-ti-aero-itx');
INSERT IGNORE `pc_parts_picker`.`pcprofile_hdd` VALUES ('streaming-intel-build', 'wd-black2-1024-2.5sata');
INSERT IGNORE `pc_parts_picker`.`pcprofile_ssd` VALUES ('streaming-intel-build', 'adata-xpg-spectrix-s40g-rgb-256-m2-nvme');
INSERT IGNORE `pc_parts_picker`.`pcprofile_psu` VALUES ('streaming-intel-build', 'cm-mwe-gold-650-gold');

-- Streaming AMD Build
INSERT IGNORE `pc_parts_picker`.`pcprofile` VALUES ('streaming-amd-build', '1', 'Streaming AMD Build');
INSERT IGNORE `pc_parts_picker`.`pcprofile_cpu` VALUES ('streaming-amd-build', 'intel-i5-10400');
INSERT IGNORE `pc_parts_picker`.`pcprofile_mainboard` VALUES ('streaming-amd-build', 'asus-rog-strix-b460-f-gaming');
INSERT IGNORE `pc_parts_picker`.`pcprofile_ram` VALUES ('streaming-amd-build', 'corsair-vengeance-RGB-pro-2x8G-3000');
INSERT IGNORE `pc_parts_picker`.`pcprofile_gpu` VALUES ('streaming-amd-build', 'asus-geforce-gtx-1060-6gb-strix-oc');
INSERT IGNORE `pc_parts_picker`.`pcprofile_hdd` VALUES ('streaming-amd-build', 'seagate-firecuda-1024-2.5sata');
INSERT IGNORE `pc_parts_picker`.`pcprofile_ssd` VALUES ('streaming-amd-build', 'kingston-kc600-512-m2-sata');
INSERT IGNORE `pc_parts_picker`.`pcprofile_psu` VALUES ('streaming-amd-build', 'cm-mwe-gold-650-gold');