-- MySQL dump 10.13  Distrib 8.0.19, for Win64 (x86_64)
--
-- Host: localhost    Database: pc_parts_picker
-- ------------------------------------------------------
-- Server version	8.0.19

/*!40101 SET @OLD_CHARACTER_SET_CLIENT=@@CHARACTER_SET_CLIENT */;
/*!40101 SET @OLD_CHARACTER_SET_RESULTS=@@CHARACTER_SET_RESULTS */;
/*!40101 SET @OLD_COLLATION_CONNECTION=@@COLLATION_CONNECTION */;
/*!50503 SET NAMES utf8 */;
/*!40103 SET @OLD_TIME_ZONE=@@TIME_ZONE */;
/*!40103 SET TIME_ZONE='+00:00' */;
/*!40014 SET @OLD_UNIQUE_CHECKS=@@UNIQUE_CHECKS, UNIQUE_CHECKS=0 */;
/*!40014 SET @OLD_FOREIGN_KEY_CHECKS=@@FOREIGN_KEY_CHECKS, FOREIGN_KEY_CHECKS=0 */;
/*!40101 SET @OLD_SQL_MODE=@@SQL_MODE, SQL_MODE='NO_AUTO_VALUE_ON_ZERO' */;
/*!40111 SET @OLD_SQL_NOTES=@@SQL_NOTES, SQL_NOTES=0 */;

--
-- Table structure for table `cpu`
--

DROP TABLE IF EXISTS `cpu`;
/*!40101 SET @saved_cs_client     = @@character_set_client */;
/*!50503 SET character_set_client = utf8mb4 */;
CREATE TABLE `cpu` (
  `ID` varchar(100) NOT NULL,
  `manufacturer` varchar(100) NOT NULL,
  `serieName` varchar(100) NOT NULL,
  `chipset` varchar(100) DEFAULT NULL,
  `socket` varchar(100) NOT NULL,
  `Cores` int NOT NULL,
  `Threads` int NOT NULL,
  `fullname` text NOT NULL,
  PRIMARY KEY (`ID`)
) ENGINE=InnoDB DEFAULT CHARSET=utf8;
/*!40101 SET character_set_client = @saved_cs_client */;

--
-- Dumping data for table `cpu`
--

LOCK TABLES `cpu` WRITE;
/*!40000 ALTER TABLE `cpu` DISABLE KEYS */;
INSERT INTO `cpu` VALUES ('amd-ryzen-3-3100','AMD','Matisse','Ryzen 3','Socket AM4',4,8,'AMD Ryzen 3 3100 Desktop Processor'),('amd-ryzen-3-3200g','AMD','Picasso','Ryzen 3','Socket AM4',4,4,'AMD Ryzen 3 3200G Desktop Processor'),('amd-ryzen-3-3300x','AMD','Matisse','Ryzen 3','Socket AM4',4,8,'AMD Ryzen 3 3300X Desktop Processor'),('amd-ryzen-5-3400g','AMD','Picasso','Ryzen 5','Socket AM4',4,8,'AMD Ryzen 5 3400G Desktop Processor'),('amd-ryzen-5-3500','AMD','Matisse','Ryzen 5','Socket AM4',6,12,'AMD Ryzen 5 3500 Desktop Processor'),('amd-ryzen-5-3500x','AMD','Matisse','Ryzen 5','Socket AM4',6,12,'AMD Ryzen 5 3500X Desktop Processor'),('amd-ryzen-5-3600','AMD','Matisse','Ryzen 5','Socket AM4',6,12,'AMD Ryzen 5 3600 Desktop Processor'),('amd-ryzen-5-3600x','AMD','Matisse','Ryzen 5','Socket AM4',6,12,'AMD Ryzen 5 3600X Desktop Processor'),('amd-ryzen-5-5600x','AMD','Vermeer','Ryzen 5','Socket AM4',6,12,'AMD Ryzen 5 5600X Desktop Processor'),('amd-ryzen-7-3700x','AMD','Matisse','Ryzen 7','Socket AM4',8,16,'AMD Ryzen 7 3700X Desktop Processor'),('amd-ryzen-7-3800x','AMD','Matisse','Ryzen 7','Socket AM4',8,16,'AMD Ryzen 7 3800X Desktop Processor'),('amd-ryzen-7-3800xt','AMD','Matisse 2','Ryzen 7','Socket AM4',8,16,'AMD Ryzen 7 3800XT Desktop Processor'),('amd-ryzen-7-5800x','AMD','Vermeer','Ryzen 7','Socket AM4',8,16,'AMD Ryzen 7 5800X Desktop Processor'),('amd-ryzen-9-3900x','AMD','Matisse','Ryzen 9','Socket AM4',12,24,'AMD Ryzen 9 3900X Desktop Processor'),('amd-ryzen-9-3900xt','AMD','Matisse 2','Ryzen 9','Socket AM4',12,24,'AMD Ryzen 9 3900XT Desktop Processor'),('amd-ryzen-9-3950x','AMD','Matisse','Ryzen 9','Socket AM4',16,32,'AMD Ryzen 9 3950X Desktop Processor'),('amd-ryzen-9-5900x','AMD','Vermeer','Ryzen 9','Socket AM4',12,24,'AMD Ryzen 9 5900X Desktop Processor'),('amd-ryzen-9-5950x','AMD','Vermeer','Ryzen 9','Socket AM4',16,32,'AMD Ryzen 9 5950X Desktop Processor'),('intel-i3-10100','Intel','Comet Lake','Core i3','LGA1200',4,8,'Intel Core i3-10100 Processor'),('intel-i3-10100F','Intel','Comet Lake','Core i3','LGA1200',4,8,'Intel Core i3-10100F Processor'),('intel-i3-8100','Intel','Coffee Lake','Core i3','LGA1151',4,4,'Intel Core i3-8100 Processor'),('intel-i3-9100','Intel','Coffee Lake','Core i3','LGA1151',4,4,'Intel Core i3-9100 Processor'),('intel-i3-9100F','Intel','Coffee Lake','Core i3','LGA1151',4,4,'Intel Core i3-9100F Processor'),('intel-i5-10400','Intel','Comet Lake','Core i5','LGA1200',6,12,'Intel Core i5-10400 Processor'),('intel-i5-10400F','Intel','Comet Lake','Core i5','LGA1200',6,12,'Intel Core i5-10400F Processor'),('intel-i5-10500','Intel','Comet Lake','Core i5','LGA1200',6,12,'Intel Core i5-10500 Processor'),('intel-i5-10600','Intel','Comet Lake','Core i5','LGA1200',6,12,'Intel Core i5-10600 Processor'),('intel-i5-10600K','Intel','Comet Lake','Core i5','LGA1200',6,12,'Intel Core i5-10600K Processor'),('intel-i5-10600KF','Intel','Comet Lake','Core i5','LGA1200',6,12,'Intel Core i5-10600KF Processor'),('intel-i5-8400','Intel','Coffee Lake','Core i5','LGA1151',6,6,'Intel Core i5-8400 Processor'),('intel-i5-8500','Intel','Coffee Lake','Core i5','LGA1151',6,6,'Intel Core i5-8500 Processor'),('intel-i5-9400','Intel','Coffee Lake','Core i5','LGA1151',6,6,'Intel Core i5-9400 Processor'),('intel-i5-9400F','Intel','Coffee Lake','Core i5','LGA1151',6,6,'Intel Core i5-9400F Processor'),('intel-i5-9600K','Intel','Coffee Lake','Core i5','LGA1151',6,6,'Intel Core i5-9600K Processor'),('intel-i7-10700','Intel','Comet Lake','Core i7','LGA1200',8,16,'Intel Core i7-10700 Processor'),('intel-i7-10700F','Intel','Comet Lake','Core i7','LGA1200',8,16,'Intel Core i7-10700F Processor'),('intel-i7-10700K','Intel','Comet Lake','Core i7','LGA1200',8,16,'Intel Core i7-10700K Processor'),('intel-i7-10700KF','Intel','Comet Lake','Core i7','LGA1200',8,16,'Intel Core i7-10700KF Processor'),('intel-i7-8700','Intel','Coffee Lake','Core i7','LGA1151',6,12,'Intel Core i7-8700 Processor'),('intel-i7-8700K','Intel','Coffee Lake','Core i7','LGA1151',6,12,'Intel Core i7-8700K Processor'),('intel-i7-9700','Intel','Coffee Lake','Core i7','LGA1151',8,8,'Intel Core i7-9700 Processor'),('intel-i7-9700F','Intel','Coffee Lake','Core i7','LGA1151',8,8,'Intel Core i7-9700F Processor'),('intel-i7-9700K','Intel','Coffee Lake','Core i7','LGA1151',8,8,'Intel Core i7-9700K Processor'),('intel-i7-9700KF','Intel','Coffee Lake','Core i7','LGA1151',8,8,'Intel Core i7-9700KF Processor'),('intel-i9-10850K','Intel','Comet Lake','Core i9','LGA1200',10,20,'Intel Core i9-10850K Processor'),('intel-i9-10900','Intel','Comet Lake','Core i9','LGA1200',10,20,'Intel Core i9-10900 Processor'),('intel-i9-10900F','Intel','Comet Lake','Core i9','LGA1200',10,20,'Intel Core i9-10900F Processor'),('intel-i9-10900K','Intel','Comet Lake','Core i9','LGA1200',10,20,'Intel Core i9-10900K Processor'),('intel-i9-10900KF','Intel','Comet Lake','Core i9','LGA1200',10,20,'Intel Core i9-10900KF Processor');
/*!40000 ALTER TABLE `cpu` ENABLE KEYS */;
UNLOCK TABLES;

--
-- Table structure for table `cpu_price_list`
--

DROP TABLE IF EXISTS `cpu_price_list`;
/*!40101 SET @saved_cs_client     = @@character_set_client */;
/*!50503 SET character_set_client = utf8mb4 */;
CREATE TABLE `cpu_price_list` (
  `Id` int NOT NULL AUTO_INCREMENT,
  `link` text NOT NULL,
  `img` text NOT NULL,
  `name` text NOT NULL,
  `price` int NOT NULL,
  `logo` text NOT NULL,
  `retailer` varchar(100) NOT NULL,
  `fid` varchar(100) NOT NULL,
  PRIMARY KEY (`Id`),
  KEY `fid` (`fid`),
  CONSTRAINT `cpu_price_list_ibfk_1` FOREIGN KEY (`fid`) REFERENCES `cpu` (`ID`)
) ENGINE=InnoDB AUTO_INCREMENT=115 DEFAULT CHARSET=utf8;
/*!40101 SET character_set_client = @saved_cs_client */;

--
-- Dumping data for table `cpu_price_list`
--

LOCK TABLES `cpu_price_list` WRITE;
/*!40000 ALTER TABLE `cpu_price_list` DISABLE KEYS */;
INSERT INTO `cpu_price_list` VALUES (1,'https://gearvn.com/products/intel-core-i3-8100-6m-3-6ghz-4-nhan-4-luong','https://product.hstatic.net/1000026716/product/intel_core_i3_8100_gearvn_large.jpg','Intel Core i3 8100 / 6M / 3.6GHz / 4 nhân 4 luồng',3250000,'https://theme.hstatic.net/1000026716/1000440777/14/logo.svg?v=16422','GearVN','intel-i3-8100'),(2,'https://gearvn.com/products/intel-core-i5-8400-9m-2-8ghz-6-nhan-6-luong','https://product.hstatic.net/1000026716/product/untitled-1_6e92f263a5c1446f98f837bf820cdb12_large.jpg','Intel Core i5 8400 / 9M / 2.8GHz / 6 nhân 6 luồng',5310000,'https://theme.hstatic.net/1000026716/1000440777/14/logo.svg?v=16422','GearVN','intel-i5-8400'),(3,'https://gearvn.com/products/intel-core-i5-8500-9m-3-0ghz-6-nhan-6-luong','https://product.hstatic.net/1000026716/product/intel_core_i5_8500_gearvn_large.jpg','Intel Core i5 8500 / 9M / 3.0GHz / 6 nhân 6 luồng',5990000,'https://theme.hstatic.net/1000026716/1000440777/14/logo.svg?v=16422','GearVN','intel-i5-8500'),(4,'https://gearvn.com/products/intel-core-i7-8700k-12m-3-7ghz-6-nhan-12-luong','https://product.hstatic.net/1000026716/product/core-i7-8700-1_b154767d6b8b44aca08fa21cd18e9acf_large.jpg','Intel Core i7 8700k / 12M / 3.7GHz / 6 nhân 12 luồng',9550000,'https://theme.hstatic.net/1000026716/1000440777/14/logo.svg?v=16422','GearVN','intel-i7-8700K'),(5,'https://gearvn.com/products/core-i3-9100f-6m-3-6ghz-upto-4-20ghz-4-nhan-4-luong','https://product.hstatic.net/1000026716/product/core_i3_9100f_gearvn_98843f2706c34169909a1aed9675bdfa_large.jpg','Core i3 9100F / 6M / 3.6GHz upto 4.20GHz / 4 nhân 4 luồng',1990000,'https://theme.hstatic.net/1000026716/1000440777/14/logo.svg?v=16422','GearVN','intel-i3-9100F'),(6,'https://gearvn.com/products/core-i3-9100-6m-3-6ghz-upto-4-20ghz-4-nhan-4-luong','https://product.hstatic.net/1000026716/product/12666040_1_204861d6be874ddbb62d2591da96a08b_large.png','Core i3 9100 / 6M / 3.6GHz upto 4.20GHz / 4 nhân 4 luồng',3190000,'https://theme.hstatic.net/1000026716/1000440777/14/logo.svg?v=16422','GearVN','intel-i3-9100'),(7,'https://gearvn.com/products/core-i5-9400f-9m-2-9ghz-6-nhan-6-luong','https://product.hstatic.net/1000026716/product/core_i5_9400_gearvn_20ee3e58fd7147fd83467cc904f0a937_large.jpg','Core i5 9400F / 9M / 2.9GHz / 6 nhân 6 luồng',3490000,'https://theme.hstatic.net/1000026716/1000440777/14/logo.svg?v=16422','GearVN','intel-i5-9400F'),(8,'https://gearvn.com/products/core-i5-9400-9m-2-9ghz-upto-4-1ghz-6-nhan-6-luong','https://product.hstatic.net/1000026716/product/core_i5_9400_gearvn_bbcea53cc4484731a58c16ac0aa4582c_large.jpg','Core i5 9400 / 9M / 2.9GHz upto 4.1GHz / 6 nhân 6 luồng',4490000,'https://theme.hstatic.net/1000026716/1000440777/14/logo.svg?v=16422','GearVN','intel-i5-9400'),(9,'https://gearvn.com/products/intel-core-i5-9600k-9m-3-7ghz-6-nhan-6-luong','https://product.hstatic.net/1000026716/product/core_i5_9600k_gearvn_5d989d1b65b546d99bc277def82ab46d_large.jpg','Intel Core i5 9600k / 9M / 3.7GHz / 6 nhân 6 luồng',6290000,'https://theme.hstatic.net/1000026716/1000440777/14/logo.svg?v=16422','GearVN','intel-i5-9600K'),(10,'https://gearvn.com/products/intel-core-i7-9700f-12m-3-0-ghz-8-nhan-8-luong','https://product.hstatic.net/1000026716/product/gearvn-i7-9700f_d562e4a04d4f48368a4b215a0c02406e_large.jpg','Intel Core i7 9700F / 12M / 3.0 GHz / 8 nhân 8 luồng',7990000,'https://theme.hstatic.net/1000026716/1000440777/14/logo.svg?v=16422','GearVN','intel-i7-9700F'),(11,'https://gearvn.com/products/intel-core-i7-9700k-12m-3-6ghz-8-nhan-8-luong','https://product.hstatic.net/1000026716/product/core_i7_9700k_154ed79ad6de4e68ba69f96bd7be5dc6_large.jpg','Intel Core i7 9700k / 12M / 3.6GHz / 8 nhân 8 luồng',7990000,'https://theme.hstatic.net/1000026716/1000440777/14/logo.svg?v=16422','GearVN','intel-i7-9700K'),(12,'https://gearvn.com/products/intel-core-i7-9700-12m-3-0ghz-upto-4-70ghz-8-nhan-8-luong','https://product.hstatic.net/1000026716/product/i7-9700-gearvn_effce1dd1dc44616acf69067eb8a3b36_large.jpeg','Core i7 9700 / 12M / 3.0GHz upto 4.70GHz / 8 nhân 8 luồng',8800000,'https://theme.hstatic.net/1000026716/1000440777/14/logo.svg?v=16422','GearVN','intel-i7-9700'),(16,'https://gearvn.com/products/core-i3-10100f-6mb-4-3ghz-4-nhan-8-luong','https://product.hstatic.net/1000026716/product/gearvn-core-i3-10100f-6mb-4-3ghz-4-nhan-8-luong-4-666_b69c321b09f44952a22253dc39df2432_large.jpg','Core i3 10100F / 6MB / 4.3GHZ / 4 nhân 8 luồng',2090000,'https://theme.hstatic.net/1000026716/1000440777/14/logo.svg?v=16422','GearVN','intel-i3-10100F'),(17,'https://gearvn.com/products/intel-core-i3-10100','https://product.hstatic.net/1000026716/product/intel-core-i3_218199ebdf8541e0bd13bfb28aefd228_large.png','Intel Core i3 10100 / 6MB / 3.6GHz / 4 Nhân 8 Luồng / LGA 1200',2990000,'https://theme.hstatic.net/1000026716/1000440777/14/logo.svg?v=16422','GearVN','intel-i3-10100'),(18,'https://gearvn.com/products/intel-core-i5-10400f','https://product.hstatic.net/1000026716/product/intel-core-i5_60901db380294886bb480c71d6e867fc_large.jpg','Intel Core i5 10400F / 12MB / 2.9GHz / 6 Nhân 12 Luồng / LGA 1200',4090000,'https://theme.hstatic.net/1000026716/1000440777/14/logo.svg?v=16422','GearVN','intel-i5-10400F'),(19,'https://gearvn.com/products/intel-core-i5-10400','https://product.hstatic.net/1000026716/product/intel-core-i5_b49456b113fb43d7a8fda94bcca1947e_large.jpg','Intel Core i5 10400 / 12MB / 2.9GHz / 6 Nhân 12 Luồng / LGA 1200',4790000,'https://theme.hstatic.net/1000026716/1000440777/14/logo.svg?v=16422','GearVN','intel-i5-10400'),(20,'https://gearvn.com/products/intel-core-i5-10500','https://product.hstatic.net/1000026716/product/intel-core-i5_bcd8923197104f5a926e894d53a2aaed_large.jpg','Intel Core i5 10500 / 12MB / 3.1GHz / 6 Nhân 12 Luồng / LGA 1200',5490000,'https://theme.hstatic.net/1000026716/1000440777/14/logo.svg?v=16422','GearVN','intel-i5-10500'),(21,'https://gearvn.com/products/intel-core-i5-10600','https://product.hstatic.net/1000026716/product/intel-core-i5_677e5c7735334e5688f00128c79cdd52_large.jpg','Intel Core i5 10600 / 12MB / 3.3GHz / 6 Nhân 12 Luồng / LGA 1200',5990000,'https://theme.hstatic.net/1000026716/1000440777/14/logo.svg?v=16422','GearVN','intel-i5-10600'),(22,'https://gearvn.com/products/intel-core-i5-10600ka-avengers-edition-12mb-4-1ghz-6-nhan-12-luong-lga-1200','https://product.hstatic.net/1000026716/product/e-i5-10600ka-avengers-edition-12mb-4.1ghz-6-nhan-12-luong-lga-1200-666_cf8855fbdfa049e4b60360371a982123_large.jpg','Intel Core i5 10600KA Avengers Edition / 12MB / 4.1GHz / 6 Nhân 12 Luồng / LGA 1200',7290000,'https://theme.hstatic.net/1000026716/1000440777/14/logo.svg?v=16422','GearVN','intel-i5-10600K'),(23,'https://gearvn.com/products/intel-core-i7-10700f','https://product.hstatic.net/1000026716/product/intel-core-i7_376583b7238b4eb8b0cd2c81355d3bce_large.jpg','Intel Core i7 10700F / 16MB / 2.9GHz / 8 Nhân 16 Luồng / LGA 1200',8290000,'https://theme.hstatic.net/1000026716/1000440777/14/logo.svg?v=16422','GearVN','intel-i7-10700F'),(24,'https://gearvn.com/products/intel-core-i7-10700','https://product.hstatic.net/1000026716/product/intel-core-i7_ce12bc05c12845ceb6e6cd76e14d33a1_large.jpg','Intel Core i7 10700 / 16MB / 2.9GHz / 8 Nhân 16 Luồng / LGA 1200',9490000,'https://theme.hstatic.net/1000026716/1000440777/14/logo.svg?v=16422','GearVN','intel-i7-10700'),(25,'https://gearvn.com/products/intel-core-i7-10700kf','https://product.hstatic.net/1000026716/product/intel-core-i7_d5d67532426743018fe7d234b4843dbd_large.jpg','Intel Core i7 10700KF / 16MB / 3.8GHz / 8 Nhân 16 Luồng / LGA 1200',9890000,'https://theme.hstatic.net/1000026716/1000440777/14/logo.svg?v=16422','GearVN','intel-i7-10700KF'),(26,'https://gearvn.com/products/intel-core-i7-10700ka-avengers-edition-16mb-3-8ghz-8-nhan-16-luong-lga-1200','https://product.hstatic.net/1000026716/product/gearvn-intel-core-i7-10700ka-avengers-edition-666_90f5feeca9224ae8a4a408f401ad2a73_large.jpg','Intel Core i7-10700KA Avengers Edition / 16MB / 3.8GHz / 8 Nhân 16 Luồng / LGA 1200',10490000,'https://theme.hstatic.net/1000026716/1000440777/14/logo.svg?v=16422','GearVN','intel-i7-10700K'),(27,'https://gearvn.com/products/intel-core-i7-10700k','https://product.hstatic.net/1000026716/product/intel-core-i7_18ec4fe046ba47e6914ef8a12b294630_large.jpg','Intel Core i7 10700K / 16MB / 3.8GHz / 8 Nhân 16 Luồng / LGA 1200',10490000,'https://theme.hstatic.net/1000026716/1000440777/14/logo.svg?v=16422','GearVN','intel-i7-10700K'),(28,'https://gearvn.com/products/intel-core-i9-10900f','https://product.hstatic.net/1000026716/product/gearvn_a5dc2085102d4842bace094b607e8a87_large.png','Intel Core i9 10900F/ 20MB / 2.8GHz / 10 Nhân 20 Luồng / LGA 1200',11790000,'https://theme.hstatic.net/1000026716/1000440777/14/logo.svg?v=16422','GearVN','intel-i9-10900F'),(29,'https://gearvn.com/products/intel-core-i9-10900','https://product.hstatic.net/1000026716/product/6875_cpu_intel_core_i9_10900_chinh_hang_ffb9dae46fb64ed6a09a23302139a489_large.jpg','Intel Core i9 10900 / 20MB / 2.8GHz / 10 Nhân 20 Luồng / LGA 1200',12490000,'https://theme.hstatic.net/1000026716/1000440777/14/logo.svg?v=16422','GearVN','intel-i9-10900'),(30,'https://gearvn.com/products/core-i9-10850ka-20mb-3-6ghz-10-nhan-20-luong','https://product.hstatic.net/1000026716/product/intel-core-i9-10850ka-01_7dc7c097a62c40a0be1b728c85aec1b1_large.jpg','Intel Core i9-10850KA / 20MB / 3.6GHz / 10 Nhân 20 Luồng',12590000,'https://theme.hstatic.net/1000026716/1000440777/14/logo.svg?v=16422','GearVN','intel-i9-10850K'),(31,'https://gearvn.com/products/intel-core-i9-10900k','https://product.hstatic.net/1000026716/product/intel-core-i9-comet-lake-s_bf8d9132386e42e48846d70d2f20fb8e_large.jpg','Intel Core i9 10900K / 20MB / 3.7GHz / 10 Nhân 20 Luồng / LGA 1200',13490000,'https://theme.hstatic.net/1000026716/1000440777/14/logo.svg?v=16422','GearVN','intel-i9-10900K'),(32,'https://gearvn.com/products/amd-ryzen-3-3200g-6mb-3-6ghz-4-nhan-4-luong','https://product.hstatic.net/1000026716/product/ryzen_5_3200g_gearvn_e799782ec0cd4d46b675a04c2a399a45_large.jpg','AMD Ryzen 3 3200G /6MB /3.6GHz /4 nhân 4 luồng',2490000,'https://theme.hstatic.net/1000026716/1000440777/14/logo.svg?v=16422','GearVN','amd-ryzen-3-3200g'),(33,'https://gearvn.com/products/amd-ryzen-3-3100-16mb-3-6ghz-4-nhan-8-luong','https://product.hstatic.net/1000026716/product/amd-ryzen-3-3100_b17cab22e8964140b7883479a7e49c69_large.png','AMD Ryzen 3 3100 /16MB /3.6GHz /4 nhân 8 luồng',2590000,'https://theme.hstatic.net/1000026716/1000440777/14/logo.svg?v=16422','GearVN','amd-ryzen-3-3100'),(34,'https://gearvn.com/products/cpu-ryzen-5-3500','https://product.hstatic.net/1000026716/product/b8b29bef394e54-25139_2018_05_16_product-111_a3a3d64564574b6b8b9ce079ea39c0d8_large.png','CPU Ryzen 5 3500 /16MB /3.6GHz /6 nhân 6 luồng',2990000,'https://theme.hstatic.net/1000026716/1000440777/14/logo.svg?v=16422','GearVN','amd-ryzen-5-3500'),(35,'https://gearvn.com/products/amd-ryzen-3-3300x-16mb-3-8ghz-4-nhan-8-luong','https://product.hstatic.net/1000026716/product/amd-ryzen-3-3100_40c54ff2c14f4561ba2ccc226107a9fd_large.png','AMD Ryzen 3 3300X /16MB /3.8GHz /4 nhân 8 luồng',3190000,'https://theme.hstatic.net/1000026716/1000440777/14/logo.svg?v=16422','GearVN','amd-ryzen-3-3300x'),(36,'https://gearvn.com/products/amd-ryzen-5-3500x-32mb-3-6ghz-6-nhan-6-luong','https://product.hstatic.net/1000026716/product/ryzen_5_3600_gearvn__f01ed63d2d9f4dabb176d1e6a46426ce_grande_da09d179734d4afa96385f08142ad7e3_large.jpg','AMD Ryzen 5 3500x /32MB /3.6GHz /6 nhân 6 luồng',3790000,'https://theme.hstatic.net/1000026716/1000440777/14/logo.svg?v=16422','GearVN','amd-ryzen-5-3500x'),(37,'https://gearvn.com/products/amd-ryzen-5-3400g-6mb-3-7ghz-4-nhan-8-luong','https://product.hstatic.net/1000026716/product/ryzen_5_3400g_gearvn__4e97afc81deb458db0731dceac013ff1_large.jpg','AMD Ryzen 5 3400G /6MB /3.7GHz /4 nhân 8 luồng',3900000,'https://theme.hstatic.net/1000026716/1000440777/14/logo.svg?v=16422','GearVN','amd-ryzen-5-3400g'),(38,'https://gearvn.com/products/amd-ryzen-5-3600-36mb-3-6ghz-6-nhan-12-luong','https://product.hstatic.net/1000026716/product/ryzen_5_3600_gearvn__4628836526414a7381292cb5a3acc649_large.jpg','AMD Ryzen 5 3600 /36MB /3.6GHz /6 nhân 12 luồng',4990000,'https://theme.hstatic.net/1000026716/1000440777/14/logo.svg?v=16422','GearVN','amd-ryzen-5-3600'),(39,'https://gearvn.com/products/amd-ryzen-5-3600x-36mb-3-8ghz-6-nhan-12-luong','https://product.hstatic.net/1000026716/product/ryzen_5_3600_gearvn__f01ed63d2d9f4dabb176d1e6a46426ce_large.jpg','AMD Ryzen 5 3600x /36MB /3.8GHz /6 nhân 12 luồng',5690000,'https://theme.hstatic.net/1000026716/1000440777/14/logo.svg?v=16422','GearVN','amd-ryzen-5-3600x'),(40,'https://gearvn.com/products/amd-ryzen-7-3700x-36mb-3-6ghz-8-nhan-12-luong','https://product.hstatic.net/1000026716/product/ryzen_7_gen3_gearvn_e57dcfb17d714ba290fda9c2bb970916_large.jpg','AMD Ryzen 7 3700x /36MB /3.6GHz /8 nhân 16 luồng',8290000,'https://theme.hstatic.net/1000026716/1000440777/14/logo.svg?v=16422','GearVN','amd-ryzen-7-3700x'),(41,'https://gearvn.com/products/amd-ryzen-7-3800x-36mb-3-9ghz-8-nhan-16-luong','https://product.hstatic.net/1000026716/product/ryzen_7_gen3_gearvn_62f76ac67754446a9a32113a3c722f7d_large.jpg','AMD Ryzen 7 3800x /36MB /3.9GHz /8 nhân 16 luồng',9300000,'https://theme.hstatic.net/1000026716/1000440777/14/logo.svg?v=16422','GearVN','amd-ryzen-7-3800x'),(42,'https://gearvn.com/products/cpu-amd-ryzen-7-3800xt-32mb-3-8ghz-8-nhan-16-luong','https://product.hstatic.net/1000026716/product/gearvn-cpu-amd-ryzen-7-3800xt-32mb-3-8ghz-8-nhan-16-luong-666_9deccd1369294b259f7ffa2f16ef2e46_large.png','CPU AMD Ryzen 7 3800XT / 32MB / 3.8GHz / 8 nhân 16 luồng',9590000,'https://theme.hstatic.net/1000026716/1000440777/14/logo.svg?v=16422','GearVN','amd-ryzen-7-3800xt'),(43,'https://gearvn.com/products/amd-ryzen-9-3900x-70mb-3-8ghz-12-nhan-24-luong','https://product.hstatic.net/1000026716/product/ryzen_9_gen3_gearvn_e5d4fc47094e44d7af5a6bed5e2e8fe8_large.jpg','AMD Ryzen 9 3900x /70MB /3.8GHz /12 nhân 24 luồng',12290000,'https://theme.hstatic.net/1000026716/1000440777/14/logo.svg?v=16422','GearVN','amd-ryzen-9-3900x'),(44,'https://gearvn.com/products/cpu-amd-ryzen-9-3900xt-64mb-3-8ghz-12-nhan-24-luong','https://product.hstatic.net/1000026716/product/gearvn-cpu-amd-ryzen-9-3900xt-64mb-3-8ghz-12-nhan-24-luong-666_37b2283aa09d448d8b65fa161001222b_large.jpg','CPU AMD Ryzen 9 3900XT / 64MB / 3.8GHz / 12 nhân 24 luồng',12590000,'https://theme.hstatic.net/1000026716/1000440777/14/logo.svg?v=16422','GearVN','amd-ryzen-9-3900xt'),(45,'https://gearvn.com/products/amd-ryzen-9-3950x-socket-am4','https://product.hstatic.net/1000026716/product/gearvn-amd-ryzen-9-3950x-am4_60d2472773c841509fc1ff7fb2432796_large.jpg','AMD Ryzen™ 9 3950X / 64MB /3.5Ghz / 16 nhân 32 luồng',18990000,'https://theme.hstatic.net/1000026716/1000440777/14/logo.svg?v=16422','GearVN','amd-ryzen-9-3950x'),(46,'https://gearvn.com/products/amd-ryzen-5-5600x-32mb-3-7ghz-boost-4-6ghz-6-nhan-12-luong','https://product.hstatic.net/1000026716/product/rvn-cpu-amd-ryzen-5-5600x-32mb-3-7ghz-boost-4-6ghz-6-nhan-12-luong-666_3b5a025f1f714369aafea19db090ebeb_large.png','CPU AMD Ryzen 5 5600X / 32MB / 3.7GHz Boost 4.6GHz / 6 nhân 12 luồng',7900000,'https://theme.hstatic.net/1000026716/1000440777/14/logo.svg?v=16422','GearVN','amd-ryzen-5-5600x'),(47,'https://gearvn.com/products/amd-ryzen-7-5800x-32mb-3-8ghz-boost-4-7ghz-8-nhan-16-luong','https://product.hstatic.net/1000026716/product/rvn-cpu-amd-ryzen-7-5800x-32mb-3-8ghz-boost-4-7ghz-8-nhan-16-luong-666_675f75aeff4149f1bd15189673faf87e_large.png','AMD Ryzen 7 5800X / 32MB / 3.8GHz Boost 4.7GHz / 8 nhân 16 luồng',11600000,'https://theme.hstatic.net/1000026716/1000440777/14/logo.svg?v=16422','GearVN','amd-ryzen-7-5800x'),(48,'https://gearvn.com/products/amd-ryzen-9-5900x-64mb-3-7ghz-boost-4-8ghz-12-nhan-24-luong','https://product.hstatic.net/1000026716/product/gearvn-amd-ryzen-9-5900x-64mb-3-7ghz-boost-4-8ghz-12-nhan-24-luong-666_c768e9d619a0477ca7433bd76ffc073c_large.png','AMD Ryzen 9 5900X / 64MB / 3.7GHz Boost 4.8GHz / 12 nhân 24 luồng',14690000,'https://theme.hstatic.net/1000026716/1000440777/14/logo.svg?v=16422','GearVN','amd-ryzen-9-5900x'),(49,'https://gearvn.com/products/amd-ryzen-9-5950x-64md-3-4ghz-boost-4-9ghz-16-nhan-32-luong','https://product.hstatic.net/1000026716/product/gearvn-amd-ryzen-9-5950x-64md-3-4ghz-boost-4-9ghz-16-nhan-32-luong_44080d881bbc4828b07fde3d76fd7955_large.jpg','AMD Ryzen 9 5950X / 64MD / 3.4GHz Boost 4.9GHz / 16 nhân 32 luồng',20900000,'https://theme.hstatic.net/1000026716/1000440777/14/logo.svg?v=16422','GearVN','amd-ryzen-9-5950x'),(50,'https://www.hanoicomputer.vn/cpu-intel-core-i3-9100-3.7-ghz-4-cores-4-threads6mbsocket-1151coffee-lake-refresh','https://hanoicomputercdn.com/media/product/250_44010_hnc_intel_i3_9100_right_facing_850x850.jpg','CPU Intel Core i3-9100 (3.6GHz turbo up to 4.2GHz, 4 nhân 4 luồng, 6MB Cache, 65W) - Socket Intel LGA 1151-v2 ',3199000,'https://hanoicomputercdn.com/media/lib/logo-trang.png','HanoiComputer','intel-i3-9100'),(51,'https://www.hanoicomputer.vn/cpu-intel-core-i3-8100-36ghz-6mb-4-cores-4-threads-socket-1151-v2-coffee-lake','https://hanoicomputercdn.com/media/product/250_37771_hnc_intel_i3_8100_right_face_850x850.jpg','CPU Intel Core i3-8100 (3.6GHz, 4 nhân, 4 luồng, 6MB Cache, 65W) - Socket Intel LGA 1151-v2',2799000,'https://hanoicomputercdn.com/media/lib/logo-trang.png','HanoiComputer','intel-i3-8100'),(52,'https://www.hanoicomputer.vn/cpu-intel-core-i3-9100f-36ghz-6mb-4-cores-4-threads-socket-1151-coffee-lake','https://hanoicomputercdn.com/media/product/250_45170_hnc_intel_core_i3_9100f_right_face_850x850.jpg','CPU Intel Core i3-9100F (3.6Ghz, 4 nhân 4 luồng, 6MB Cache, 65W) - Socket Intel LGA 1151-v2',1899000,'https://hanoicomputercdn.com/media/lib/logo-trang.png','HanoiComputer','intel-i3-9100F'),(53,'https://www.hanoicomputer.vn/cpu-intel-core-i3-10100-3-6ghz-turbo-up-to-4-3ghz-4-nhan-8-luong-6mb-cache-65w-socket-intel-lga-1200','https://hanoicomputercdn.com/media/product/250_52615_i3_10100_1000.jpg','CPU Intel Core i3-10100 (3.6GHz turbo up to 4.3Ghz, 4 nhân 8 luồng, 6MB Cache, 65W) - Socket Intel LGA 1200',3159000,'https://hanoicomputercdn.com/media/lib/logo-trang.png','HanoiComputer','intel-i3-10100'),(54,'https://www.hanoicomputer.vn/cpu-intel-core-i3-10100f','https://hanoicomputercdn.com/media/product/250_55894_cpu_intel_core_i3_10100f.jpg','CPU Intel Core i3-10100F (3.6GHz turbo up to 4.3Ghz, 4 nhân 8 luồng, 6MB Cache, 65W) - Socket Intel LGA 1200',2199000,'https://hanoicomputercdn.com/media/lib/logo-trang.png','HanoiComputer','intel-i3-10100F'),(55,'https://www.hanoicomputer.vn/cpu-intel-core-i5-9400-2.9-ghz-turbo-up-to-4.1-ghz6-cores-6-threads-9mb-socket-1151coffee-lake','https://hanoicomputercdn.com/media/product/250_44011_hnc_intel_core_i5_9400_right_face_850x850.jpg','CPU Intel Core i5-9400 (2.9GHz turbo up to 4.1GHz, 6 nhân 6 luồng, 9MB Cache, 65W) - Socket Intel LGA 1151-v2 ',4299000,'https://hanoicomputercdn.com/media/lib/logo-trang.png','HanoiComputer','intel-i5-9400'),(56,'https://www.hanoicomputer.vn/cpu-intel-core-i5-9400f-2.90ghz-turbo-up-to-4.10ghz-9mb-6-cores-6-threads-socket-1151-coffee-lake','https://hanoicomputercdn.com/media/product/250_45157_hnc_intel_i5_9400f_right_facing_850x850.jpg','CPU Intel Core i5-9400F (2.9GHz turbo up to 4.1GHz, 6 nhân 6 luồng, 9MB Cache, 65W) - Socket Intel LGA 1151-v2 ',3599000,'https://hanoicomputercdn.com/media/lib/logo-trang.png','HanoiComputer','intel-i5-9400F'),(57,'https://www.hanoicomputer.vn/cpu-intel-core-i5-104003.4ghz-turbo-up-to-4.4ghz-6-nhan-12-luong-12mb-cache-65w-socket-intel-lga-1200','https://hanoicomputercdn.com/media/product/250_52364_intel_core_i5_10400_100.jpg','CPU Intel Core i5-10400 (2.9GHz turbo up to 4.3GHz, 6 nhân 12 luồng, 12MB Cache, 65W) - Socket Intel LGA 1200',4899000,'https://hanoicomputercdn.com/media/lib/logo-trang.png','HanoiComputer','intel-i5-10400'),(58,'https://www.hanoicomputer.vn/cpu-intel-core-i5-10400f-2.9ghz-turbo-up-to-4.3ghz-6-nhan-12-luong-12mb-cache-65w-socket-intel-lga-1200','https://hanoicomputercdn.com/media/product/250_52365_intel_core_i5_10400.jpg','CPU Intel Core i5-10400F (2.9GHz turbo up to 4.3Ghz, 6 nhân 12 luồng, 12MB Cache, 65W) - Socket Intel LGA 1200',4199000,'https://hanoicomputercdn.com/media/lib/logo-trang.png','HanoiComputer','intel-i5-10400F'),(59,'https://www.hanoicomputer.vn/cpu-intel-core-i5-10600k-4.1ghz-turbo-up-to-4.8ghz-6-nhan-12-luong-12mb-cache-125w-socket-intel-lga-1200','https://hanoicomputercdn.com/media/product/250_52362_intel_core_i5_10600kf.jpg','CPU Intel Core i5-10600K (4.1GHz turbo up to 4.8GHz, 6 nhân 12 luồng, 12MB Cache, 125W) - Socket Intel LGA 1200',7499000,'https://hanoicomputercdn.com/media/lib/logo-trang.png','HanoiComputer','intel-i5-10600K'),(60,'https://www.hanoicomputer.vn/cpu-intel-core-i5-10500-3-1ghz-turbo-up-to-4-5ghz-6-nhan-12-luong-12mb-cache-65w-socket-intel-lga-1200','https://hanoicomputercdn.com/media/product/250_52613_intel_core_i5_10500.jpg','CPU Intel Core i5-10500 (3.1GHz turbo up to 4.5Ghz, 6 nhân 12 luồng, 12MB Cache, 65W) - Socket Intel LGA 1200',5499000,'https://hanoicomputercdn.com/media/lib/logo-trang.png','HanoiComputer','intel-i5-10500'),(61,'https://www.hanoicomputer.vn/cpu-intel-core-i5-10600-3-3ghz-turbo-up-to-4-8ghz-6-nhan-12-luong-12mb-cache-125w-socket-intel-lga-1200','https://hanoicomputercdn.com/media/product/250_52658_intel_core_i5_10600_100.jpg','CPU Intel Core i5-10600 (3.3GHz turbo up to 4.8GHz, 6 nhân 12 luồng, 12MB Cache, 65W) - Socket Intel LGA 1200',5999000,'https://hanoicomputercdn.com/media/lib/logo-trang.png','HanoiComputer','intel-i5-10600'),(62,'https://www.hanoicomputer.vn/cpu-intel-core-i5-8400-2-8ghz','https://hanoicomputercdn.com/media/product/250_53069_intel_core_i5_8400.jpg','CPU Intel Core i5-8400 (2.8GHz turbo up to 4.0GHz, 6 nhân 6 luồng, 9MB Cache, 65W) - Socket Intel LGA 1151 v2',4999000,'https://hanoicomputercdn.com/media/lib/logo-trang.png','HanoiComputer','intel-i5-8400'),(63,'https://www.hanoicomputer.vn/cpu-intel-core-i5-10600k-avengers-edition-4.1ghz-turbo-up-to-4.8ghz-6-nhan-12-luong-12mb-cache-125w-socket-intel-lga-1200','https://hanoicomputercdn.com/media/product/250_54635_i5_10600k_avengers_850x850_2.jpg','CPU Intel Core i5-10600K Avengers Edition (4.1GHz turbo up to 4.8GHz, 6 nhân 12 luồng, 12MB Cache, 125W) - Socket Intel LGA 1200',7299000,'https://hanoicomputercdn.com/media/lib/logo-trang.png','HanoiComputer','intel-i5-10600K'),(64,'https://www.hanoicomputer.vn/cpu-intel-core-i5-10600kf-4.1ghz-turbo-up-to-4.8ghz-6-nhan-12-luong-12mb-cache-125w-socket-intel-lga-1200','https://hanoicomputercdn.com/media/product/250_52363_intel_core_i5_10600kf_real.jpg','CPU Intel Core i5-10600KF (4.1GHz turbo up to 4.8GHz, 6 nhân 12 luồng, 12MB Cache, 125W) - Socket Intel LGA 1200',6599000,'https://hanoicomputercdn.com/media/lib/logo-trang.png','HanoiComputer','intel-i5-10600KF'),(65,'https://www.hanoicomputer.vn/cpu-intel-core-i7-9700f-3-0-ghz-upto-4-7-ghz-12mb-8-cores-8-threads-socket-1151-coffee-lake','https://hanoicomputercdn.com/media/product/250_49004_hnc_intel_i7_9700_right_facing_850x850.jpg','CPU Intel Core i7-9700F (3.0GHz turbo up to 4.7Ghz, 8 nhân 8 luồng, 12MB Cache, 65W) - Socket Intel LGA 1151-v2 ',7999000,'https://hanoicomputercdn.com/media/lib/logo-trang.png','HanoiComputer','intel-i7-9700F'),(66,'https://www.hanoicomputer.vn/cpu-intel-core-i7-9700k-3.6-ghz-turbo-up-to-4.9-ghz8-cores-8-threads12mb-socket-1151coffee-lake','https://hanoicomputercdn.com/media/product/250_44015_hnc_intel_i7_9700k_right_facing_850x850.jpg','CPU Intel Core i7-9700K (3.6GHz turbo up to 4.9GHz, 8 nhân 8 luồng, 12MB Cache, 95W) - Socket Intel LGA 1151-v2',8599000,'https://hanoicomputercdn.com/media/lib/logo-trang.png','HanoiComputer','intel-i7-9700K'),(67,'https://www.hanoicomputer.vn/cpu-intel-core-i7-10700k3.8ghz-turbo-up-to-5.1ghz-8-nhan-16-luong-16mb-cache-125w-socket-intel-lga-1200','https://hanoicomputercdn.com/media/product/250_52360_intel_core_i5_10700k.jpg','CPU Intel Core i7-10700K (3.8GHz turbo up to 5.1GHz, 8 nhân 16 luồng, 16MB Cache, 125W) - Socket Intel LGA 1200',10499000,'https://hanoicomputercdn.com/media/lib/logo-trang.png','HanoiComputer','intel-i7-10700K'),(68,'https://www.hanoicomputer.vn/cpu-intel-core-i7-10700kf3.8ghz-turbo-up-to-5.1ghz-8-nhan-16-luong-16mb-cache-125w-socket-intel-lga-1200','https://hanoicomputercdn.com/media/product/250_52361_intel_core_i5_10700kf.jpg','CPU Intel Core i7-10700KF (3.8GHz turbo up to 5.1Ghz, 8 nhân 16 luồng, 16MB Cache, 125W) - Socket Intel LGA 1200',9899000,'https://hanoicomputercdn.com/media/lib/logo-trang.png','HanoiComputer','intel-i7-10700KF'),(69,'https://www.hanoicomputer.vn/cpu-intel-core-i7-10700-2-9ghz-turbo-up-to-4-8ghz-8-nhan-16-luong-16mb-cache-65w-socket-intel-lga-1200','https://hanoicomputercdn.com/media/product/250_52656_intel_core_i7_10700.jpg','CPU Intel Core i7-10700 (2.9GHz turbo up to 4.8GHz, 8 nhân 16 luồng, 16MB Cache, 65W) - Socket Intel LGA 1200',8899000,'https://hanoicomputercdn.com/media/lib/logo-trang.png','HanoiComputer','intel-i7-10700'),(70,'https://www.hanoicomputer.vn/cpu-intel-core-i7-10700f-2-9ghz-turbo-up-to-4-8ghz-8-nhan-16-luong-16mb-cache-65w-socket-intel-lga-1200','https://hanoicomputercdn.com/media/product/250_52657_intel_core_i7_10700.jpg','CPU Intel Core i7-10700F (2.9GHz turbo up to 4.8GHz, 8 nhân 16 luồng, 16MB Cache, 65W) - Socket Intel LGA 1200',8299000,'https://hanoicomputercdn.com/media/lib/logo-trang.png','HanoiComputer','intel-i7-10700F'),(71,'https://www.hanoicomputer.vn/cpu-intel-core-i7-10700k-avengers-edition-3.8ghz-turbo-up-to-5.1ghz-8-nhan-16-luong-16mb-cache-125w-socket-intel-lga-1200','https://hanoicomputercdn.com/media/product/250_54634_i7_10700k_avengers_850x850_2.jpg','CPU Intel Core i7-10700K Avengers Edition (3.8GHz turbo up to 5.1GHz, 8 nhân 16 luồng, 16MB Cache, 125W) - Socket Intel LGA 1200',10499000,'https://hanoicomputercdn.com/media/lib/logo-trang.png','HanoiComputer','intel-i7-10700K'),(72,'https://www.hanoicomputer.vn/cpu-intel-core-i7-8700k-37ghz-turbo-up-to-47ghz-12mb-6-cores-12-threads-socket-1151-v2-coffee-lake','https://hanoicomputercdn.com/media/product/250_37776_hnc_intel_i7_8700k_right_face_850x850.jpg','CPU Intel Core i7-8700K (3.7GHz turbo up to 4.7Ghz, 6 nhân 12 luồng, 12MB Cache, 95W) - Socket Intel LGA 1151-v2',9599000,'https://hanoicomputercdn.com/media/lib/logo-trang.png','HanoiComputer','intel-i7-8700K'),(73,'https://www.hanoicomputer.vn/cpu-intel-core-i7-8700-32ghz-turbo-up-to-46ghz-12mb-6-cores-12-threads-socket-1151-v2-coffee-lake','https://hanoicomputercdn.com/media/product/250_37775_hnc_intel_i7_8700_right_face_850x850.jpg','CPU Intel Core i7-8700 (3.2GHz turbo up to 4.6Ghz, 6 nhân 12 luồng, 12MB Cache, 65W) - Socket Intel LGA 1151-v2',7899000,'https://hanoicomputercdn.com/media/lib/logo-trang.png','HanoiComputer','intel-i7-8700'),(74,'https://www.hanoicomputer.vn/cpu-intel-core-i7-9700kf-3.60ghz-turbo-up-to-4.90ghz-12mb-8-cores-8-threads-socket-1151-coffee-lake','https://hanoicomputercdn.com/media/product/250_45159_hnc_intel_i7_9700kf_right_facing_850x850.jpg','CPU Intel Core i7-9700KF (3.6GHz turbo up to 4.9GHz, 8 nhân 8 luồng, 12MB Cache, 95W) - Socket Intel LGA 1151-v2 ',9399000,'https://hanoicomputercdn.com/media/lib/logo-trang.png','HanoiComputer','intel-i7-9700KF'),(75,'https://www.hanoicomputer.vn/cpu-intel-core-i7-9700-30ghz-turbo-up-to-47-ghz-12mb-8-cores-8-threads-socket-1151-coffee-lake','https://hanoicomputercdn.com/media/product/250_48603_hnc_intel_i7_9700_right_facing_850x850.jpg','CPU Intel Core i7-9700 (3.0GHz turbo up to 4.7Ghz, 8 nhân 8 luồng, 12MB Cache, 65W) - Socket Intel LGA 1151-v2',7599000,'https://hanoicomputercdn.com/media/lib/logo-trang.png','HanoiComputer','intel-i7-9700'),(79,'https://www.hanoicomputer.vn/cpu-intel-core-i9-10900k3.7ghz-turbo-up-to-5.3ghz-10-nhan-20-luong-20mb-cache-125w-socket-intel-lga-1200','https://hanoicomputercdn.com/media/product/250_52358_intel_i9_10900k.jpg','CPU Intel Core i9-10900K (3.7GHz turbo up to 5.3GHz, 10 nhân 20 luồng, 20MB Cache, 125W) - Socket Intel LGA 1200',13899000,'https://hanoicomputercdn.com/media/lib/logo-trang.png','HanoiComputer','intel-i9-10900K'),(80,'https://www.hanoicomputer.vn/cpu-intel-core-i9-10900kf-3.7ghz-turbo-up-to-5.3ghz-10-nhan-20-luong-20mb-cache-125w-socket-intel-lga-1200','https://hanoicomputercdn.com/media/product/250_52359_intel_i9_10900kf.jpg','CPU Intel Core i9-10900KF (3.7GHz turbo up to 5.3GHz, 10 nhân 20 luồng, 20MB Cache, 125W) - Socket Intel LGA 1200',12799000,'https://hanoicomputercdn.com/media/lib/logo-trang.png','HanoiComputer','intel-i9-10900KF'),(81,'https://www.hanoicomputer.vn/cpu-intel-core-i9-10900-2-8ghz-turbo-up-to-5-2ghz-10-nhan-20-luong-20mb-cache-65w-socket-intel-lga-1200','https://hanoicomputercdn.com/media/product/250_52654_intel_i9_10900.jpg','CPU Intel Core i9-10900 (2.8GHz turbo up to 5.2GHz, 10 nhân 20 luồng, 20MB Cache, 65W) - Socket Intel LGA 1200',12299000,'https://hanoicomputercdn.com/media/lib/logo-trang.png','HanoiComputer','intel-i9-10900'),(82,'https://www.hanoicomputer.vn/cpu-intel-core-i9-10900f-2-8ghz-turbo-up-to-5-2ghz-10-nhan-20-luong-20mb-cache-65w-socket-intel-lga-1200','https://hanoicomputercdn.com/media/product/250_52655_intel_i9_10900f.jpg','CPU Intel Core i9-10900F (2.8GHz turbo up to 5.2GHz, 10 nhân 20 luồng, 20MB Cache, 65W) - Socket Intel LGA 1200',11799000,'https://hanoicomputercdn.com/media/lib/logo-trang.png','HanoiComputer','intel-i9-10900F'),(83,'https://www.hanoicomputer.vn/cpu-intel-core-i9-10850k-avengers-edition-3.6ghz-turbo-up-to-5.2ghz-10-nhan-20-luong-20mb-cache-95w-socket-intel-lga-1200','https://hanoicomputercdn.com/media/product/250_54632_i9_10850k_real.jpg','CPU Intel Core i9-10850K Avengers Edition (3.6GHz turbo up to 5.2GHz, 10 nhân 20 luồng, 20MB Cache, 95W) - Socket Intel LGA 1200',12499000,'https://hanoicomputercdn.com/media/lib/logo-trang.png','HanoiComputer','intel-i9-10850K'),(84,'https://www.hanoicomputer.vn/cpu-intel-core-i9-10900k-avengers-edition-3.7ghz-turbo-up-to-5.3ghz-10-nhan-20-luong-20mb-cache-125w-socket-intel-lga-1200','https://hanoicomputercdn.com/media/product/250_54633_i9_10900k_real.jpg','CPU Intel Core i9-10900K Avengers Edition (3.7GHz turbo up to 5.3GHz, 10 nhân 20 luồng, 20MB Cache, 125W) - Socket Intel LGA 1200',13899000,'https://hanoicomputercdn.com/media/lib/logo-trang.png','HanoiComputer','intel-i9-10900K'),(86,'https://www.hanoicomputer.vn/cpu-intel-core-i9-10850k','https://hanoicomputercdn.com/media/product/250_54171_intel_core_i9_10850k.jpg','CPU Intel Core i9-10850K (3.6GHz turbo up to 5.2GHz, 10 nhân 20 luồng, 20MB Cache, 95W) - Socket Intel LGA 1200',12899000,'https://hanoicomputercdn.com/media/lib/logo-trang.png','HanoiComputer','intel-i9-10850K'),(87,'https://www.anphatpc.com.vn/cpu-intel-core-i3-9100f-3.6-ghzturbo-up-to-4.20ghz-4-nhan-4-luong-6mb-socket-1151_id29353.html','https://anphat.com.vn/media/product/250_29353_29522_core_i3_8100_1_450x450.jpg','CPU Intel Core i3 -9100F (3.6 GHzTurbo up to 4.20GHz / 4 nhân 4 luồng/ 6MB /Socket 1151)',1899000,'https://www.anphatpc.com.vn/template/anphat_2020/images/anphatpc.png','AnPhatPC','intel-i3-9100F'),(88,'https://www.anphatpc.com.vn/cpu-intel-core-i3-10100f-6m-cache-3-60-ghz-up-to-4-30-ghz-4c8t-socket-1200-comet-lake-s_id35028.html','https://anphat.com.vn/media/product/250_35028_i3_10th.jpg','CPU Intel Core i3-10100F (6M Cache, 3.60 GHz up to 4.30 GHz, 4C8T, Socket 1200, Comet Lake-S)',2149000,'https://www.anphatpc.com.vn/template/anphat_2020/images/anphatpc.png','AnPhatPC','intel-i3-10100f'),(89,'https://www.anphatpc.com.vn/cpu-intel-core-i3-10100-6m-cache-3.60-ghz-up-to-4.30-ghz-4c8t-socket-1200-comet-lake-s_id32917.html','https://anphat.com.vn/media/product/250_32917_i3.jpg','CPU Intel Core i3-10100 (6M Cache, 3.60 GHz up to 4.30 GHz, 4C8T, Socket 1200, Comet Lake-S)',3190000,'https://www.anphatpc.com.vn/template/anphat_2020/images/anphatpc.png','AnPhatPC','intel-i3-10100'),(90,'https://www.anphatpc.com.vn/cpu-intel-core-i3-9100-3.7ghz-4c4t-6mb-coffee-lake-s_id26882.html','https://anphat.com.vn/media/product/250_26882_cpu_intel_core_i3_9100_37_ghz_4_cores_4_threads6mbsocket_1151coffee_lake_refres_3161.jpg','CPU Intel Core i3-9100 (3.6GHz/ 4C4T/ 6MB/ Coffee Lake-R)',3090000,'https://www.anphatpc.com.vn/template/anphat_2020/images/anphatpc.png','AnPhatPC','intel-i3-9100'),(91,'https://www.anphatpc.com.vn/cpu-intel-core-i5-9400f-2.90-ghz-upto-4.10-ghz-6-nhan-6-luong-9mb_id28531.html','https://anphat.com.vn/media/product/250_28531_techzones_intel_core_i5_9400.jpg','CPU Intel Core i5-9400F ( 2.90 GHz upto  4.10 GHz, 6 nhân 6 luồng, 9MB)',3590000,'https://www.anphatpc.com.vn/template/anphat_2020/images/anphatpc.png','AnPhatPC','intel-i5-9400F'),(92,'https://www.anphatpc.com.vn/cpu-intel-core-i5-9400-2.9-upto-4.1ghz-6c6t-9mb-coffee-lake-s_id26877.html','https://anphat.com.vn/media/product/250_26877_34235_71i66qev_hl__sl1500_.jpg','CPU Intel Core i5-9400 (2.9 Upto 4.1GHz/ 6C6T/ 9MB/ Coffee Lake-R)',4299000,'https://www.anphatpc.com.vn/template/anphat_2020/images/anphatpc.png','AnPhatPC','intel-i5-9400'),(93,'https://www.anphatpc.com.vn/cpu-intel-core-i5-10400-12m-cache-2.90-ghz-up-to-4.30-ghz-6c12t-socket-1200-comet-lake-s_id32925.html','https://anphat.com.vn/media/product/250_32925_i5.jpg','CPU Intel Core i5-10400 (12M Cache, 2.90 GHz up to 4.30 GHz, 6C12T, Socket 1200, Comet Lake-S)',4890000,'https://www.anphatpc.com.vn/template/anphat_2020/images/anphatpc.png','AnPhatPC','intel-i5-10400'),(94,'https://www.anphatpc.com.vn/cpu-intel-core-i5-10500-12m-cache-3.10-ghz-up-to-4.50-ghz-6c12t-socket-1200-comet-lake-s_id32926.html','https://anphat.com.vn/media/product/250_32926_i5.jpg','CPU Intel Core i5-10500 (12M Cache, 3.10 GHz up to 4.50 GHz, 6C12T, Socket 1200, Comet Lake-S)',5499000,'https://www.anphatpc.com.vn/template/anphat_2020/images/anphatpc.png','AnPhatPC','intel-i5-10500'),(95,'https://www.anphatpc.com.vn/cpu-intel-core-i5-10600-12m-cache-3.30-ghz-up-to-4.80-ghz-6c12t-socket-1200-comet-lake-s_id32929.html','https://anphat.com.vn/media/product/250_32929_i5.jpg','CPU Intel Core i5-10600 (12M Cache, 3.30 GHz up to 4.80 GHz, 6C12T, Socket 1200, Comet Lake-S)',5990000,'https://www.anphatpc.com.vn/template/anphat_2020/images/anphatpc.png','AnPhatPC','intel-i5-10600'),(96,'https://www.anphatpc.com.vn/cpu-intel-core-i7-10700-16m-cache-2.90-ghz-up-to-4.80-ghz-8c16t-socket-1200-comet-lake-s_id32937.html','https://anphat.com.vn/media/product/250_32937_i7.jpg','CPU Intel Core i7-10700 (16M Cache, 2.90 GHz up to 4.80 GHz, 8C16T, Socket 1200, Comet Lake-S)',8990000,'https://www.anphatpc.com.vn/template/anphat_2020/images/anphatpc.png','AnPhatPC','intel-i7-10700'),(97,'https://www.anphatpc.com.vn/cpu-intel-core-i7-10700k-16m-cache-3.80-ghz-up-to-5.10-ghz-8c16t-socket-1200-comet-lake-s_id32944.html','https://anphat.com.vn/media/product/250_32944_i7.jpg','CPU Intel Core i7-10700K (16M Cache, 3.80 GHz up to 5.10 GHz, 8C16T, Socket 1200, Comet Lake-S)',10490000,'https://www.anphatpc.com.vn/template/anphat_2020/images/anphatpc.png','AnPhatPC','intel-i7-10700K'),(98,'https://www.anphatpc.com.vn/cpu-intel-core-i7-10700f-16m-cache-2.90-ghz-up-to-4.80-ghz-8c16t-socket-1200-comet-lake-s_id32935.html','https://anphat.com.vn/media/product/250_32935_i7.jpg','CPU Intel Core i7-10700F (16M Cache, 2.90 GHz up to 4.80 GHz, 8C16T, Socket 1200, Comet Lake-S)',8290000,'https://www.anphatpc.com.vn/template/anphat_2020/images/anphatpc.png','AnPhatPC','intel-i7-10700F'),(99,'https://www.anphatpc.com.vn/cpu-intel-core-i7-9700f-3.0-upto-4.7ghz-8c8t-12mb-coffee-lake-r_id30760.html','https://anphat.com.vn/media/product/250_30760_i7_9700f_1.jpg','CPU Intel Core i7-9700F (3.0 Upto 4.7GHz/ 8C8T/ 12MB/ Coffee Lake-R) ',7390000,'https://www.anphatpc.com.vn/template/anphat_2020/images/anphatpc.png','AnPhatPC','intel-i7-9700F'),(100,'https://www.anphatpc.com.vn/cpu-intel-core-i7-9700-8-cores-16-threads-16mb-coffee-lake-s_id26197.html','https://anphat.com.vn/media/product/250_26197_i7_9700_1.jpg','CPU Intel Core i7-9700 (8 Cores 8 Threads/ 12MB/ Coffee Lake R)',7690000,'https://www.anphatpc.com.vn/template/anphat_2020/images/anphatpc.png','AnPhatPC','intel-i7-9700'),(101,'https://www.anphatpc.com.vn/cpu-intel-core-i7-10700kf-16m-cache-3.80-ghz-up-to-5.10-ghz-8c16t-socket-1200-comet-lake-s_id32939.html','https://anphat.com.vn/media/product/250_32939_i7.jpg','CPU Intel Core i7-10700KF (16M Cache, 3.80 GHz up to 5.10 GHz, 8C16T, Socket 1200, Comet Lake-S)',9890000,'https://www.anphatpc.com.vn/template/anphat_2020/images/anphatpc.png','AnPhatPC','intel-i7-10700KF'),(102,'https://www.anphatpc.com.vn/cpu-amd-ryzen-3-3200g_id29891.html','https://anphat.com.vn/media/product/250_29891_r32.png','CPU AMD Ryzen 3 3200G, with Wraith Stealth cooler/ 3.6 GHz (4.0 GHz with boost) / 6MB / 4 cores 4 threads / Radeon Vega 8 /  65W / Socket AM4',2599000,'https://www.anphatpc.com.vn/template/anphat_2020/images/anphatpc.png','AnPhatPC','amd-ryzen-3-3200g'),(103,'https://www.anphatpc.com.vn/cpu-amd-ryzen-3-3100-wraith-stealth-cooler-3.6-ghz-3.9-ghz-with-boost-18mb-4-cores-8-threads-65w-socket-am4_id33043.html','https://anphat.com.vn/media/product/250_33043_9455_02_amd_ryzen_3_3100_3300x_cpu_review.jpg','CPU AMD Ryzen 3 3100, Wraith Stealth cooler/ 3.6 GHz (3.9 GHz with boost) / 18MB / 4 cores 8 threads / 65W / Socket AM4',2549000,'https://www.anphatpc.com.vn/template/anphat_2020/images/anphatpc.png','AnPhatPC','amd-ryzen-3-3100'),(104,'https://www.anphatpc.com.vn/cpu-amd-ryzen-3-3300x-wraith-stealth-cooler-3.8-ghz-4.3-ghz-with-boost-18mb-4-cores-8-threads-65w-socket-am4_id33044.html','https://anphat.com.vn/media/product/250_33044_9455_02_amd_ryzen_3_3100_3300x_cpu_review.jpg','CPU AMD Ryzen 3 3300X, Wraith Stealth cooler/ 3.8 GHz (4.3 GHz with boost) / 18MB / 4 cores 8 threads / 65W / Socket AM4',3189000,'https://www.anphatpc.com.vn/template/anphat_2020/images/anphatpc.png','AnPhatPC','amd-ryzen-3-3300x'),(105,'https://www.anphatpc.com.vn/cpu-amd-ryzen-5-3600_id29889.html','https://anphat.com.vn/media/product/250_29889_r52.png','CPU AMD Ryzen 5 3600, with Wraith Stealth cooler/ 3.6 GHz (4.2GHz Max Boost) / 36MB Cache / 6 cores / 12 threads / 65W / Socket AM4',5199000,'https://www.anphatpc.com.vn/template/anphat_2020/images/anphatpc.png','AnPhatPC','amd-ryzen-5-3600'),(106,'https://www.anphatpc.com.vn/cpu-amd-ryzen-5-3400g_id29890.html','https://anphat.com.vn/media/product/250_29890_r52.png','CPU AMD Ryzen 5 3400G, with Wraith Spire cooler/ 3.7 GHz (4.2 GHz with boost) / 6MB / 4 cores 8 threads / Radeon Vega 11 / 65W / Socket AM4',3899000,'https://www.anphatpc.com.vn/template/anphat_2020/images/anphatpc.png','AnPhatPC','amd-ryzen-5-3400g'),(107,'https://www.anphatpc.com.vn/cpu-amd-ryzen-5-3500-3.6-ghz-4.1-ghz-with-boost-16mb-cache-6-cores-6-threads-socket-am4-65w-wraith-stealth-cooler-no-integrated-graphics_id31037.html','https://anphat.com.vn/media/product/250_31037_29889_r52.png','CPU AMD Ryzen 5 3500 3.6 GHz (4.1 GHz with boost) / 16MB cache / 6 cores 6 threads / socket AM4 / 65W / Wraith Stealth Cooler / No Integrated Graphics',3099000,'https://www.anphatpc.com.vn/template/anphat_2020/images/anphatpc.png','AnPhatPC','amd-ryzen-5-3500'),(108,'https://www.anphatpc.com.vn/cpu-amd-ryzen-5-5600x-with-wraith-stealth-cooler-3-7-ghz-4-6ghz-max-boost-35mb-cache-6-cores-12-threads-65w-socket-am4_id34979.html','https://anphat.com.vn/media/product/250_34979_ryzen_5_5600x.jpg','CPU AMD Ryzen 5 5600X, with Wraith Stealth cooler / 3.7 GHz (4.6GHz Max Boost) / 35MB Cache / 6 cores, 12 threads / 65W / Socket AM4',7899000,'https://www.anphatpc.com.vn/template/anphat_2020/images/anphatpc.png','AnPhatPC','amd-ryzen-5-5600x'),(109,'https://www.anphatpc.com.vn/cpu-amd-ryzen-7-3700x_id29887.html','https://anphat.com.vn/media/product/250_29887_r72.jpg','CPU AMD Ryzen 7 3700X, with Wraith Prism cooler/ 3.6 GHz (4.4GHz Max Boost) / 36MB Cache / 8 cores / 16 threads / 65W / Socket AM4',7799000,'https://www.anphatpc.com.vn/template/anphat_2020/images/anphatpc.png','AnPhatPC','amd-ryzen-7-3700x'),(110,'https://www.anphatpc.com.vn/cpu-amd-ryzen-9-3900x_id29885.html','https://anphat.com.vn/media/product/250_29885_r92.jpg','CPU AMD Ryzen 9 3900X, with Wraith Prism cooler/ 3.8 GHz (4.6GHz Max Boost) / 70MB Cache / 12 cores / 24 threads / 105W / Socket AM4',12299000,'https://www.anphatpc.com.vn/template/anphat_2020/images/anphatpc.png','AnPhatPC','amd-ryzen-9-3900x'),(111,'https://www.anphatpc.com.vn/cpu-amd-ryzen-9-3950x-3.5-ghz-4.7ghz-max-boost-72mb-cache-16-cores-32-threads-105w-socket-am4-no-fan_id31421.html','https://anphat.com.vn/media/product/250_31421_29885_r92.jpg','CPU AMD Ryzen 9 3950X / 3.5 GHz (4.7GHz Max Boost) / 72MB Cache / 16 cores / 32 threads / 105W / Socket AM4 / (No Fan)',19299000,'https://www.anphatpc.com.vn/template/anphat_2020/images/anphatpc.png','AnPhatPC','amd-ryzen-9-3950x'),(112,'https://www.anphatpc.com.vn/cpu-amd-ryzen-9-5950x-3-4-ghz-4-9ghz-max-boost-72mb-cache-16-cores-32-threads-105w-socket-am4_id34976.html','https://anphat.com.vn/media/product/250_34976_ryzen_9_5950x.jpg','CPU AMD Ryzen 9 5950X / 3.4 GHz (4.9GHz Max Boost) / 72MB Cache / 16 cores, 32 threads / 105W / Socket AM4',20899000,'https://www.anphatpc.com.vn/template/anphat_2020/images/anphatpc.png','AnPhatPC','amd-ryzen-9-5950x'),(113,'https://www.anphatpc.com.vn/cpu-amd-ryzen-9-5900x-3-7-ghz-4-8ghz-max-boost-70mb-cache-12-cores-24-threads-105w-socket-am4_id34977.html','https://anphat.com.vn/media/product/250_34977_ryzen_9_5950x.jpg','CPU AMD Ryzen 9 5900X / 3.7 GHz (4.8GHz Max Boost) / 70MB Cache / 12 cores, 24 threads / 105W / Socket AM4',14299000,'https://www.anphatpc.com.vn/template/anphat_2020/images/anphatpc.png','AnPhatPC','amd-ryzen-9-5900x'),(114,'https://www.anphatpc.com.vn/cpu-amd-ryzen-7-5800x-3-8-ghz-4-7ghz-max-boost-36mb-cache-8-cores-16-threads-105w-socket-am4_id34978.html','https://anphat.com.vn/media/product/250_34978_r7_5000.jpg','CPU AMD Ryzen 7 5800X / 3.8 GHz (4.7GHz Max Boost) / 36MB Cache / 8 cores, 16 threads / 105W / Socket AM4',11599000,'https://www.anphatpc.com.vn/template/anphat_2020/images/anphatpc.png','AnPhatPC','amd-ryzen-7-5800x');
/*!40000 ALTER TABLE `cpu_price_list` ENABLE KEYS */;
UNLOCK TABLES;

--
-- Table structure for table `feedbacks`
--

DROP TABLE IF EXISTS `feedbacks`;
/*!40101 SET @saved_cs_client     = @@character_set_client */;
/*!50503 SET character_set_client = utf8mb4 */;
CREATE TABLE `feedbacks` (
  `ID` int NOT NULL AUTO_INCREMENT,
  `CreationTime` date NOT NULL,
  `Details` text NOT NULL,
  `CreatorID` int NOT NULL,
  `PostID` int NOT NULL,
  `name` varchar(255) DEFAULT NULL,
  PRIMARY KEY (`ID`),
  KEY `FKh4mjquns29nfa0shge7hiaw7e` (`PostID`),
  KEY `FKnxs3ssbo7lcdftj22tx4p2474` (`CreatorID`),
  CONSTRAINT `feedbacks_ibfk_1` FOREIGN KEY (`CreatorID`) REFERENCES `user` (`ID`),
  CONSTRAINT `feedbacks_ibfk_2` FOREIGN KEY (`PostID`) REFERENCES `post` (`ID`),
  CONSTRAINT `FKh4mjquns29nfa0shge7hiaw7e` FOREIGN KEY (`PostID`) REFERENCES `post` (`ID`),
  CONSTRAINT `FKnxs3ssbo7lcdftj22tx4p2474` FOREIGN KEY (`CreatorID`) REFERENCES `user` (`ID`)
) ENGINE=InnoDB DEFAULT CHARSET=utf8;
/*!40101 SET character_set_client = @saved_cs_client */;

--
-- Dumping data for table `feedbacks`
--

LOCK TABLES `feedbacks` WRITE;
/*!40000 ALTER TABLE `feedbacks` DISABLE KEYS */;
/*!40000 ALTER TABLE `feedbacks` ENABLE KEYS */;
UNLOCK TABLES;

--
-- Table structure for table `gpu`
--

DROP TABLE IF EXISTS `gpu`;
/*!40101 SET @saved_cs_client     = @@character_set_client */;
/*!50503 SET character_set_client = utf8mb4 */;
CREATE TABLE `gpu` (
  `ID` varchar(100) NOT NULL,
  `manufacturer` varchar(100) NOT NULL,
  `serieName` varchar(100) NOT NULL,
  `chipset` varchar(100) NOT NULL,
  `VRam` int NOT NULL,
  `fullname` text NOT NULL,
  PRIMARY KEY (`ID`)
) ENGINE=InnoDB DEFAULT CHARSET=utf8;
/*!40101 SET character_set_client = @saved_cs_client */;

--
-- Dumping data for table `gpu`
--

LOCK TABLES `gpu` WRITE;
/*!40000 ALTER TABLE `gpu` DISABLE KEYS */;
INSERT INTO `gpu` VALUES ('asus-geforce-gt-710-gt710-sl-2gd5','Asus','GT710-SL-2GD5','GT 710',2,'Asus GeForce GT 710 GT710-SL-2GD5'),('asus-geforce-gtx-1060-6gb-strix-oc','Asus','STRIX OC','GTX 1060 6GB',6,'Asus GeForce GTX 1060 6GB STRIX OC'),('asus-geforce-gtx-1650-dual-oc','Asus','DUAL OC','GTX 1650',4,'Asus GeForce GTX 1650 DUAL OC'),('asus-geforce-gtx-1650-phoenix-oc','Asus','Phoenix OC','GTX 1650',4,'Asus GeForce GTX 1650 Phoenix OC'),('asus-geforce-gtx-1650-super-strix-gaming-oc','Asus','STRIX GAMING OC','GTX 1650 SUPER',4,'Asus GeForce GTX 1650 SUPER STRIX GAMING OC'),('asus-geforce-gtx-1650-super-tuf-gaming','Asus','TUF GAMING','GTX 1650 SUPER',4,'Asus GeForce GTX 1650 SUPER TUF GAMING'),('asus-geforce-gtx-1650-super-tuf-gaming-oc','Asus','TUF GAMING OC','GTX 1650 SUPER',4,'Asus GeForce GTX 1650 SUPER TUF GAMING OC'),('asus-geforce-gtx-1660-super-tuf-gaming-x3-oc','Asus','TUF Gaming X3 OC','GTX 1660 SUPER',6,'Asus GeForce GTX 1660 SUPER TUF Gaming X3 OC'),('asus-geforce-rtx-2060-dual-mini-oc','Asus','DUAL MINI OC','RTX 2060',6,'Asus GeForce RTX 2060 DUAL MINI OC'),('asus-geforce-rtx-2070-dual-evo-oc-v2','Asus','DUAL EVO OC V2','RTX 2070',8,'Asus GeForce RTX 2070 DUAL EVO OC V2'),('asus-geforce-rtx-2080-ti-matrix','Asus','MATRIX','RTX 2080 Ti',11,'Asus GeForce RTX 2080 Ti MATRIX'),('asus-geforce-rtx-3060-ti-dual-oc','Asus','DUAL OC','RTX 3060 Ti',8,'Asus GeForce RTX 3060 Ti DUAL OC'),('asus-geforce-rtx-3060-ti-rog-strix-gaming-oc','Asus','ROG STRIX GAMING OC','RTX 3060 Ti',8,'Asus GeForce RTX 3060 Ti ROG STRIX GAMING OC'),('asus-geforce-rtx-3060-ti-tuf-gaming-oc','Asus','TUF GAMING OC','RTX 3060 Ti',8,'Asus GeForce RTX 3060 Ti TUF GAMING OC'),('asus-geforce-rtx-3070-dual','Asus','DUAL','RTX 3070',8,'Asus GeForce RTX 3070 DUAL'),('asus-geforce-rtx-3070-dual-oc','Asus','DUAL OC','RTX 3070',8,'Asus GeForce RTX 3070 DUAL OC'),('asus-geforce-rtx-3070-ko-gaming-oc','Asus','KO Gaming OC','RTX 3070',8,'Asus GeForce RTX 3070 KO Gaming OC'),('asus-geforce-rtx-3070-strix-gaming','Asus','STRIX GAMING','RTX 3070',8,'Asus GeForce RTX 3070 STRIX GAMING'),('asus-geforce-rtx-3070-tuf-gaming-oc','Asus','TUF GAMING OC','RTX 3070',8,'Asus GeForce RTX 3070 TUF GAMING OC'),('asus-geforce-rtx-3080-strix-gaming','Asus','STRIX GAMING','RTX 3080',10,'Asus GeForce RTX 3080 STRIX GAMING'),('asus-geforce-rtx-3080-strix-gaming-oc','Asus','STRIX GAMING OC','RTX 3080',10,'Asus GeForce RTX 3080 STRIX GAMING OC'),('asus-geforce-rtx-3080-tuf-gaming','Asus','TUF GAMING','RTX 3080',10,'Asus GeForce RTX 3080 TUF GAMING'),('asus-geforce-rtx-3080-tuf-gaming-oc','Asus','TUF GAMING OC','RTX 3080',10,'Asus GeForce RTX 3080 TUF GAMING OC'),('asus-geforce-rtx-3090-strix-gaming','Asus','STRIX GAMING','RTX 3090',24,'Asus GeForce RTX 3090 STRIX GAMING'),('asus-geforce-rtx-3090-strix-gaming-oc','Asus','STRIX GAMING OC','RTX 3090',24,'Asus GeForce RTX 3090 STRIX GAMING OC'),('asus-geforce-rtx-3090-tuf-gaming','Asus','TUF GAMING','RTX 3090',24,'Asus GeForce RTX 3090 TUF GAMING'),('asus-geforce-rtx-3090-tuf-gaming-oc','Asus','TUF GAMING OC','RTX 3090',24,'Asus GeForce RTX 3090 TUF GAMING OC'),('asus-radeon-rx-550---512-rx550-4g','Asus','RX550-4G','RX 550 - 512',4,'Asus Radeon RX 550 - 512 RX550-4G'),('asus-radeon-rx-5600-xt-strix-gaming-oc','Asus','STRIX GAMING OC','RX 5600 XT',6,'Asus Radeon RX 5600 XT STRIX GAMING OC'),('asus-radeon-rx-5600-xt-tuf-gaming-x3-evo-oc','Asus','TUF Gaming X3 EVO OC','RX 5600 XT',6,'Asus Radeon RX 5600 XT TUF Gaming X3 EVO OC'),('asus-radeon-rx-570-rog-strix','Asus','ROG STRIX','RX 570',4,'Asus Radeon RX 570 ROG STRIX'),('gigabyte-geforce-gt-1030-gv-n1030oc-2gi','Gigabyte','GV-N1030OC-2GI','GT 1030',2,'Gigabyte GeForce GT 1030 GV-N1030OC-2GI'),('gigabyte-geforce-gt-710-gv-n710d3-1gl-1.0','Gigabyte','GV-N710D3-1GL 1.0','GT 710',1,'Gigabyte GeForce GT 710 GV-N710D3-1GL 1.0'),('gigabyte-geforce-gt-710-gv-n710sl-2gl','Gigabyte','GV-N710SL-2GL','GT 710',2,'Gigabyte GeForce GT 710 GV-N710SL-2GL'),('gigabyte-geforce-gtx-1650-super-windforce-oc','Gigabyte','WINDFORCE OC','GTX 1650 SUPER',4,'Gigabyte GeForce GTX 1650 SUPER WINDFORCE OC'),('gigabyte-geforce-gtx-1650-windforce-oc','Gigabyte','WINDFORCE OC','GTX 1650',4,'Gigabyte GeForce GTX 1650 WINDFORCE OC'),('gigabyte-geforce-gtx-1660-super-gaming','Gigabyte','GAMING','GTX 1660 SUPER',6,'Gigabyte GeForce GTX 1660 SUPER GAMING'),('gigabyte-geforce-rtx-2060-super-windforce-oc','Gigabyte','WINDFORCE OC','RTX 2060 SUPER',8,'Gigabyte GeForce RTX 2060 SUPER WINDFORCE OC'),('gigabyte-geforce-rtx-2070-aorus','Gigabyte','AORUS','RTX 2070',8,'Gigabyte GeForce RTX 2070 AORUS'),('gigabyte-geforce-rtx-2070-gaming-8g','Gigabyte','GAMING 8G','RTX 2070',8,'Gigabyte GeForce RTX 2070 GAMING 8G'),('gigabyte-geforce-rtx-2070-super-gaming-oc-3x','Gigabyte','GAMING OC 3X','RTX 2070 SUPER',8,'Gigabyte GeForce RTX 2070 SUPER GAMING OC 3X'),('gigabyte-geforce-rtx-2070-super-windforce-oc','Gigabyte','WINDFORCE OC','RTX 2070 SUPER',8,'Gigabyte GeForce RTX 2070 SUPER WINDFORCE OC'),('gigabyte-geforce-rtx-2070-super-windforce-oc-3x','Gigabyte','WINDFORCE OC 3X','RTX 2070 SUPER',8,'Gigabyte GeForce RTX 2070 SUPER WINDFORCE OC 3X'),('gigabyte-geforce-rtx-2070-windforce','Gigabyte','WINDFORCE','RTX 2070',8,'Gigabyte GeForce RTX 2070 WINDFORCE'),('gigabyte-geforce-rtx-2070-windforce-2x','Gigabyte','WINDFORCE 2X','RTX 2070',8,'Gigabyte GeForce RTX 2070 WINDFORCE 2X'),('gigabyte-geforce-rtx-2080-aorus','Gigabyte','AORUS','RTX 2080',8,'Gigabyte GeForce RTX 2080 AORUS'),('gigabyte-geforce-rtx-2080-aorus-xtreme','Gigabyte','AORUS XTREME','RTX 2080',8,'Gigabyte GeForce RTX 2080 AORUS XTREME'),('gigabyte-geforce-rtx-2080-aorus-xtreme-waterforce','Gigabyte','AORUS XTREME WATERFORCE','RTX 2080',8,'Gigabyte GeForce RTX 2080 AORUS XTREME WATERFORCE'),('gigabyte-geforce-rtx-2080-ti-aorus-xtreme-waterforce','Gigabyte','AORUS XTREME WATERFORCE','RTX 2080 Ti',11,'Gigabyte GeForce RTX 2080 Ti AORUS XTREME WATERFORCE'),('gigabyte-geforce-rtx-3060-ti-aorus-master','Gigabyte','AORUS MASTER','RTX 3060 Ti',8,'Gigabyte GeForce RTX 3060 Ti AORUS MASTER'),('gigabyte-geforce-rtx-3060-ti-eagle','Gigabyte','EAGLE','RTX 3060 Ti',8,'Gigabyte GeForce RTX 3060 Ti EAGLE'),('gigabyte-geforce-rtx-3060-ti-eagle-oc','Gigabyte','EAGLE OC','RTX 3060 Ti',8,'Gigabyte GeForce RTX 3060 Ti EAGLE OC'),('gigabyte-geforce-rtx-3060-ti-gaming-oc','Gigabyte','GAMING OC','RTX 3060 Ti',8,'Gigabyte GeForce RTX 3060 Ti GAMING OC'),('gigabyte-geforce-rtx-3060-ti-gaming-oc-pro','Gigabyte','GAMING OC PRO','RTX 3060 Ti',8,'Gigabyte GeForce RTX 3060 Ti GAMING OC PRO'),('gigabyte-geforce-rtx-3070-aorus-master','Gigabyte','AORUS MASTER','RTX 3070',8,'Gigabyte GeForce RTX 3070 AORUS MASTER'),('gigabyte-geforce-rtx-3070-eagle','Gigabyte','EAGLE','RTX 3070',8,'Gigabyte GeForce RTX 3070 EAGLE'),('gigabyte-geforce-rtx-3070-eagle-oc','Gigabyte','EAGLE OC','RTX 3070',8,'Gigabyte GeForce RTX 3070 EAGLE OC'),('gigabyte-geforce-rtx-3070-gaming-oc','Gigabyte','GAMING OC','RTX 3070',8,'Gigabyte GeForce RTX 3070 GAMING OC'),('gigabyte-geforce-rtx-3070-vision-oc','Gigabyte','Vision OC','RTX 3070',8,'Gigabyte GeForce RTX 3070 Vision OC'),('gigabyte-geforce-rtx-3080-aorus-master','Gigabyte','AORUS MASTER','RTX 3080',10,'Gigabyte GeForce RTX 3080 AORUS MASTER'),('gigabyte-geforce-rtx-3080-eagle-oc','Gigabyte','EAGLE OC','RTX 3080',10,'Gigabyte GeForce RTX 3080 EAGLE OC'),('gigabyte-geforce-rtx-3080-vision-oc','Gigabyte','Vision OC','RTX 3080',10,'Gigabyte GeForce RTX 3080 Vision OC'),('gigabyte-geforce-rtx-3090-aorus-master','Gigabyte','AORUS MASTER','RTX 3090',24,'Gigabyte GeForce RTX 3090 AORUS MASTER'),('gigabyte-geforce-rtx-3090-aorus-xtreme','Gigabyte','AORUS XTREME','RTX 3090',24,'Gigabyte GeForce RTX 3090 AORUS XTREME'),('gigabyte-geforce-rtx-3090-gv-n3090gaming-oc-24gd','Gigabyte','GV-N3090GAMING OC-24GD','RTX 3090',24,'Gigabyte GeForce RTX 3090 GV-N3090GAMING OC-24GD'),('gigabyte-geforce-rtx-3090-turbo','Gigabyte','TURBO','RTX 3090',24,'Gigabyte GeForce RTX 3090 TURBO'),('gigabyte-radeon-rx-5600-xt-gaming-oc','Gigabyte','GAMING OC','RX 5600 XT',6,'Gigabyte Radeon RX 5600 XT GAMING OC'),('gigabyte-radeon-rx-6800-xt-gv-r68xt-16gc-b','Gigabyte','GV-R68XT-16GC-B','RX 6800 XT',16,'Gigabyte Radeon RX 6800 XT GV-R68XT-16GC-B'),('msi-geforce-gt-1030-aero-itx-oc','MSI','AERO ITX OC','GT 1030',2,'MSI GeForce GT 1030 AERO ITX OC'),('msi-geforce-gtx-1050-ti-aero-itx','MSI','AERO ITX','GTX 1050 Ti',4,'MSI GeForce GTX 1050 Ti AERO ITX'),('msi-geforce-gtx-1650-d6-aero-itx-oc','MSI','D6 AERO ITX OC','GTX 1650',4,'MSI GeForce GTX 1650 D6 AERO ITX OC'),('msi-geforce-gtx-1650-d6-ventus-xs-oc','MSI','D6 VENTUS XS OC','GTX 1650',4,'MSI GeForce GTX 1650 D6 VENTUS XS OC'),('msi-geforce-gtx-1650-super-gaming-x','MSI','GAMING X','GTX 1650 SUPER',4,'MSI GeForce GTX 1650 SUPER GAMING X'),('msi-geforce-gtx-1650-super-ventus-xs-oc','MSI','VENTUS XS OC','GTX 1650 SUPER',4,'MSI GeForce GTX 1650 SUPER VENTUS XS OC'),('msi-geforce-gtx-1650-ventus-xs-oc','MSI','VENTUS XS OC','GTX 1650',4,'MSI GeForce GTX 1650 VENTUS XS OC'),('msi-geforce-gtx-1660-super-gaming-x','MSI','GAMING X','GTX 1660 SUPER',6,'MSI GeForce GTX 1660 SUPER GAMING X'),('msi-geforce-gtx-1660-super-ventus-xs-oc','MSI','VENTUS XS OC','GTX 1660 SUPER',6,'MSI GeForce GTX 1660 SUPER VENTUS XS OC'),('msi-geforce-gtx-1660-ti-ventus-xs-oc','MSI','VENTUS XS OC','GTX 1660 Ti',6,'MSI GeForce GTX 1660 Ti VENTUS XS OC'),('msi-geforce-gtx-1660-ventus-xs-oc','MSI','VENTUS XS OC','GTX 1660',6,'MSI GeForce GTX 1660 VENTUS XS OC'),('msi-geforce-rtx-2060-gaming-z','MSI','GAMING Z','RTX 2060',6,'MSI GeForce RTX 2060 GAMING Z'),('msi-geforce-rtx-2060-super-armor-oc','MSI','ARMOR OC','RTX 2060 SUPER',8,'MSI GeForce RTX 2060 SUPER ARMOR OC'),('msi-geforce-rtx-2060-super-gaming-x','MSI','GAMING X','RTX 2060 SUPER',8,'MSI GeForce RTX 2060 SUPER GAMING X'),('msi-geforce-rtx-2060-super-ventus-oc','MSI','VENTUS OC','RTX 2060 SUPER',8,'MSI GeForce RTX 2060 SUPER VENTUS OC'),('msi-geforce-rtx-2060-ventus-xs-oc','MSI','VENTUS XS OC','RTX 2060',6,'MSI GeForce RTX 2060 VENTUS XS OC'),('msi-geforce-rtx-2070-armor','MSI','ARMOR','RTX 2070',8,'MSI GeForce RTX 2070 ARMOR'),('msi-geforce-rtx-2070-gaming-z','MSI','GAMING Z','RTX 2070',8,'MSI GeForce RTX 2070 GAMING Z'),('msi-geforce-rtx-2070-super-gaming-x-trio','MSI','GAMING X TRIO','RTX 2070 SUPER',8,'MSI GeForce RTX 2070 SUPER GAMING X TRIO'),('msi-geforce-rtx-2070-super-ventus-gp-oc','MSI','VENTUS GP OC','RTX 2070 SUPER',8,'MSI GeForce RTX 2070 SUPER VENTUS GP OC'),('msi-geforce-rtx-2080-duke','MSI','DUKE','RTX 2080',8,'MSI GeForce RTX 2080 DUKE'),('msi-geforce-rtx-2080-gaming-x-trio','MSI','GAMING X TRIO','RTX 2080',8,'MSI GeForce RTX 2080 GAMING X TRIO'),('msi-geforce-rtx-2080-sea-hawk-x','MSI','SEA HAWK X','RTX 2080',8,'MSI GeForce RTX 2080 SEA HAWK X'),('msi-geforce-rtx-2080-super-gaming-x-trio','MSI','GAMING X TRIO','RTX 2080 SUPER',8,'MSI GeForce RTX 2080 SUPER GAMING X TRIO'),('msi-geforce-rtx-2080-ti-aero','MSI','AERO','RTX 2080 Ti',11,'MSI GeForce RTX 2080 Ti AERO'),('msi-geforce-rtx-2080-ti-duke','MSI','DUKE','RTX 2080 Ti',11,'MSI GeForce RTX 2080 Ti DUKE'),('msi-geforce-rtx-2080-ti-gaming-x-trio','MSI','GAMING X TRIO','RTX 2080 Ti',11,'MSI GeForce RTX 2080 Ti GAMING X TRIO'),('msi-geforce-rtx-2080-ti-lightning-z','MSI','LIGHTNING Z','RTX 2080 Ti',11,'MSI GeForce RTX 2080 Ti LIGHTNING Z'),('msi-geforce-rtx-2080-ti-sea-hawk-x','MSI','SEA HAWK X','RTX 2080 Ti',11,'MSI GeForce RTX 2080 Ti SEA HAWK X'),('msi-geforce-rtx-3060-ti-gaming-x-trio','MSI','GAMING X TRIO','RTX 3060 Ti',8,'MSI GeForce RTX 3060 Ti GAMING X TRIO'),('msi-geforce-rtx-3060-ti-ventus-2x-oc','MSI','VENTUS 2X OC','RTX 3060 Ti',8,'MSI GeForce RTX 3060 Ti VENTUS 2X OC'),('msi-geforce-rtx-3070-gaming-x-trio','MSI','GAMING X TRIO','RTX 3070',8,'MSI GeForce RTX 3070 GAMING X TRIO'),('msi-geforce-rtx-3070-suprim-x','MSI','SUPRIM X','RTX 3070',8,'MSI GeForce RTX 3070 SUPRIM X'),('msi-geforce-rtx-3070-ventus-2x-oc','MSI','VENTUS 2X OC','RTX 3070',8,'MSI GeForce RTX 3070 VENTUS 2X OC'),('msi-geforce-rtx-3070-ventus-3x-oc','MSI','VENTUS 3X OC','RTX 3070',8,'MSI GeForce RTX 3070 VENTUS 3X OC'),('msi-geforce-rtx-3080-gaming-x-trio','MSI','GAMING X TRIO','RTX 3080',10,'MSI GeForce RTX 3080 GAMING X TRIO'),('msi-geforce-rtx-3080-suprim-x','MSI','SUPRIM X','RTX 3080',10,'MSI GeForce RTX 3080 SUPRIM X'),('msi-geforce-rtx-3080-ventus-3x-oc','MSI','VENTUS 3X OC','RTX 3080',10,'MSI GeForce RTX 3080 VENTUS 3X OC'),('msi-geforce-rtx-3090-gaming-trio','MSI','GAMING TRIO','RTX 3090',24,'MSI GeForce RTX 3090 GAMING TRIO'),('msi-geforce-rtx-3090-gaming-x-trio','MSI','GAMING X TRIO','RTX 3090',24,'MSI GeForce RTX 3090 GAMING X TRIO'),('msi-geforce-rtx-3090-ventus-3x-oc','MSI','VENTUS 3X OC','RTX 3090',24,'MSI GeForce RTX 3090 VENTUS 3X OC'),('msi-radeon-rx-5600-xt-gaming-x','MSI','GAMING X','RX 5600 XT',6,'MSI Radeon RX 5600 XT GAMING X'),('msi-radeon-rx-5600-xt-mech-oc','MSI','MECH OC','RX 5600 XT',6,'MSI Radeon RX 5600 XT MECH OC');
/*!40000 ALTER TABLE `gpu` ENABLE KEYS */;
UNLOCK TABLES;

--
-- Table structure for table `gpu_price_list`
--

DROP TABLE IF EXISTS `gpu_price_list`;
/*!40101 SET @saved_cs_client     = @@character_set_client */;
/*!50503 SET character_set_client = utf8mb4 */;
CREATE TABLE `gpu_price_list` (
  `Id` int NOT NULL AUTO_INCREMENT,
  `link` text NOT NULL,
  `img` text NOT NULL,
  `name` text NOT NULL,
  `price` int NOT NULL,
  `logo` text NOT NULL,
  `retailer` varchar(100) NOT NULL,
  `fid` varchar(100) NOT NULL,
  PRIMARY KEY (`Id`),
  KEY `fid` (`fid`),
  CONSTRAINT `gpu_price_list_ibfk_1` FOREIGN KEY (`fid`) REFERENCES `gpu` (`ID`)
) ENGINE=InnoDB AUTO_INCREMENT=131 DEFAULT CHARSET=utf8;
/*!40101 SET character_set_client = @saved_cs_client */;

--
-- Dumping data for table `gpu_price_list`
--

LOCK TABLES `gpu_price_list` WRITE;
/*!40000 ALTER TABLE `gpu_price_list` DISABLE KEYS */;
INSERT INTO `gpu_price_list` VALUES (1,'https://www.anphatpc.com.vn/vga-msi-geforce-gtx-1650-d6-ventus-xs-oc_id35057.html','https://anphat.com.vn/media/product/250_35057_product_8_20200317155243_5e7081cb9206e.png','VGA MSI GeForce GTX 1650 D6 VENTUS XS OC',3799000,'https://www.anphatpc.com.vn/template/anphat_2020/images/anphatpc.png','AnPhatPC','msi-geforce-gtx-1650-d6-ventus-xs-oc'),(2,'https://www.anphatpc.com.vn/vga-gigabyte-geforce-gt-1030-oc-2g-gv-n1030oc-2gi_id22872.html','https://anphat.com.vn/media/product/250_22872_vga_gigabyte_geforce_gt_1030_oc_2g__gv_n1030oc_2gi__1.png','VGA GIGABYTE GV-N1030OC-2GI (GeForce GT 1030)',2199000,'https://www.anphatpc.com.vn/template/anphat_2020/images/anphatpc.png','AnPhatPC','gigabyte-geforce-gt-1030-gv-n1030oc-2gi'),(3,'https://www.anphatpc.com.vn/vga-msi-geforce-gtx-1650-super-ventus-xs-oc_id31390.html','https://anphat.com.vn/media/product/250_31390_product_7_20191029132444_5db7cd1d0059e.png','VGA MSI GeForce GTX 1650 SUPER VENTUS XS OC',4999000,'https://www.anphatpc.com.vn/template/anphat_2020/images/anphatpc.png','AnPhatPC','msi-geforce-gtx-1650-super-ventus-xs-oc'),(4,'https://www.anphatpc.com.vn/vga-msi-geforce-gtx-1660-super-ventus-xs-oc_id31038.html','https://anphat.com.vn/media/product/250_31038_product_10_20191025104517_5db261bdd01ce_1.jpg','VGA MSI GEFORCE GTX 1660 SUPER VENTUS XS OC',6099000,'https://www.anphatpc.com.vn/template/anphat_2020/images/anphatpc.png','AnPhatPC','msi-geforce-gtx-1660-super-ventus-xs-oc'),(5,'https://www.anphatpc.com.vn/vga-msi-geforce-rtx-3070-ventus-2x-oc_id34442.html','https://anphat.com.vn/media/product/250_34442_product_2_20200902133520_5f4f2f18e3582.png','VGA MSI GeForce RTX 3070 VENTUS 2X OC',15499000,'https://www.anphatpc.com.vn/template/anphat_2020/images/anphatpc.png','AnPhatPC','msi-geforce-rtx-3070-ventus-2x-oc'),(6,'https://www.anphatpc.com.vn/vga-msi-geforce-rtx-3070-ventus-3x-oc_id34437.html','https://anphat.com.vn/media/product/250_34437_product_6_20200902132940_5f4f2dc4c3650.png','VGA MSI GeForce RTX 3070 VENTUS 3X OC',16199000,'https://www.anphatpc.com.vn/template/anphat_2020/images/anphatpc.png','AnPhatPC','msi-geforce-rtx-3070-ventus-3x-oc'),(7,'https://www.anphatpc.com.vn/vga-msi-geforce-rtx-3070-gaming-x-trio_id34435.html','https://anphat.com.vn/media/product/250_34435_product_5_20200902103103_5f4f03e770ce3.png','VGA MSI GeForce RTX 3070 GAMING X TRIO',17999000,'https://www.anphatpc.com.vn/template/anphat_2020/images/anphatpc.png','AnPhatPC','msi-geforce-rtx-3070-gaming-x-trio'),(8,'https://www.anphatpc.com.vn/vga-msi-geforce-gtx-1660-super-gaming-x_id31251.html','https://anphat.com.vn/media/product/250_31251_vga_msi_geforce_gtx_1660_super_gaming_x_1.png','VGA MSI GeForce GTX 1660 SUPER GAMING X',6599000,'https://www.anphatpc.com.vn/template/anphat_2020/images/anphatpc.png','AnPhatPC','msi-geforce-gtx-1660-super-gaming-x'),(9,'https://www.anphatpc.com.vn/vga-gigabyte-geforce-rtx-3090-gaming-oc-24g-gv-n3090gaming-oc-24gd_id34419.html','https://anphat.com.vn/media/product/250_34419_1.png','VGA GIGABYTE GeForce RTX 3090 GAMING OC 24G (GV-N3090GAMING OC-24GD)',49199000,'https://www.anphatpc.com.vn/template/anphat_2020/images/anphatpc.png','AnPhatPC','gigabyte-geforce-rtx-3090-gv-n3090gaming-oc-24gd'),(10,'https://www.anphatpc.com.vn/vga-msi-geforce-rtx-3090-ventus-3x-24g-oc_id34427.html','https://anphat.com.vn/media/product/250_34427_product_4_20200902105355_5f4f09437ea08.png','VGA MSI GeForce RTX 3090 VENTUS 3X 24G OC',45999000,'https://www.anphatpc.com.vn/template/anphat_2020/images/anphatpc.png','AnPhatPC','msi-geforce-rtx-3090-ventus-3x-oc'),(11,'https://www.anphatpc.com.vn/vga-msi-geforce-rtx-3090-gaming-x-trio-24g_id34425.html','https://anphat.com.vn/media/product/250_34425_product_4_20200902095324_5f4efb14e37d5.png','VGA MSI GeForce RTX 3090 GAMING X TRIO 24G',47399000,'https://www.anphatpc.com.vn/template/anphat_2020/images/anphatpc.png','AnPhatPC','msi-geforce-rtx-3090-gaming-x-trio'),(12,'https://www.anphatpc.com.vn/vga-msi-geforce-gtx-1660-ti-ventus-xs-6g-oc_id28699.html','https://anphat.com.vn/media/product/250_28699_product_0_20190222171034_5c6fbc8a6dc4f.png','VGA MSI GeForce GTX 1660 Ti VENTUS XS 6G OC ',8099000,'https://www.anphatpc.com.vn/template/anphat_2020/images/anphatpc.png','AnPhatPC','msi-geforce-gtx-1660-ti-ventus-xs-oc'),(13,'https://www.anphatpc.com.vn/vga-msi-geforce-rtx-3080-ventus-3x-10g-oc_id34433.html','https://anphat.com.vn/media/product/250_34433_product_1_20200902111536_5f4f0e58ec420.png','VGA MSI GeForce RTX 3080 VENTUS 3X 10G OC',21799000,'https://www.anphatpc.com.vn/template/anphat_2020/images/anphatpc.png','AnPhatPC','msi-geforce-rtx-3080-ventus-3x-oc'),(14,'https://www.anphatpc.com.vn/vga-msi-geforce-rtx-2060-ventus-6g-oc_id28422.html','https://anphat.com.vn/media/product/250_28422_product_7_20190524132704_5ce780a89dddb.png','VGA MSI GeForce RTX 2060 VENTUS XS 6G OC',9499000,'https://www.anphatpc.com.vn/template/anphat_2020/images/anphatpc.png','AnPhatPC','msi-geforce-rtx-2060-ventus-xs-oc'),(15,'https://www.anphatpc.com.vn/vga-msi-geforce-rtx-3080-gaming-x-trio-10g_id34431.html','https://anphat.com.vn/media/product/250_34431_product_8_20200902101830_5f4f00f6b5f4b.png','VGA MSI GeForce RTX 3080 GAMING X TRIO 10G',22899000,'https://www.anphatpc.com.vn/template/anphat_2020/images/anphatpc.png','AnPhatPC','msi-geforce-rtx-3080-gaming-x-trio'),(16,'https://www.anphatpc.com.vn/vga-msi-geforce-rtx-3080-suprim-x-10g_id35433.html','https://anphat.com.vn/media/product/250_35433_2.jpg','VGA MSI GeForce RTX 3080 SUPRIM X 10G',25499000,'https://www.anphatpc.com.vn/template/anphat_2020/images/anphatpc.png','AnPhatPC','msi-geforce-rtx-3080-suprim-x'),(17,'https://www.anphatpc.com.vn/vga-asus-gt710-sl-2gd5-brk-geforce-gt-710-2gb-gddr5_id32642.html','https://anphat.com.vn/media/product/250_32642_1.jpg','VGA Asus GT710-SL-2GD5-BRK (GeForce GT 710 2GB GDDR5)',1249000,'https://www.anphatpc.com.vn/template/anphat_2020/images/anphatpc.png','AnPhatPC','asus-geforce-gt-710-gt710-sl-2gd5'),(18,'https://www.anphatpc.com.vn/vga-gigabyte-geforce-gtx-1650-super-windforce-oc-4g-gv-n165swf2oc-4gd_id32180.html','https://anphat.com.vn/media/product/250_32180_2019102917251156c13cede76a4c2522ede9790d5e300064_big.png','VGA GIGABYTE GeForce GTX 1650 SUPER WINDFORCE OC 4G (GV-N165SWF2OC-4GD)',5199000,'https://www.anphatpc.com.vn/template/anphat_2020/images/anphatpc.png','AnPhatPC','gigabyte-geforce-gtx-1650-super-windforce-oc'),(19,'https://www.anphatpc.com.vn/vga-asus-tuf-gaming-geforce-rtx-3090-oc-tuf-rtx3090-o24g-gaming_id34548.html','https://anphat.com.vn/media/product/250_34548_tuf_rtx3090_o24g_gaming_01.jpg','VGA ASUS TUF Gaming GeForce RTX 3090 OC (TUF-RTX3090-O24G-GAMING)',50749000,'https://www.anphatpc.com.vn/template/anphat_2020/images/anphatpc.png','AnPhatPC','asus-geforce-rtx-3090-tuf-gaming-oc'),(20,'https://www.anphatpc.com.vn/vga-asus-tuf-gaming-geforce-rtx-3080-oc-tuf-rtx3080-o10g-gaming_id34551.html','https://anphat.com.vn/media/product/250_34551_tuf_rtx3080_o10g_gaming_01.jpg','VGA ASUS TUF Gaming GeForce RTX 3080 OC (TUF-RTX3080-O10G-GAMING)',24499000,'https://www.anphatpc.com.vn/template/anphat_2020/images/anphatpc.png','AnPhatPC','asus-geforce-rtx-3080-tuf-gaming-oc'),(21,'https://www.anphatpc.com.vn/vga-asus-tuf-gaming-geforce-rtx-3070-oc-tuf-rtx3070-o8g-gaming_id34974.html','https://anphat.com.vn/media/product/250_34974_01_tuf_rtx3070_o8g_gaming.jpg','VGA ASUS TUF Gaming GeForce RTX 3070 OC (TUF-RTX3070-O8G-GAMING)',16999000,'https://www.anphatpc.com.vn/template/anphat_2020/images/anphatpc.png','AnPhatPC','asus-geforce-rtx-3070-tuf-gaming-oc'),(22,'https://www.anphatpc.com.vn/vga-asus-tuf-gaming-geforce-rtx-3090-tuf-rtx3090-24g-gaming_id34412.html','https://anphat.com.vn/media/product/250_34412_tuf_rtx3090_24g_gaming_01.jpg','VGA ASUS TUF GAMING GeForce RTX 3090 (TUF-RTX3090-24G-GAMING)',42799000,'https://www.anphatpc.com.vn/template/anphat_2020/images/anphatpc.png','AnPhatPC','asus-geforce-rtx-3090-tuf-gaming'),(23,'https://www.anphatpc.com.vn/vga-asus-dual-geforce-rtx-3070-oc-dual-rtx3070-o8g_id34552.html','https://anphat.com.vn/media/product/250_34552_dual_rtx3070_o8g_01.jpg','VGA ASUS DUAL GeForce RTX 3070 OC (DUAL-RTX3070-O8G)',16349000,'https://www.anphatpc.com.vn/template/anphat_2020/images/anphatpc.png','AnPhatPC','asus-geforce-rtx-3070-dual-oc'),(24,'https://www.anphatpc.com.vn/vga-gigabyte-geforce-rtx-3080-vision-oc-10g-gv-n3080vision-oc-10gd_id34856.html','https://anphat.com.vn/media/product/250_34856_9.png','VGA GIGABYTE GeForce RTX 3080 VISION OC 10G (GV-N3080VISION OC-10GD)',23799000,'https://www.anphatpc.com.vn/template/anphat_2020/images/anphatpc.png','AnPhatPC','gigabyte-geforce-rtx-3080-vision-oc'),(25,'https://www.anphatpc.com.vn/vga-asus-dual-geforce-rtx-3070-dual-rtx3070-8g_id34454.html','https://anphat.com.vn/media/product/250_34454_dual_rtx3070_8g_01.jpg','VGA ASUS DUAL GeForce RTX 3070 (DUAL-RTX3070-8G)',15899000,'https://www.anphatpc.com.vn/template/anphat_2020/images/anphatpc.png','AnPhatPC','asus-geforce-rtx-3070-dual'),(26,'https://www.anphatpc.com.vn/vga-gigabyte-geforce-rtx-3070-eagle-oc-8g-gv-n3070eagle-oc-8gd_id34768.html','https://anphat.com.vn/media/product/250_34768_9.png','VGA GIGABYTE GeForce RTX 3070 EAGLE OC 8G (GV-N3070EAGLE OC-8GD)',16999000,'https://www.anphatpc.com.vn/template/anphat_2020/images/anphatpc.png','AnPhatPC','gigabyte-geforce-rtx-3070-eagle-oc'),(27,'https://www.anphatpc.com.vn/vga-gigabyte-geforce-rtx-3070-eagle-8g-gv-n3070eagle-8gd_id35091.html','https://anphat.com.vn/media/product/250_35091_10.png','VGA GIGABYTE GeForce RTX 3070 EAGLE 8G (GV-N3070EAGLE-8GD)',16499000,'https://www.anphatpc.com.vn/template/anphat_2020/images/anphatpc.png','AnPhatPC','gigabyte-geforce-rtx-3070-eagle'),(28,'https://www.anphatpc.com.vn/vga-asus-rog-strix-geforce-rtx-3090-oc-rog-strix-rtx3090-o24g-gaming_id34547.html','https://anphat.com.vn/media/product/250_34547_rog_strix_rtx3090_01_oc.jpg','VGA ASUS ROG Strix GeForce RTX 3090 OC (ROG-STRIX-RTX3090-O24G-GAMING)',55899000,'https://www.anphatpc.com.vn/template/anphat_2020/images/anphatpc.png','AnPhatPC','asus-geforce-rtx-3090-strix-gaming-oc'),(29,'https://www.anphatpc.com.vn/vga-gigabyte-geforce-rtx-3070-vision-oc-8g-gv-n3070vision-oc-8gd_id35090.html','https://anphat.com.vn/media/product/250_35090_1.png','VGA GIGABYTE GeForce RTX 3070 VISION OC 8G (GV-N3070VISION OC-8GD)',18399000,'https://www.anphatpc.com.vn/template/anphat_2020/images/anphatpc.png','AnPhatPC','gigabyte-geforce-rtx-3070-vision-oc'),(30,'https://www.anphatpc.com.vn/vga-gigabyte-geforce-rtx-3080-eagle-oc-10g-gv-n3080eagle-oc-10gd_id34424.html','https://anphat.com.vn/media/product/250_34424_1.png','VGA GIGABYTE GeForce RTX 3080 EAGLE OC 10G (GV-N3080EAGLE OC-10GD)',22399000,'https://www.anphatpc.com.vn/template/anphat_2020/images/anphatpc.png','AnPhatPC','gigabyte-geforce-rtx-3080-eagle-oc'),(31,'https://www.anphatpc.com.vn/vga-asus-tuf-gaming-geforce-rtx-3080-tuf-rtx3080-10g-gaming_id34414.html','https://anphat.com.vn/media/product/250_34414_tuf_rtx3080_10g_gaming_01.jpg','VGA ASUS TUF GAMING GeForce RTX 3080 (TUF-RTX3080-10G-GAMING)',22999000,'https://www.anphatpc.com.vn/template/anphat_2020/images/anphatpc.png','AnPhatPC','asus-geforce-rtx-3080-tuf-gaming'),(32,'https://www.anphatpc.com.vn/vga-asus-tuf-gaming-x3-geforce-gtx-1660-super-oc-edition-6gb-gddr6-tuf-3-gtx1660s-o6g-gaming_id31250.html','https://anphat.com.vn/media/product/250_31250_tuf_3_gtx1660s_o6g_gaming_1.png','VGA ASUS TUF Gaming X3 GeForce GTX 1660 SUPER OC edition 6GB GDDR6 (TUF 3-GTX1660S-O6G-GAMING)',6799000,'https://www.anphatpc.com.vn/template/anphat_2020/images/anphatpc.png','AnPhatPC','asus-geforce-gtx-1660-super-tuf-gaming-x3-oc'),(33,'https://www.anphatpc.com.vn/vga-gigabyte-aorus-geforce-rtx-3070-master-8g-gv-n3070aorus-m-8gd_id35089.html','https://anphat.com.vn/media/product/250_35089_10.png','VGA GIGABYTE AORUS GeForce RTX 3070 MASTER 8G (GV-N3070AORUS M-8GD)',19399000,'https://www.anphatpc.com.vn/template/anphat_2020/images/anphatpc.png','AnPhatPC','gigabyte-geforce-rtx-3070-aorus-master'),(34,'https://www.anphatpc.com.vn/vga-gigabyte-aorus-geforce-rtx-3090-xtreme-24g-gv-n3090aorus-x-24gd_id34415.html','https://anphat.com.vn/media/product/250_34415_10.png','VGA GIGABYTE AORUS GeForce RTX 3090 XTREME 24G (GV-N3090AORUS X-24GD)',53799000,'https://www.anphatpc.com.vn/template/anphat_2020/images/anphatpc.png','AnPhatPC','gigabyte-geforce-rtx-3090-aorus-xtreme'),(35,'https://www.anphatpc.com.vn/vga-asus-rog-strix-geforce-rtx-3080-oc-rog-strix-rtx3080-o10g-gaming_id34549.html','https://anphat.com.vn/media/product/250_34549_rog_strix_rtx3080_o10g_gaming_01.jpg','VGA ASUS ROG Strix GeForce RTX 3080 OC (ROG-STRIX-RTX3080-O10G-GAMING)',27899000,'https://www.anphatpc.com.vn/template/anphat_2020/images/anphatpc.png','AnPhatPC','asus-geforce-rtx-3080-strix-gaming-oc'),(36,'https://www.anphatpc.com.vn/vga-gigabyte-aorus-geforce-rtx-3090-master-24g-gv-n3090aorus-m-24gd_id34417.html','https://anphat.com.vn/media/product/250_34417_10.png','VGA GIGABYTE AORUS GeForce RTX 3090 MASTER 24G (GV-N3090AORUS M-24GD)',51599000,'https://www.anphatpc.com.vn/template/anphat_2020/images/anphatpc.png','AnPhatPC','gigabyte-geforce-rtx-3090-aorus-master'),(37,'https://www.anphatpc.com.vn/vga-asus-rog-strix-geforce-rtx-3090-rog-strix-rtx3090-24g-gaming_id34409.html','https://anphat.com.vn/media/product/250_34409_rog_strix_rtx3090_01.jpg','VGA ASUS ROG Strix GeForce RTX 3090 (ROG-STRIX-RTX3090-24G-GAMING)',53749000,'https://www.anphatpc.com.vn/template/anphat_2020/images/anphatpc.png','AnPhatPC','asus-geforce-rtx-3090-strix-gaming'),(38,'https://www.anphatpc.com.vn/vga-gigabyte-geforce-rtx-3090-turbo-24g-gv-n3090turbo-24gd_id34857.html','https://anphat.com.vn/media/product/250_34857_9.png','VGA GIGABYTE GeForce RTX 3090 TURBO 24G (GV-N3090TURBO-24GD)',49999000,'https://www.anphatpc.com.vn/template/anphat_2020/images/anphatpc.png','AnPhatPC','gigabyte-geforce-rtx-3090-turbo'),(39,'https://www.anphatpc.com.vn/vga-gigabyte-aorus-geforce-rtx-3080-master-10g-gv-n3080aorus-m-10gd_id34422.html','https://anphat.com.vn/media/product/250_34422_10.png','VGA GIGABYTE AORUS GeForce RTX 3080 MASTER 10G (GV-N3080AORUS M-10GD)',26799000,'https://www.anphatpc.com.vn/template/anphat_2020/images/anphatpc.png','AnPhatPC','gigabyte-geforce-rtx-3080-aorus-master'),(40,'https://www.anphatpc.com.vn/vga-asus-tuf-gaming-geforce-rtx-3070-tuf-rtx3070-8g-gaming_id34975.html','https://anphat.com.vn/media/product/250_34975_01_tuf_rtx3070_8g_gaming.jpg','VGA ASUS TUF Gaming GeForce RTX 3070 (TUF-RTX3070-8G-GAMING)',17749000,'https://www.anphatpc.com.vn/template/anphat_2020/images/anphatpc.png','AnPhatPC','asus-geforce-rtx-3070-tuf-gaming-oc'),(41,'https://www.anphatpc.com.vn/vga-asus-rog-strix-geforce-rtx-3070-rog-strix-rtx3070-8g-gaming_id34453.html','https://anphat.com.vn/media/product/250_34453_rog_strix_rtx3070_8g_gaming_01.jpg','VGA ASUS ROG Strix GeForce RTX 3070 (ROG-STRIX-RTX3070-8G-GAMING)',19699000,'https://www.anphatpc.com.vn/template/anphat_2020/images/anphatpc.png','AnPhatPC','asus-geforce-rtx-3070-strix-gaming'),(42,'https://www.anphatpc.com.vn/vga-asus-rog-strix-geforce-rtx-3080-rog-strix-rtx3080-10g-gaming_id34413.html','https://anphat.com.vn/media/product/250_34413_rog_strix_rtx3080_10g_gaming_01.jpg','VGA ASUS ROG Strix GeForce RTX 3080 (ROG-STRIX-RTX3080-10G-GAMING)',26499000,'https://www.anphatpc.com.vn/template/anphat_2020/images/anphatpc.png','AnPhatPC','asus-geforce-rtx-3080-strix-gaming'),(43,'https://www.anphatpc.com.vn/vga-asus-rog-strix-geforce-rtx-3070-oc-rog-strix-rtx3070-o8g-gaming_id34972.html','https://anphat.com.vn/media/product/250_34972_01_rog_strix_rtx3070_o8g_gaming.jpg','VGA ASUS ROG Strix GeForce RTX 3070 OC (ROG-STRIX-RTX3070-O8G-GAMING)',20699000,'https://www.anphatpc.com.vn/template/anphat_2020/images/anphatpc.png','AnPhatPC','asus-geforce-rtx-3070-strix-gaming'),(44,'https://www.anphatpc.com.vn/vga-gigabite-geforce-gt-710-gv-n710d5-2gil_id30906.html','https://anphat.com.vn/media/product/250_30906_n710.png','VGA Gigabite GeForce GT 710 2GB DDR5 (GV-N710D5-2GIL)',1299000,'https://www.anphatpc.com.vn/template/anphat_2020/images/anphatpc.png','AnPhatPC','gigabyte-geforce-gt-710-gv-n710sl-2gl'),(45,'https://www.anphatpc.com.vn/vga-asus-phoenix-geforce-gtx-1650-oc-edition-4gb-gddr6-ph-gtx1650-o4gd6_id35055.html','https://anphat.com.vn/media/product/250_35055_1_3.jpg','VGA ASUS Phoenix GeForce GTX 1650 OC edition 4GB GDDR6 (PH-GTX1650-O4GD6)',3799000,'https://www.anphatpc.com.vn/template/anphat_2020/images/anphatpc.png','AnPhatPC','asus-geforce-gtx-1650-phoenix-oc'),(46,'https://www.anphatpc.com.vn/vga-asus-rog-strix-radeon-rx570-8gb-gddr5-rog-strix-rx570-8g-gaming_id32022.html','https://anphat.com.vn/media/product/250_32022_39146_rog_strix_rx570_8g_gaming_ha1.jpg','VGA ASUS ROG Strix Radeon RX570 8GB GDDR5 (ROG-STRIX-RX570-8G-GAMING)',3999000,'https://www.anphatpc.com.vn/template/anphat_2020/images/anphatpc.png','AnPhatPC','asus-radeon-rx-570-rog-strix'),(47,'https://www.anphatpc.com.vn/vga-asus-tuf-gaming-x3-geforce-gtx-1660-super-6gb-gddr6-tuf-3-gtx1660s-6g-gaming_id31034.html','https://anphat.com.vn/media/product/250_31034_tuf_3_gtx1660s_6g_gaming_box_vga.png','VGA ASUS TUF Gaming X3 GeForce GTX 1660 SUPER 6GB GDDR6 (TUF 3-GTX1660S-6G-GAMING)',6499000,'https://www.anphatpc.com.vn/template/anphat_2020/images/anphatpc.png','AnPhatPC','asus-geforce-gtx-1660-super-tuf-gaming-x3-oc'),(48,'https://www.anphatpc.com.vn/vga-asus-phoenix-radeon-rx-550-4gb-gddr5-ph-rx550-4g-evo_id33989.html','https://anphat.com.vn/media/product/250_33989_p_setting_fff_1_90_end_600.jpg','VGA ASUS Phoenix Radeon RX 550 4GB GDDR5 (PH-RX550-4G-EVO)',1899000,'https://www.anphatpc.com.vn/template/anphat_2020/images/anphatpc.png','AnPhatPC','asus-radeon-rx-550---512-rx550-4g'),(49,'https://www.anphatpc.com.vn/vga-asus-phoenix-geforce-gtx-1650-4gb-gddr6-ph-gtx1650-4gd6_id34303.html','https://anphat.com.vn/media/product/250_34303_yinhpacyzpdbyk4x_setting_000_1_90_end_500.jpg','VGA ASUS Phoenix GeForce GTX 1650 4GB GDDR6 (PH-GTX1650-4GD6)',3599000,'https://www.anphatpc.com.vn/template/anphat_2020/images/anphatpc.png','AnPhatPC','asus-geforce-gtx-1650-phoenix-oc'),(50,'https://www.hanoicomputer.vn/card-man-hinh-gigabyte-rtx-3080-eagle-oc-10gd-10gb-gdd6x-320-bit-hdmi-dp-2x8-pin','https://hanoicomputercdn.com/media/product/250_55063_gv_n3080eagle_oc_10gd_candb.jpg','Card màn hình Gigabyte RTX 3080 EAGLE OC-10GD (10GB GDD6X, 320-bit, HDMI +DP, 2x8-pin)',22949000,'https://hanoicomputercdn.com/media/lib/logo-trang.png','HanoiComputer','gigabyte-geforce-rtx-3080-eagle-oc'),(51,'https://www.hanoicomputer.vn/card-man-hinh-gigabyte-rtx-3070-vision-oc-8gd-8gb-gdd6-256-bit-hdmi-dp-1x8-pin-6x1-pin','https://hanoicomputercdn.com/media/product/250_56129_card_man_hinh_gigabyte_rtx_3070_vision_oc_8gd_8gb_gdd6_256_bit_hdmi_dp_1x8_pin_6x1_pin_01.png','Card màn hình Gigabyte RTX 3070 VISION OC - 8GD (8GB GDD6, 256-bit, HDMI +DP, 1x8-pin+6x1-pin)',17999000,'https://hanoicomputercdn.com/media/lib/logo-trang.png','HanoiComputer','gigabyte-geforce-rtx-3070-vision-oc'),(52,'https://www.hanoicomputer.vn/card-man-hinh-msi-rtx-3070-ventus-2x-8g-8gb-gdd6-256-bit-hdmi-dp-2x8-pin','https://hanoicomputercdn.com/media/product/250_55081_card_man_hinh_msi_rtx_3070_ventus_2x_oc_8g_8gb_gdd6_256_bit_hdmi_dp_2x8_pin.jpg','Card màn hình MSI RTX 3070 VENTUS 2X OC 8G',15999000,'https://hanoicomputercdn.com/media/lib/logo-trang.png','HanoiComputer','msi-geforce-rtx-3070-ventus-2x-oc'),(53,'https://www.hanoicomputer.vn/card-man-hinh-gigabyte-rtx-3090-aorus-xtreme-24gd','https://hanoicomputercdn.com/media/product/250_55043_card_man_hinh_gigabyte_rtx_3090_aorus_xtreme_24gd_00101.jpg','Card màn hình Gigabyte RTX 3090 AORUS XTREME-24GD',53990000,'https://hanoicomputercdn.com/media/lib/logo-trang.png','HanoiComputer','gigabyte-geforce-rtx-3090-aorus-xtreme'),(54,'https://www.hanoicomputer.vn/card-man-hinh-gigabyte-rtx-3070-eagle-oc-8gd-1','https://hanoicomputercdn.com/media/product/250_56118_card_man_hinh_gigabyte_rtx_3070_eagle_oc_8gd_111.jpg','Card màn hình Gigabyte RTX 3070 EAGLE OC - 8GD (8GB GDD6, 256-bit, HDMI +DP, 1x8-pin+6x1-pin)',16999000,'https://hanoicomputercdn.com/media/lib/logo-trang.png','HanoiComputer','gigabyte-geforce-rtx-3070-eagle-oc'),(55,'https://www.hanoicomputer.vn/card-man-hinh-msi-gtx-1650-super-ventus-xs-4g-oc','https://hanoicomputercdn.com/media/product/250_50169_msi_gtx_1650_super_ventus_xs_01.jpg','Card màn hình MSI GTX 1650 Super VENTUS XS OC (4GB GDDR6, 128-bit, DVI+HDMI+DP, 1x6-pin) ',4799000,'https://hanoicomputercdn.com/media/lib/logo-trang.png','HanoiComputer','msi-geforce-gtx-1650-super-ventus-xs-oc'),(56,'https://www.hanoicomputer.vn/card-man-hinh-msi-rtx-3090-ventus-3x-oc-24g-24gb-gddr6x-384-bit-hdmi-dp-2x8-pin','https://hanoicomputercdn.com/media/product/250_55074_card_man_hinh_msi_rtx_3090_ventus_3x_oc_24g_24gb_gddr6x_384_bit_hdmi_dp_2x8_pin_1.png','Card màn hình MSI RTX 3090 VENTUS 3X OC 24G (24GB GDDR6X, 384-bit, HDMI +DP, 2x8-pin)',45999000,'https://hanoicomputercdn.com/media/lib/logo-trang.png','HanoiComputer','msi-geforce-rtx-3090-ventus-3x-oc'),(57,'https://www.hanoicomputer.vn/card-man-hinh-gigabyte-rtx-3060-ti-aorus-master-8gd','https://hanoicomputercdn.com/media/product/250_56746_card_man_hinh_gigabyte_rtx_3060_ti_aorus_master_8gd_1.jpg','Card màn hình Gigabyte RTX 3060 Ti AORUS MASTER (8GB GDD6, 256-bit, HDMI +DP, 1x8-pin, 1x6-pin)',15999000,'https://hanoicomputercdn.com/media/lib/logo-trang.png','HanoiComputer','gigabyte-geforce-rtx-3060-ti-aorus-master'),(58,'https://www.hanoicomputer.vn/card-man-hinh-msi-rtx-3090-gaming-x-trio-24g-24gb-gddr6x-384-bit-hdmi-dp-3x8-pin','https://hanoicomputercdn.com/media/product/250_55072_card_man_hinh_msi_rtx_3090_gaming_x_trio_24g_24gb_gddr6x_384_bit_hdmi_dp_3x8_pin_3.png','Card màn hình MSI RTX 3090 GAMING X TRIO 24G (24GB GDDR6X, 384-bit, HDMI +DP, 3x8-pin)',49990000,'https://hanoicomputercdn.com/media/lib/logo-trang.png','HanoiComputer','msi-geforce-rtx-3090-gaming-x-trio'),(59,'https://www.hanoicomputer.vn/card-man-hinh-gigabyte-rtx-3070-aorus-master-8gd','https://hanoicomputercdn.com/media/product/250_56236_card_man_hinh_gigabyte_rtx_3070_aorus_master_8gd_0101.jpg','Card màn hình Gigabyte RTX 3070 AORUS MASTER - 8GD (8GB GDD6, 256-bit, HDMI +DP, 2x8-pin) ',19599000,'https://hanoicomputercdn.com/media/lib/logo-trang.png','HanoiComputer','gigabyte-geforce-rtx-3070-aorus-master'),(60,'https://www.hanoicomputer.vn/card-man-hinh-msi-gtx-1650-d6-ventus-xs-4g-oc','https://hanoicomputercdn.com/media/product/250_55831_card_man_hinh_msi_gtx_1650_d6_ventus_xs_4g_oc_01.jpg','Card màn hình MSI GTX 1650 D6 VENTUS XS 4G OCV1 (4GB GDDR6, 128-bit, DVI+HDMI+DP)',4099000,'https://hanoicomputercdn.com/media/lib/logo-trang.png','HanoiComputer','msi-geforce-gtx-1650-d6-ventus-xs-oc'),(61,'https://www.hanoicomputer.vn/card-man-hinh-asus-tuf-rtx3090-o24g-gaming-24gb-gdd6x-384-bit-hdmi-dp-2x8-pin','https://hanoicomputercdn.com/media/product/250_55637_card_man_hinh_asus_tuf_rtx3090_o24g_gaming_24gb_gdd6x_384_bit_hdmi_dp_2x8_pin_001.jpg','Card màn hình Asus TUF RTX3090-O24G-GAMING (24GB GDD6X, 384-bit, HDMI +DP, 2x8-Pin)',50790000,'https://hanoicomputercdn.com/media/lib/logo-trang.png','HanoiComputer','asus-geforce-rtx-3090-tuf-gaming'),(62,'https://www.hanoicomputer.vn/card-man-hinh-msi-gtx-1650-d6-aero-itx-4g-ocv1','https://hanoicomputercdn.com/media/product/250_56197_card_man_hinh_msi_gtx_1650_d6_aero_itx_4g_ocv1_2.jpg','Card màn hình MSI GTX 1650 D6 AERO ITX 4G OCV1 (4GB GDDR6, 128-bit, DVI+HDMI+DP, 1x6-pin)',3899000,'https://hanoicomputercdn.com/media/lib/logo-trang.png','HanoiComputer','msi-geforce-gtx-1650-d6-aero-itx-oc'),(63,'https://www.hanoicomputer.vn/card-man-hinh-asus-rog-strix-rtx3090-o24g-gaming','https://hanoicomputercdn.com/media/product/250_55690_card_man_hinh_asus_rog_strix_rtx3090_o24g_gaming_001.jpg','Card màn hình Asus ROG STRIX RTX3090-O24G-GAMING (24GB GDD6X, 384-bit, HDMI +DP, 3x8-pin)',55899000,'https://hanoicomputercdn.com/media/lib/logo-trang.png','HanoiComputer','asus-geforce-rtx-3090-strix-gaming'),(64,'https://gearvn.com/products/asus-tuf-gaming-geforce-rtx-3060-ti-oc','https://product.hstatic.net/1000026716/product/thumbvga_15df0e14db634c9c9820b59058f385dd_large.jpg','ASUS TUF Gaming GeForce RTX 3060 Ti OC',15290000,'https://theme.hstatic.net/1000026716/1000440777/14/logo.svg?v=16422','GearVN','asus-geforce-rtx-3060-ti-tuf-gaming-oc'),(65,'https://gearvn.com/products/msi-geforce-rtx-3060-ti-gaming-x-trio','https://product.hstatic.net/1000026716/product/thumbvga_eeace4c4ea2b45948fe765c4472a034f_large.jpg','MSI GeForce RTX 3060 Ti GAMING X TRIO',14990000,'https://theme.hstatic.net/1000026716/1000440777/14/logo.svg?v=16422','GearVN','msi-geforce-rtx-3060-ti-gaming-x-trio'),(66,'https://gearvn.com/products/msi-geforce-rtx-3060-ti-ventus-2x-oc','https://product.hstatic.net/1000026716/product/thumbvga_766b0cec6345460b8fc9b061d59e302a_large.jpg','MSI GeForce RTX 3060 Ti VENTUS 2X OC',13490000,'https://theme.hstatic.net/1000026716/1000440777/14/logo.svg?v=16422','GearVN','msi-geforce-rtx-3060-ti-ventus-2x-oc'),(67,'https://gearvn.com/products/asus-dual-geforce-rtx-3060-ti-oc','https://product.hstatic.net/1000026716/product/8_46c67b41bf864eb7b047bab6f1a89bf7_large.png','ASUS Dual GeForce RTX 3060 Ti OC',13390000,'https://theme.hstatic.net/1000026716/1000440777/14/logo.svg?v=16422','GearVN','asus-geforce-rtx-3060-ti-dual-oc'),(68,'https://gearvn.com/products/asus-rog-strix-geforce-rtx-3060-ti-oc','https://product.hstatic.net/1000026716/product/gearvn-asus-rog-strix-geforce-rtx-3060-ti-oc-666_ee9cc2b1de1b4651aff3e2edec540657_large.png','ASUS ROG Strix GeForce RTX 3060 Ti OC',16990000,'https://theme.hstatic.net/1000026716/1000440777/14/logo.svg?v=16422','GearVN','asus-geforce-rtx-3060-ti-rog-strix-gaming-oc'),(69,'https://gearvn.com/products/gigabyte-geforce-rtx-2070-gaming-oc-8g','https://product.hstatic.net/1000026716/product/rtx_2070_gaming_oc_8g__gearvn_large.jpg','GIGABYTE GeForce® RTX 2070 GAMING OC 8G',16290000,'https://theme.hstatic.net/1000026716/1000440777/14/logo.svg?v=16422','GearVN','gigabyte-geforce-rtx-2070-gaming-8g'),(70,'https://gearvn.com/products/msi-geforce-rtx-3090-ventus-3x-24g-oc','https://product.hstatic.net/1000026716/product/gearvn-msi-geforce-rtx-3090-ventus-3x-24g-oc-666_e8e5fd35bbdd4f808fea2782d9819984_large.png','MSI GeForce RTX 3090 VENTUS 3X 24G OC',45990000,'https://theme.hstatic.net/1000026716/1000440777/14/logo.svg?v=16422','GearVN','msi-geforce-rtx-3090-ventus-3x-oc'),(71,'https://gearvn.com/products/vga-msi-geforce-rtx-3070-ventus-2x-oc','https://product.hstatic.net/1000026716/product/gearvn-vga-msi-geforce-rtx-3070-ventus-2x-oc_2db8d5cf8b5b4f78934ef1a31e948ded_large.jpg','VGA MSI Geforce RTX 3070 VENTUS 2x OC',15990000,'https://theme.hstatic.net/1000026716/1000440777/14/logo.svg?v=16422','GearVN','msi-geforce-rtx-3070-ventus-2x-oc'),(72,'https://gearvn.com/products/card-man-hinh-aorus-geforce-rtx-3060-ti-master-8g','https://product.hstatic.net/1000026716/product/thumbvga_f17764d45bc54168871e1ed648db2645_large.jpg','GIGABYTE AORUS GeForce RTX 3060 Ti MASTER 8G',15650000,'https://theme.hstatic.net/1000026716/1000440777/14/logo.svg?v=16422','GearVN','gigabyte-geforce-rtx-3060-ti-aorus-master'),(73,'https://gearvn.com/products/msi-geforce-rtx-3090-gaming-x-trio-24g','https://product.hstatic.net/1000026716/product/gearvn-geforce-rtx-3090-gaming-x-trio-24g-66_19b3f78b95bc46af9956ad3334281e72_large.png','MSI GeForce RTX 3090 GAMING X TRIO 24G',47990000,'https://theme.hstatic.net/1000026716/1000440777/14/logo.svg?v=16422','GearVN','msi-geforce-rtx-3090-gaming-x-trio'),(74,'https://gearvn.com/products/vga-msi-geforce-rtx-3070-ventus-3x-oc','https://product.hstatic.net/1000026716/product/gearvn-vga-msi-geforce-rtx-3070-ventus-3x-oc-666_fc03e9df711542f499a9eeee7629f73c_large.jpg','VGA MSI GeForce RTX 3070 VENTUS 3X OC',17490000,'https://theme.hstatic.net/1000026716/1000440777/14/logo.svg?v=16422','GearVN','msi-geforce-rtx-3070-ventus-3x-oc'),(75,'https://gearvn.com/products/asus-geforce-rtx-3070-ko-oc-8g-gaming','https://product.hstatic.net/1000026716/product/gearvn-card-do-hoa-asus-geforce-rtx-3070-ko-oc-8g-gaming-666_fa311a77f4a24753924451bf977c21d5_large.jpg','ASUS GeForce RTX 3070 KO OC 8G GAMING',16990000,'https://theme.hstatic.net/1000026716/1000440777/14/logo.svg?v=16422','GearVN','asus-geforce-rtx-3070-ko-gaming-oc'),(76,'https://gearvn.com/products/gigabyte-geforce-rtx-3060-ti-eagle-oc-8g','https://product.hstatic.net/1000026716/product/thumbvga_f7bc46ee6f954a6d8ae7d8cd571195de_large.jpg','GIGABYTE GeForce RTX 3060 Ti EAGLE OC 8G',13490000,'https://theme.hstatic.net/1000026716/1000440777/14/logo.svg?v=16422','GearVN','gigabyte-geforce-rtx-3060-ti-eagle-oc'),(77,'https://gearvn.com/products/gigabyte-aorus-geforce-rtx-3090-master-24g','https://product.hstatic.net/1000026716/product/gearvn-gigabyte-aorus-geforce-rtx-3090-master-24g-111_08024bdac5af49979dae6a30e67a9f98_large.png','GIGABYTE AORUS GeForce RTX 3090 MASTER 24G',51990000,'https://theme.hstatic.net/1000026716/1000440777/14/logo.svg?v=16422','GearVN','gigabyte-geforce-rtx-3090-aorus-master'),(78,'https://gearvn.com/products/msi-geforce-rtx-3070-gaming-x-trio-8gb','https://product.hstatic.net/1000026716/product/gearvn-msi-geforce-rtx-3070-gaming-x-trio-8gb-1_64635a6f450c41878bc4c98613a4768b_large.jpg','MSI GeForce RTX 3070 GAMING X TRIO 8GB',18490000,'https://theme.hstatic.net/1000026716/1000440777/14/logo.svg?v=16422','GearVN','msi-geforce-rtx-3070-gaming-x-trio'),(79,'https://gearvn.com/products/msi-geforce-gt-1030-aero-itx-2gb-oc','https://product.hstatic.net/1000026716/product/gt1030-aero-2gb-oc-msi_9e353c3df0f849f29676d12a5cd8477d_large.jpg','MSI GeForce® GT 1030 AERO ITX 2GB OC',2390000,'https://theme.hstatic.net/1000026716/1000440777/14/logo.svg?v=16422','GearVN','msi-geforce-gt-1030-aero-itx-oc'),(80,'https://gearvn.com/products/msi-geforce-rtx-3070-suprim-x-8g','https://product.hstatic.net/1000026716/product/thumbvga-recovered_5079545205a446b7ade3ab3d70a43800_large.jpg','MSI GeForce RTX 3070 SUPRIM X 8G',20990000,'https://theme.hstatic.net/1000026716/1000440777/14/logo.svg?v=16422','GearVN','msi-geforce-rtx-3070-suprim-x'),(81,'https://gearvn.com/products/card-man-hinh-aorus-geforce-rtx-3060-ti-gaming-oc-pro-8g','https://product.hstatic.net/1000026716/product/thumbvga_53d4b19684dc459c9d6b9c03332df865_large.jpg','GIGABYTE GeForce RTX 3060 Ti GAMING OC PRO 8G',14250000,'https://theme.hstatic.net/1000026716/1000440777/14/logo.svg?v=16422','GearVN','gigabyte-geforce-rtx-3060-ti-gaming-oc-pro'),(82,'https://gearvn.com/products/gigabyte-geforce-rtx-3060-ti-eagle-8g','https://product.hstatic.net/1000026716/product/thumbvga_dced2ef89b894fb98565f298aa11dc71_large.jpg','GIGABYTE GeForce RTX 3060 Ti EAGLE 8G',12990000,'https://theme.hstatic.net/1000026716/1000440777/14/logo.svg?v=16422','GearVN','gigabyte-geforce-rtx-3060-ti-eagle'),(83,'https://gearvn.com/products/gigabyte-geforce-rtx-3070-eagle-oc-8g','https://product.hstatic.net/1000026716/product/gearvn-gigabyte-geforce-rtx-3070-eagle-oc-8g-666_bf4aa0876a4e4248be6225f8390fac87_large.jpg','GIGABYTE GeForce RTX 3070 EAGLE OC 8G',16890000,'https://theme.hstatic.net/1000026716/1000440777/14/logo.svg?v=16422','GearVN','gigabyte-geforce-rtx-3070-eagle-oc'),(84,'https://gearvn.com/products/gigabyte-geforce-rtx-2070-super-windforce-oc-8g','https://product.hstatic.net/1000026716/product/2019072516383039edb505de43945ea5e38ca2d6a1fd91bd_big_5c9be67319ec48fc868c839892926ef7_large.png','GIGABYTE GeForce RTX™ 2070 SUPER WINDFORCE OC 8G',14690000,'https://theme.hstatic.net/1000026716/1000440777/14/logo.svg?v=16422','GearVN','gigabyte-geforce-rtx-2070-super-windforce-oc'),(85,'https://gearvn.com/products/gigabyte-geforce-rtx-2060-super-windforce-oc-8g','https://product.hstatic.net/1000026716/product/2019070116183895ea1fc8d58e39695946012735e455dd88_big_0175f4efd462405196c930d6551919a5_large.png','GIGABYTE GeForce RTX™ 2060 SUPER WINDFORCE OC 8G',10990000,'https://theme.hstatic.net/1000026716/1000440777/14/logo.svg?v=16422','GearVN','gigabyte-geforce-rtx-2060-super-windforce-oc'),(86,'https://gearvn.com/products/msi-geforce-rtx-2070-gaming-z-8g','https://product.hstatic.net/1000026716/product/rtx__2070_gaming_z_8g_gearvn_large.jpg','MSI GeForce RTX 2070 GAMING Z 8G',16790000,'https://theme.hstatic.net/1000026716/1000440777/14/logo.svg?v=16422','GearVN','msi-geforce-rtx-2070-gaming-z'),(87,'https://gearvn.com/products/gigabyte-geforce-rtx-3070-eagle-8g','https://product.hstatic.net/1000026716/product/gearvn-gigabyte-geforce-rtx-3070-egale-8g-666_9ec87b949f41460081534ec8e1a69945_large.jpg','GIGABYTE GeForce RTX 3070 EAGLE 8G',16390000,'https://theme.hstatic.net/1000026716/1000440777/14/logo.svg?v=16422','GearVN','gigabyte-geforce-rtx-3070-eagle'),(88,'https://gearvn.com/products/gigabyte-geforce-rtx-3060-ti-gaming-oc-8g','https://product.hstatic.net/1000026716/product/thumbvga_fc44aa99753947649d1a3ec6911147ab_large.jpg','GIGABYTE GeForce RTX 3060 Ti GAMING OC 8G',13990000,'https://theme.hstatic.net/1000026716/1000440777/14/logo.svg?v=16422','GearVN','gigabyte-geforce-rtx-3060-ti-gaming-oc'),(89,'https://gearvn.com/products/gigabyte-geforce-rtx-3090-turbo-24g','https://product.hstatic.net/1000026716/product/gearvn-gigabyte-geforce-rtx-3090-turbo-24g_fd83ada536534a11917a98ec89ac2524_large.png','GIGABYTE GeForce RTX 3090 TURBO 24G',50990000,'https://theme.hstatic.net/1000026716/1000440777/14/logo.svg?v=16422','GearVN','gigabyte-geforce-rtx-3090-turbo'),(90,'https://gearvn.com/products/msi-geforce-gtx-1050-ti-aero-itx-oc-4gd5','https://product.hstatic.net/1000026716/product/gtx1050ti_aero_gearvn_90551edd91594b749b8a556b80a23387_large.png','MSI GeForce® GTX 1050 Ti AERO ITX OC 4GD5',4190000,'https://theme.hstatic.net/1000026716/1000440777/14/logo.svg?v=16422','GearVN','msi-geforce-gtx-1050-ti-aero-itx'),(91,'https://gearvn.com/products/asus-geforce-gtx-1650-4gb-dual-oc','https://product.hstatic.net/1000026716/product/gtx_1650_dual_oc_cab0cc4c064f44a19ec98b63b79d1446_large.png','ASUS GeForce GTX 1650 4GB DUAL OC',4090000,'https://theme.hstatic.net/1000026716/1000440777/14/logo.svg?v=16422','GearVN','asus-geforce-gtx-1650-dual-oc'),(92,'https://gearvn.com/products/gigabyte-geforce-rtx-3070-gaming-oc-8g','https://product.hstatic.net/1000026716/product/gearvn-gigabyte-geforce-rtx-3070-gaming-oc-8g-666_bb5b5b524f064aa7ae01ed9fc221209c_large.jpg','GIGABYTE GeForce RTX 3070 GAMING OC 8G',17490000,'https://theme.hstatic.net/1000026716/1000440777/14/logo.svg?v=16422','GearVN','gigabyte-geforce-rtx-3070-gaming-oc'),(93,'https://gearvn.com/products/msi-geforce-rtx-3080-ventus-3x-10g-oc','https://product.hstatic.net/1000026716/product/gearvn-msi-geforce-rtx-3080-ventus-3x-10g-oc-666_69408c857b1a48be803846b6165946f4_large.png','MSI GeForce RTX 3080 VENTUS 3X 10G OC',23490000,'https://theme.hstatic.net/1000026716/1000440777/14/logo.svg?v=16422','GearVN','msi-geforce-rtx-3080-ventus-3x-oc'),(94,'https://gearvn.com/products/gigabyte-geforce-rtx-2070-windforce-8g','https://product.hstatic.net/1000026716/product/rtx_2070_windforce_8gb___gearvn_large.png','GIGABYTE GeForce® RTX 2070 Windforce 8G',15290000,'https://theme.hstatic.net/1000026716/1000440777/14/logo.svg?v=16422','GearVN','gigabyte-geforce-rtx-2070-windforce'),(95,'https://gearvn.com/products/vga-gigabyte-aorus-geforce-rtx-3070-master-8g','https://product.hstatic.net/1000026716/product/gearvn-vga-gigabyte-aorus-geforce-rtx-3070-master-8g-66_fee49014ce524927b71cc6f7a8d293f3_large.png','VGA Gigabyte AORUS GeForce RTX 3070 MASTER 8G',18990000,'https://theme.hstatic.net/1000026716/1000440777/14/logo.svg?v=16422','GearVN','gigabyte-geforce-rtx-3070-aorus-master'),(96,'https://gearvn.com/products/asus-tuf-3090-24g-gaming','https://product.hstatic.net/1000026716/product/tuf-rtx3090-24g-gaming-01_8123ae5eedb94a78962509d10151637d_large.jpg','Asus TUF RTX 3090 24G GAMING',42990000,'https://theme.hstatic.net/1000026716/1000440777/14/logo.svg?v=16422','GearVN','asus-geforce-rtx-3090-tuf-gaming'),(97,'https://gearvn.com/products/msi-geforce-rtx-2080-sea-hawk-ek-x-8gb','https://product.hstatic.net/1000026716/product/msi_rtx_2080_sea_hawk_ek_x_8gb_gearvn_large.png','MSI GEFORCE RTX 2080 SEA HAWK EK X 8GB',27990000,'https://theme.hstatic.net/1000026716/1000440777/14/logo.svg?v=16422','GearVN','msi-geforce-rtx-2080-sea-hawk-x'),(98,'https://gearvn.com/products/msi-amd-radeon-rx-5600-xt-mech-oc-6g','https://product.hstatic.net/1000026716/product/gearvn-msi-amd-rx-5600xt-mech-oc-6gb-1_3071cf8d4d0749eeba6c0879b27c5d49_large.png','MSI AMD Radeon™ RX 5600 XT Mech OC 6G',8590000,'https://theme.hstatic.net/1000026716/1000440777/14/logo.svg?v=16422','GearVN','msi-radeon-rx-5600-xt-mech-oc'),(99,'https://gearvn.com/products/vga-gigabyte-geforce-rtx-3070-vision-oc-8g','https://product.hstatic.net/1000026716/product/gearvn-vga-gigabyte-geforce-rtx-3070-vision-oc-8g-666_441dfec49ca247ba957196bfb51dcc57_large.png','VGA Gigabyte GeForce RTX 3070 VISION OC 8G',17890000,'https://theme.hstatic.net/1000026716/1000440777/14/logo.svg?v=16422','GearVN','gigabyte-geforce-rtx-3070-vision-oc'),(100,'https://gearvn.com/products/msi-rtx-2080-super-gaming-x-trio-8gb','https://product.hstatic.net/1000026716/product/67206775_2138436959617121_2874657345340702720_n_e468b53122fa48b09c6cf08bead65bf6_large.png','MSI RTX 2080 SUPER GAMING X TRIO 8GB',20990000,'https://theme.hstatic.net/1000026716/1000440777/14/logo.svg?v=16422','GearVN','msi-geforce-rtx-2080-super-gaming-x-trio'),(101,'https://gearvn.com/products/msi-amd-radeon-rx-5600-xt-gaming-x-6g','https://product.hstatic.net/1000026716/product/gearvn-msi-radeon-rx-5600xt-gaming-oc-6gb-1_a29c28c3c7304160b8c7beba30fa7b67_large.png','MSI AMD Radeon™ RX 5600 XT Gaming X 6G',8690000,'https://theme.hstatic.net/1000026716/1000440777/14/logo.svg?v=16422','GearVN','msi-radeon-rx-5600-xt-gaming-x'),(102,'https://gearvn.com/products/gigabyte-amd-radeon-rx-5600-xt-gaming-oc-6g','https://product.hstatic.net/1000026716/product/gearvn-vga-radeon-rx-5600xt-gaming-oc-6gb-1_bb539a9e013f42829b490a816be19afe_large.png','GIGABYTE AMD Radeon™ RX 5600 XT GAMING OC 6G',7990000,'https://theme.hstatic.net/1000026716/1000440777/14/logo.svg?v=16422','GearVN','gigabyte-radeon-rx-5600-xt-gaming-oc'),(103,'https://gearvn.com/products/msi-rtx-2080-gaming-x-trio-8g','https://product.hstatic.net/1000026716/product/rtx_2080_trio_gearvn_large.jpg','MSI RTX 2080 GAMING X TRIO 8G',23790000,'https://theme.hstatic.net/1000026716/1000440777/14/logo.svg?v=16422','GearVN','msi-geforce-rtx-2080-gaming-x-trio'),(104,'https://gearvn.com/products/vga-asus-geforce-rtx-3090-rog-strix-oc-24g-gaming','https://product.hstatic.net/1000026716/product/gearvn-vga-asus-geforce-rtx-3090-rog-strix-oc-24g-gaming-666_8ee13b43ada1449da0bd8fef0790e78c_large.jpg','VGA ASUS GeForce RTX 3090 Rog Strix OC 24G Gaming',51990000,'https://theme.hstatic.net/1000026716/1000440777/14/logo.svg?v=16422','GearVN','asus-geforce-rtx-3090-strix-gaming-oc'),(105,'https://gearvn.com/products/msi-gtx-1650-super-ventus-xs-oc','https://product.hstatic.net/1000026716/product/gearvn-1650-super-ventus-xs-oc-1_b390de012d0441d2a5c8f5db8186a9ad_large.jpg','MSI GTX 1650 Super VENTUS XS OC 4GB GDDR6',4690000,'https://theme.hstatic.net/1000026716/1000440777/14/logo.svg?v=16422','GearVN','msi-geforce-gtx-1650-super-ventus-xs-oc'),(106,'https://gearvn.com/products/asus-tuf-rtx3080-o10g-gaming','https://product.hstatic.net/1000026716/product/gearvn-asus-tuf-rtx3080-o10g-gaming-666_38228e151b6a48738e24a967573bfc45_large.jpg','Asus TUF RTX 3080 O10G GAMING',24950000,'https://theme.hstatic.net/1000026716/1000440777/14/logo.svg?v=16422','GearVN','asus-geforce-rtx-3080-tuf-gaming'),(107,'https://gearvn.com/products/gigabyte-geforce-rtx-3090-gaming-oc-24g','https://product.hstatic.net/1000026716/product/gearvn-gigabyte-geforce-rtx-3090-gaming-oc-24g-666_5049e5e8b5f04201987ef91908984b67_large.png','Gigabyte GeForce RTX 3090 GAMING OC 24G',49990000,'https://theme.hstatic.net/1000026716/1000440777/14/logo.svg?v=16422','GearVN','gigabyte-geforce-rtx-3090-gv-n3090gaming-oc-24gd'),(108,'https://gearvn.com/products/msi-gtx-1660-ti-ventus-xs-6g-oc-gddr6','https://product.hstatic.net/1000026716/product/1660ti_ventus_xs_oc_large.png','MSI GTX 1660 Ti Ventus XS 6G OC GDDR6',7490000,'https://theme.hstatic.net/1000026716/1000440777/14/logo.svg?v=16422','GearVN','msi-geforce-gtx-1660-ti-ventus-xs-oc'),(109,'https://gearvn.com/products/asus-gtx-1650-super-4gb-tuf-gaming-oc','https://product.hstatic.net/1000026716/product/gearvn-tuf-gtx1650s-o4g-gaming_a4f2c8546b0041049d019cbec8fdfcdf_large.png','ASUS GTX 1650 Super TUF GAMING OC 4GB GDDR6',4890000,'https://theme.hstatic.net/1000026716/1000440777/14/logo.svg?v=16422','GearVN','asus-geforce-gtx-1650-super-tuf-gaming-oc'),(110,'https://gearvn.com/products/vga-asus-tuf-rtx-3090-oc-24g-gaming','https://product.hstatic.net/1000026716/product/gearvn-vga-asus-tuf-rtx-3090-oc-24g-gaming-666_d4c3adce3d1d4ab69c84571c960a5674_large.jpg','VGA ASUS TUF RTX 3090 OC 24G GAMING',47990000,'https://theme.hstatic.net/1000026716/1000440777/14/logo.svg?v=16422','GearVN','asus-geforce-rtx-3090-tuf-gaming-oc'),(111,'https://gearvn.com/products/asus-dual-rtx-3070-8g','https://product.hstatic.net/1000026716/product/gearvn-dual-rtx3070-8g-66666_216cc5c5c639413792a356557e2369e4_large.png','Asus Dual RTX 3070 8G',15950000,'https://theme.hstatic.net/1000026716/1000440777/14/logo.svg?v=16422','GearVN','asus-geforce-rtx-3070-dual'),(112,'https://gearvn.com/products/msi-gtx-1650-super-gaming-x-4gb-gddr6','https://product.hstatic.net/1000026716/product/msi-gtx-1650-super-gaming-x-4gb-1_7259676890764aed9abf256b4b9c9af2_large.png','MSI GTX 1650 Super GAMING X 4GB GDDR6',5390000,'https://theme.hstatic.net/1000026716/1000440777/14/logo.svg?v=16422','GearVN','msi-geforce-gtx-1650-super-gaming-x'),(113,'https://gearvn.com/products/gigabyte-gtx-1650-super-wf-oc','https://product.hstatic.net/1000026716/product/gearvn-1650-super-wfoc-1_3228f4f7aa634bef9b61b237fc2a0ad3_large.jpg','GIGABYTE GTX 1650 Super Windforce OC 4GB GDDR6',4890000,'https://theme.hstatic.net/1000026716/1000440777/14/logo.svg?v=16422','GearVN','gigabyte-geforce-gtx-1650-super-windforce-oc'),(114,'https://gearvn.com/products/asus-gtx-1650-super-4gb-tuf-gaming','https://product.hstatic.net/1000026716/product/gearvn-tuf-gtx1650s-4g-gaming-1_96aa3931416742cfa93309890f86da07_large.png','ASUS GTX 1650 Super TUF GAMING 4GB GDDR6',4790000,'https://theme.hstatic.net/1000026716/1000440777/14/logo.svg?v=16422','GearVN','asus-geforce-gtx-1650-super-tuf-gaming'),(115,'https://gearvn.com/products/msi-rtx-2080-duke-8g-oc','https://product.hstatic.net/1000026716/product/2080_duke_oc_gearvn_large.jpg','MSI RTX 2080 DUKE 8G OC',23990000,'https://theme.hstatic.net/1000026716/1000440777/14/logo.svg?v=16422','GearVN','msi-geforce-rtx-2080-duke'),(116,'https://gearvn.com/products/msi-gtx-1660-ventus-xs-6g-oc-gddr5','https://product.hstatic.net/1000026716/product/gvn_1660_ventus_27c7ae50e5f540ebbfe73b24762c2a73_large.jpg','MSI GTX 1660 Ventus XS 6G OC GDDR5',5590000,'https://theme.hstatic.net/1000026716/1000440777/14/logo.svg?v=16422','GearVN','msi-geforce-gtx-1660-ventus-xs-oc'),(117,'https://gearvn.com/products/asus-rog-strix-rx-3090-24g-gaming','https://product.hstatic.net/1000026716/product/rog-strix-rx3090-24g-gaming_box_vga_logo_666666_64f0a9a7bc6446ebb9e3f65af420abf8_large.png','Asus ROG STRIX RTX 3090 24G GAMING',50990000,'https://theme.hstatic.net/1000026716/1000440777/14/logo.svg?v=16422','GearVN','asus-geforce-rtx-3090-strix-gaming'),(118,'https://gearvn.com/products/msi-gtx-1650-ventus-xs-4gb-gddr6','https://product.hstatic.net/1000026716/product/geforce-gtx-1650-d6-ventus-xs-1_1a58afefb51b48c8b0e9d81d4580a55a_large.png','MSI GTX 1650 VENTUS XS 4GB OC V1 GDDR6',3790000,'https://theme.hstatic.net/1000026716/1000440777/14/logo.svg?v=16422','GearVN','msi-geforce-gtx-1650-ventus-xs-oc'),(119,'https://gearvn.com/products/asus-rog-strix-rtx3080-o10g-gaming','https://product.hstatic.net/1000026716/product/gearvn-asus-rog-strix-rtx3080-o10g-gaming-666_c81abc2ab75244b2bc5fc71dc3df888a_large.jpg','ASUS ROG STRIX RTX 3080 O10G GAMING',27990000,'https://theme.hstatic.net/1000026716/1000440777/14/logo.svg?v=16422','GearVN','asus-geforce-rtx-3080-strix-gaming'),(120,'https://gearvn.com/products/gigabyte-gtx-1650-winforce-oc-4gb-gddr6','https://product.hstatic.net/1000026716/product/gv-n1656wf2oc-4gd_3daa8a9d197a46d3a49e2474111ba370_large.png','GIGABYTE GTX 1650 Winforce OC 4GB GDDR6',3990000,'https://theme.hstatic.net/1000026716/1000440777/14/logo.svg?v=16422','GearVN','gigabyte-geforce-gtx-1650-windforce-oc'),(121,'https://gearvn.com/products/aorus-geforce-rtx-2080-xtreme-8g','https://product.hstatic.net/1000026716/product/rtx_2080_xtreme_8g_gearvn_large.jpg','AORUS GeForce® RTX 2080 XTREME 8G',24490000,'https://theme.hstatic.net/1000026716/1000440777/14/logo.svg?v=16422','GearVN','gigabyte-geforce-rtx-2080-aorus-xtreme'),(122,'https://gearvn.com/products/gigabyte-geforce-gt-710-1gb','https://product.hstatic.net/1000026716/product/gearvn-gigabyte-geforce-gt-710-1gb-66_0f5d847d869e40e3ae96bb70508464a8_large.jpg','Gigabyte GeForce® GT 710 1GB',990000,'https://theme.hstatic.net/1000026716/1000440777/14/logo.svg?v=16422','GearVN','gigabyte-geforce-gt-710-gv-n710d3-1gl-1.0'),(123,'https://gearvn.com/products/asus-amd-rog-strix-radeon-rx-5600-xt-oc-6g','https://product.hstatic.net/1000026716/product/gearvn-asus-rog-strix-rx-5600xt-gaming-oc_f30433f2b8e94d959a30ce3a298a28b5_large.jpg','ASUS AMD ROG Strix Radeon™ RX 5600 XT T6G GAMING',8990000,'https://theme.hstatic.net/1000026716/1000440777/14/logo.svg?v=16422','GearVN','asus-radeon-rx-5600-xt-strix-gaming-oc'),(124,'https://gearvn.com/products/vga-asus-rog-strix-rtx-3070-o8g-gaming','https://product.hstatic.net/1000026716/product/gearvn-vga-asus-rog-strix-rtx-3070-o8g-gaming-666_373bb621483140df8ecb300a58004062_large.jpg','VGA ASUS ROG Strix RTX 3070 O8G Gaming',20750000,'https://theme.hstatic.net/1000026716/1000440777/14/logo.svg?v=16422','GearVN','asus-geforce-rtx-3070-strix-gaming'),(125,'https://gearvn.com/products/msi-geforce-rtx-2060-ventus-xs-6g-ocv1-gddr6','https://product.hstatic.net/1000026716/product/rtx_2060_gearvn_692b694d930949708bbd5143cc2eae1e_1869966df5db4e4e9570526f53ebf802_large.png','MSI GeForce RTX™ 2060 VENTUS XS 6G OCV1 GDDR6',8490000,'https://theme.hstatic.net/1000026716/1000440777/14/logo.svg?v=16422','GearVN','msi-geforce-rtx-2060-ventus-xs-oc'),(126,'https://gearvn.com/products/asus-geforce-gtx-1650-4gb-dual','https://product.hstatic.net/1000026716/product/gvn_gtx1650_dual_4gb_be2801ddf91d4c2b8ffa64008272ffb1_large.png','ASUS GeForce GTX 1650 4GB DUAL',3990000,'https://theme.hstatic.net/1000026716/1000440777/14/logo.svg?v=16422','GearVN','asus-geforce-gtx-1650-dual-oc'),(127,'https://gearvn.com/products/msi-geforce-gtx-1660-super-gaming-z-plus','https://product.hstatic.net/1000026716/product/thumbvga_4b9de361ef404d77b31b92c52574cfce_large.jpg','MSI GeForce GTX 1660 SUPER GAMING Z PLUS',6790000,'https://theme.hstatic.net/1000026716/1000440777/14/logo.svg?v=16422','GearVN','gigabyte-geforce-gtx-1660-super-gaming'),(128,'https://gearvn.com/products/asus-rog-strix-gtx-1650-super-oc-gddr6','https://product.hstatic.net/1000026716/product/gearvn-asus-rog-strix-gtx-1650s-o4g-gddr5-2222_f5a5128a8ba54e3480a660006134cd50_large.jpg','ASUS ROG STRIX GTX 1650 Super OC 4GB GDDR6',5720000,'https://theme.hstatic.net/1000026716/1000440777/14/logo.svg?v=16422','GearVN','asus-geforce-gtx-1650-super-strix-gaming-oc'),(129,'https://gearvn.com/products/vga-asus-tuf-rtx-3070-o8g-gaming','https://product.hstatic.net/1000026716/product/gearvn-vga-asus-tuf-rtx-3070-o8g-gaming-666_656a6d2729ab4d438776b0d8d7dc4caf_large.jpg','VGA ASUS TUF RTX 3070 O8G Gaming',16990000,'https://theme.hstatic.net/1000026716/1000440777/14/logo.svg?v=16422','GearVN','asus-geforce-rtx-3070-tuf-gaming-oc'),(130,'https://gearvn.com/products/gigabyte-radeon-rx-6800-xt-gaming-oc-16g','https://product.hstatic.net/1000026716/product/gearvn-gigabyte-radeon-rx-6800-xt-gaming-oc-16g-666_b65b611aece240568c9842c6bf92e142_large.png','GIGABYTE Radeon™ RX 6800 XT GAMING OC 16G',23250000,'https://theme.hstatic.net/1000026716/1000440777/14/logo.svg?v=16422','GearVN','gigabyte-radeon-rx-6800-xt-gv-r68xt-16gc-b');
/*!40000 ALTER TABLE `gpu_price_list` ENABLE KEYS */;
UNLOCK TABLES;

--
-- Table structure for table `hdd`
--

DROP TABLE IF EXISTS `hdd`;
/*!40101 SET @saved_cs_client     = @@character_set_client */;
/*!50503 SET character_set_client = utf8mb4 */;
CREATE TABLE `hdd` (
  `ID` varchar(100) NOT NULL,
  `manufacturer` varchar(100) NOT NULL,
  `serieName` varchar(100) NOT NULL,
  `size` varchar(100) NOT NULL,
  `chipset` varchar(100) DEFAULT NULL,
  `fullname` text NOT NULL,
  `storage` varchar(255) DEFAULT NULL,
  PRIMARY KEY (`ID`)
) ENGINE=InnoDB DEFAULT CHARSET=utf8;
/*!40101 SET character_set_client = @saved_cs_client */;

--
-- Dumping data for table `hdd`
--

LOCK TABLES `hdd` WRITE;
/*!40000 ALTER TABLE `hdd` DISABLE KEYS */;
INSERT INTO `hdd` VALUES ('seagate-barracuda-3072-3.5sata','Seagate','Barracuda','3.5 SATA','3 TB','HDD Seagate Barracuda 3 TB',NULL),('seagate-barracuda-4096-3.5sata','Seagate','BarraCuda','3.5 SATA','4 TB','HDD Seagate BarraCuda 4 TB',NULL),('seagate-barracuda-6144-3.5sata','Seagate','Barracuda','3.5 SATA','6 TB','HDD Seagate Barracuda 6 TB',NULL),('seagate-firecuda-1024-2.5sata','Seagate','FireCuda','2.5 SATA','1 TB','HDD Seagate FireCuda 1 TB',NULL),('seagate-firecuda-500-2.5sata','Seagate','FireCuda','2.5 SATA','500 GB','HDD Seagate FireCuda 500 GB',NULL),('seagate-ironwolf-pro-10240-3.5sata','Seagate','IronWolf Pro','3.5 SATA','10 TB','HDD Seagate IronWolf Pro 10 TB',NULL),('seagate-ironwolf-pro-12288-3.5sata','Seagate','IronWolf Pro','3.5 SATA','12 TB','HDD Seagate IronWolf Pro 12 TB',NULL),('seagate-ironwolf-pro-14336-3.5sata','Seagate','IronWolf Pro','3.5 SATA','14 TB','HDD Seagate IronWolf Pro 14 TB',NULL),('seagate-ironwolf-pro-16384-3.5sata','Seagate','IronWolf Pro','3.5 SATA','16 TB','HDD Seagate IronWolf Pro 16 TB',NULL),('seagate-ironwolf-pro-4096-3.5sata','Seagate','IronWolf Pro','3.5 SATA','4 TB','HDD Seagate IronWolf Pro 4 TB',NULL),('seagate-ironwolf-pro-6144-3.5sata','Seagate','IronWolf Pro','3.5 SATA','6 TB','HDD Seagate IronWolf Pro 6 TB',NULL),('seagate-ironwolf-pro-8192-3.5sata','Seagate','IronWolf Pro','3.5 SATA','8 TB','HDD Seagate IronWolf Pro 8 TB',NULL),('seagate-pipeline-hd-1024-3.5sata','Seagate','Pipeline HD','3.5 SATA','1 TB','HDD Seagate Pipeline HD 1 TB',NULL),('seagate-pipeline-hd-2048-3.5sata','Seagate','Pipeline HD','3.5 SATA','2 TB','HDD Seagate Pipeline HD 2 TB',NULL),('seagate-pipeline-hd-500-3.5sata','Seagate','Pipeline HD','3.5 SATA','500 GB','HDD Seagate Pipeline HD 500 GB',NULL),('seagate-skyhawk-ai-10240-3.5sata','Seagate','SkyHawk AI','3.5 SATA','10 TB','HDD Seagate SkyHawk AI 10 TB',NULL),('seagate-skyhawk-ai-8192-3.5sata','Seagate','Skyhawk AI','3.5 SATA','8 TB','HDD Seagate Skyhawk AI 8 TB',NULL),('wd-black2-1024-2.5sata','Western Digital','Black2','2.5 SATA','1 TB','HDD Western Digital Black2 1 TB',NULL),('wd-re-1024-3.5sata','Western Digital','Re','3.5 SATA','1 TB','HDD Western Digital Re 1 TB',NULL),('wd-re-2048-3.5sata','Western Digital','RE','3.5 SATA','2 TB','HDD Western Digital RE 2 TB',NULL),('wd-re-3072-3.5sata','Western Digital','RE','3.5 SATA','3 TB','HDD Western Digital RE 3 TB',NULL),('wd-re-4096-3.5sata','Western Digital','RE','3.5 SATA','4 TB','HDD Western Digital RE 4 TB',NULL),('wd-re-500-3.5sata','Western Digital','Re','3.5 SATA','500 GB','HDD Western Digital Re 500 GB',NULL),('wd-re4-1024-3.5sata','Western Digital','RE4','3.5 SATA','1 TB','HDD Western Digital RE4 1 TB',NULL),('wd-re4-2048-3.5sata','Western Digital','RE4','3.5 SATA','2 TB','HDD Western Digital RE4 2 TB',NULL),('wd-se-1024-3.5sata','Western Digital','Se','3.5 SATA','1 TB','HDD Western Digital Se 1 TB',NULL);
/*!40000 ALTER TABLE `hdd` ENABLE KEYS */;
UNLOCK TABLES;

--
-- Table structure for table `hdd_price_list`
--

DROP TABLE IF EXISTS `hdd_price_list`;
/*!40101 SET @saved_cs_client     = @@character_set_client */;
/*!50503 SET character_set_client = utf8mb4 */;
CREATE TABLE `hdd_price_list` (
  `Id` int NOT NULL AUTO_INCREMENT,
  `link` text NOT NULL,
  `img` text NOT NULL,
  `name` text NOT NULL,
  `price` int NOT NULL,
  `logo` text NOT NULL,
  `retailer` varchar(100) NOT NULL,
  `fid` varchar(100) NOT NULL,
  PRIMARY KEY (`Id`),
  KEY `fid` (`fid`),
  CONSTRAINT `hdd_price_list_ibfk_1` FOREIGN KEY (`fid`) REFERENCES `hdd` (`ID`)
) ENGINE=InnoDB AUTO_INCREMENT=29 DEFAULT CHARSET=utf8;
/*!40101 SET character_set_client = @saved_cs_client */;

--
-- Dumping data for table `hdd_price_list`
--

LOCK TABLES `hdd_price_list` WRITE;
/*!40000 ALTER TABLE `hdd_price_list` DISABLE KEYS */;
INSERT INTO `hdd_price_list` VALUES (1,'https://www.anphatpc.com.vn/o-cung-western-digital-datacenter-re-1tb-sata_id20350.html','https://anphat.com.vn/media/product/250_20350_56c01fed545b0b8bf6fe7afdbcb2f257a706b470.jpg','Ổ cứng Western Digital Datacenter RE 1TB SATA',2510000,'https://www.anphatpc.com.vn/template/anphat_2020/images/anphatpc.png','AnPhatPC','wd-re-1024-3.5sata'),(2,'https://www.anphatpc.com.vn/o-cung-western-digital-enterprise-re-3tb-sata_id20345.html','https://anphat.com.vn/media/product/250_20345_wd3000fyyz.jpg','Ổ cứng Western Digital Enterprise RE 3TB SATA',7060000,'https://www.anphatpc.com.vn/template/anphat_2020/images/anphatpc.png','AnPhatPC','wd-re-3072-3.5sata'),(3,'https://www.anphatpc.com.vn/o-cung-western-digital-enterprise-re-4tb-sata_id20347.html','https://anphat.com.vn/media/product/250_20347_hd_w4000re.jpg','Ổ cứng Western Digital Enterprise RE 4TB SATA',9080000,'https://www.anphatpc.com.vn/template/anphat_2020/images/anphatpc.png','AnPhatPC','wd-re-4096-3.5sata'),(4,'https://www.anphatpc.com.vn/seagate-pipeline-hd-500gb-8mb-cache-sata-30gbs-st3500312cs_id16190.html','https://anphat.com.vn/media/product/250_16190_.jpg','Ổ cứng Seagate Pipeline HD 500GB 8MB cache',1520000,'https://www.anphatpc.com.vn/template/anphat_2020/images/anphatpc.png','AnPhatPC','seagate-pipeline-hd-500-3.5sata'),(5,'https://www.anphatpc.com.vn/seagate-pipeline-hd-1tb-64mb-cache-sata-30gbs-st1000vm002_id16191.html','https://anphat.com.vn/media/product/250_16191_.jpg','Ổ cứng Seagate Pipeline HD 1TB 64MB Cache',1820000,'https://www.anphatpc.com.vn/template/anphat_2020/images/anphatpc.png','AnPhatPC','seagate-pipeline-hd-1024-3.5sata'),(6,'https://www.anphatpc.com.vn/seagate-pipeline-hd-2tb-64mb-cache-sata-30gbs-st2000vm003_id16192.html','https://anphat.com.vn/media/product/250_16192_.jpg','Ổ cứng Seagate Pipeline HD 2TB 64MB cache',2530000,'https://www.anphatpc.com.vn/template/anphat_2020/images/anphatpc.png','AnPhatPC','seagate-pipeline-hd-2048-3.5sata'),(7,'https://www.anphatpc.com.vn/o-cung-western-digital-enterprise-se-1tb-sata_id20348.html','https://anphat.com.vn/media/product/250_20348_wd1002f9yz.jpg','Ổ cứng Western Digital Enterprise Se 1TB SATA',2360000,'https://www.anphatpc.com.vn/template/anphat_2020/images/anphatpc.png','AnPhatPC','wd-se-1024-3.5sata'),(8,'https://www.anphatpc.com.vn/o-cung-western-digital-enterprise-re-500gb-sata_id11269.html','https://anphat.com.vn/media/product/250_11269_en_500.jpg','Ổ cứng Western Digital Enterprise RE 500GB SATA',2210000,'https://www.anphatpc.com.vn/template/anphat_2020/images/anphatpc.png','AnPhatPC','wd-re-500-3.5sata'),(9,'https://www.anphatpc.com.vn/o-cung-western-digital-enterprise-re-1tb-sata_id11270.html','https://anphat.com.vn/media/product/250_11270_en_1tb.jpg','Ổ cứng Western Digital Enterprise RE 1TB SATA',2580000,'https://www.anphatpc.com.vn/template/anphat_2020/images/anphatpc.png','AnPhatPC','wd-re-1024-3.5sata'),(10,'https://www.anphatpc.com.vn/o-cung-western-digital-enterprise-re-2tb-sata_id11271.html','https://anphat.com.vn/media/product/250_11271_en_2tb.jpg','Ổ cứng Western Digital Enterprise RE 2TB SATA',4310000,'https://www.anphatpc.com.vn/template/anphat_2020/images/anphatpc.png','AnPhatPC','wd-re-2048-3.5sata'),(11,'https://www.anphatpc.com.vn/o-cung-seagate-ironwolf-pro-14tb-sata-7200rpm-st14000ne0008_id33894.html','https://anphat.com.vn/media/product/250_33894_st14000ne0008.jpg','Ổ cứng Seagate Ironwolf Pro 14TB SATA 7200rpm (ST14000NE0008) ',14199000,'https://www.anphatpc.com.vn/template/anphat_2020/images/anphatpc.png','AnPhatPC','seagate-ironwolf-pro-14336-3.5sata'),(12,'https://www.anphatpc.com.vn/o-cung-seagate-ironwolf-pro-16tb-sata-7200rpm-st16000ne000_id33895.html','https://anphat.com.vn/media/product/250_33895_51409_hdd_nas_seagate_ironwolf_pro_16tb.jpg','Ổ cứng Seagate Ironwolf Pro 16TB SATA 7200rpm (ST16000NE000) ',15990000,'https://www.anphatpc.com.vn/template/anphat_2020/images/anphatpc.png','AnPhatPC','seagate-ironwolf-pro-16384-3.5sata'),(13,'https://www.anphatpc.com.vn/o-cung-western-digital-caviar-black-1tb-64mb-cache_id11263.html','https://anphat.com.vn/media/product/250_11263_black_1t.jpg','Ổ cứng Western Digital Caviar Black 1TB 64MB Cache',1950000,'https://www.anphatpc.com.vn/template/anphat_2020/images/anphatpc.png','AnPhatPC','wd-black2-1024-2.5sata'),(14,'https://www.anphatpc.com.vn/o-cung-seagate-skyhawk-ai-10tb-3-5-st10000ve0008-chuyen-dung-cho-camera_id30809.html','https://anphat.com.vn/media/product/250_30809_st10000ve0008__1.jpg','Ổ cứng Seagate Skyhawk AI 10TB 3.5\'\' ST10000VE0008 (Chuyên dụng cho Camera)',8399000,'https://www.anphatpc.com.vn/template/anphat_2020/images/anphatpc.png','AnPhatPC','seagate-skyhawk-ai-10240-3.5sata'),(15,'https://www.anphatpc.com.vn/o-cung-sshd-seagate-firecuda-1tb-25-128mb-cache_id24857.html','https://anphat.com.vn/media/product/250_24857_____c___ng_sshd_seagate_firecuda_1tb_2_5___128mb__st1000lx015__1.jpg','Ổ cứng SSHD Seagate Firecuda 1TB 2.5\'\' 128MB (ST1000LX015)',1790000,'https://www.anphatpc.com.vn/template/anphat_2020/images/anphatpc.png','AnPhatPC','seagate-firecuda-1024-2.5sata'),(16,'https://www.anphatpc.com.vn/o-cung-seagate-firecuda-1tb-35-sata-st1000dx002_id22622.html','https://anphat.com.vn/media/product/250_22622_____c___ng_seagate_firecuda_1tb_st1000dx002_1.jpg','Ổ cứng Seagate FireCuda 1TB 3.5\" SATA ST1000DX002 SSHD',1850000,'https://www.anphatpc.com.vn/template/anphat_2020/images/anphatpc.png','AnPhatPC','seagate-firecuda-1024-2.5sata'),(17,'https://www.anphatpc.com.vn/o-cung-western-digital-red-1tb-64mb-cache_id11265.html','https://anphat.com.vn/media/product/250_11265_red_1tb.jpg','Ổ cứng Western Digital Red 1TB 64MB Cache',1550000,'https://www.anphatpc.com.vn/template/anphat_2020/images/anphatpc.png','AnPhatPC','wd-re4-1024-3.5sata'),(18,'https://www.anphatpc.com.vn/o-cung-western-digital-red-2tb-256mb-cache_id11266.html','https://anphat.com.vn/media/product/250_11266_2tbred.jpg','Ổ cứng Western Digital Red 2TB 256MB Cache',2010000,'https://www.anphatpc.com.vn/template/anphat_2020/images/anphatpc.png','AnPhatPC','wd-re4-2048-3.5sata'),(19,'https://www.hanoicomputer.vn/o-cung-gan-trong-seagate-skyhawk-ai-8tb-7200rpm-sata-3.5-st8000ve000','https://hanoicomputercdn.com/media/product/250_47156_____c___ng_g___n_trong_seagate_skyhawk_ai_8tb.jpg','Ổ cứng gắn trong Seagate SkyHawk AI 8TB 7200rpm SATA 3.5 inch ( ST8000VE000 ) ',6699000,'https://hanoicomputercdn.com/media/lib/logo-trang.png','HanoiComputer','seagate-skyhawk-ai-8192-3.5sata'),(20,'https://gearvn.com/products/hdd-seagate-barracuda-3tb-5200rpm','https://product.hstatic.net/1000026716/product/hdd_seagate_baracuda_3tb_c71d13e7103a4749ac75660e3eda341d_large.jpg','HDD Seagate Barracuda 3TB 5200rpm',2350000,'https://theme.hstatic.net/1000026716/1000440777/14/logo.svg?v=16422','GearVN','seagate-barracuda-3072-3.5sata'),(21,'https://gearvn.com/products/hdd-seagate-barracuda-4tb-5400rpm','https://product.hstatic.net/1000026716/product/hdd_seagate_baracuda_4tb_gearvn00_efd02c4f0c3844d1a9fa38f83c59e11c_large.jpg','HDD Seagate Barracuda 4TB 5400rpm',2950000,'https://theme.hstatic.net/1000026716/1000440777/14/logo.svg?v=16422','GearVN','seagate-barracuda-4096-3.5sata'),(22,'https://gearvn.com/products/hdd-seagate-barracuda-6tb-5400rpm','https://product.hstatic.net/1000026716/product/hdd_seagate_baracuda_6tb_gearvn00_fb59e26dc92c43edb73cdefeab17427c_large.jpg','HDD Seagate Barracuda 6TB 5400rpm',4950000,'https://theme.hstatic.net/1000026716/1000440777/14/logo.svg?v=16422','GearVN','seagate-barracuda-6144-3.5sata'),(23,'https://gearvn.com/products/hdd-seagate-ironwolf-pro-14tb-7200rpm','https://product.hstatic.net/1000026716/product/hdd_seagate_ironwolf_14tb_gearvn00_db80430925ad487b97f5715d9b2b0cd8_large.jpg','HDD Seagate Ironwolf PRO 14TB 7200rpm',14490000,'https://theme.hstatic.net/1000026716/1000440777/14/logo.svg?v=16422','GearVN','seagate-ironwolf-pro-14336-3.5sata'),(24,'https://gearvn.com/products/hdd-seagate-ironwolf-pro-12tb-7200rpm','https://product.hstatic.net/1000026716/product/hdd_seagate_ironwolf_12tb_gearrvn00_94ca9ec381254ecba9b76db749eb84ea_large.jpg','HDD Seagate Ironwolf PRO 12TB 7200rpm',11990000,'https://theme.hstatic.net/1000026716/1000440777/14/logo.svg?v=16422','GearVN','seagate-ironwolf-pro-12288-3.5sata'),(25,'https://gearvn.com/products/hdd-seagate-ironwolf-pro-10tb-7200rpm','https://product.hstatic.net/1000026716/product/hdd_seagate_ironwolf_10tb_b59a30485fbc430bb7fcceacabfe4d5c_large.jpg','HDD Seagate Ironwolf PRO 10TB 7200rpm',12700000,'https://theme.hstatic.net/1000026716/1000440777/14/logo.svg?v=16422','GearVN','seagate-ironwolf-pro-10240-3.5sata'),(26,'https://gearvn.com/products/hdd-seagate-ironwolf-pro-4tb-7200rpm','https://product.hstatic.net/1000026716/product/hdd_seagate_ironwolf_4tb_09ba2e0b7a52403c857123e1183c1448_large.jpg','HDD Seagate Ironwolf PRO 4TB 7200rpm',5090000,'https://theme.hstatic.net/1000026716/1000440777/14/logo.svg?v=16422','GearVN','seagate-ironwolf-pro-4096-3.5sata'),(27,'https://gearvn.com/products/hdd-seagate-ironwolf-pro-6tb-7200rpm','https://product.hstatic.net/1000026716/product/hdd_seagate_ironwolf_6tb_gearvn00_494ae91539ee4b4193508d4d619ca70f_large.jpg','HDD Seagate Ironwolf PRO 6TB 7200rpm',7900000,'https://theme.hstatic.net/1000026716/1000440777/14/logo.svg?v=16422','GearVN','seagate-ironwolf-pro-6144-3.5sata'),(28,'https://gearvn.com/products/hdd-seagate-ironwolf-pro-8tb-7200rpm','https://product.hstatic.net/1000026716/product/hdd_seagate_ironwolf_8tb_gearvn00_356fda9588be4753aea0286830244006_large.jpg','HDD Seagate Ironwolf PRO 8TB 7200rpm',8690000,'https://theme.hstatic.net/1000026716/1000440777/14/logo.svg?v=16422','GearVN','seagate-ironwolf-pro-8192-3.5sata');
/*!40000 ALTER TABLE `hdd_price_list` ENABLE KEYS */;
UNLOCK TABLES;

--
-- Table structure for table `mainboard`
--

DROP TABLE IF EXISTS `mainboard`;
/*!40101 SET @saved_cs_client     = @@character_set_client */;
/*!50503 SET character_set_client = utf8mb4 */;
CREATE TABLE `mainboard` (
  `ID` varchar(100) NOT NULL,
  `manufacturer` varchar(100) NOT NULL,
  `serieName` varchar(100) NOT NULL,
  `chipset` varchar(100) NOT NULL,
  `socket` varchar(100) NOT NULL,
  `size` varchar(100) NOT NULL,
  `slot` int NOT NULL,
  `sizeOfRam` varchar(100) NOT NULL,
  `fullname` text NOT NULL,
  `formfactor` varchar(255) DEFAULT NULL,
  PRIMARY KEY (`ID`)
) ENGINE=InnoDB DEFAULT CHARSET=utf8;
/*!40101 SET character_set_client = @saved_cs_client */;

--
-- Dumping data for table `mainboard`
--

LOCK TABLES `mainboard` WRITE;
/*!40000 ALTER TABLE `mainboard` DISABLE KEYS */;
INSERT INTO `mainboard` VALUES ('asrock-a320m-dvs-r4.0','ASRock','M-DVS R4.0','A320','AM4','Micro ATX',2,'32 GB','ASRock A320M-DVS R4.0',NULL),('asrock-a320m-hdv-r4.0','ASRock','M-HDV R4.0','A320','AM4','Micro ATX',2,'32 GB','ASRock A320M-HDV R4.0',NULL),('asrock-a520m-hdvp','ASRock','M-HDVP','A520','AM4','Micro ATX',2,'64 GB','ASRock A520M-HDVP',NULL),('asrock-a520m-hdvp/dash','ASRock','M-HDVP/DASH','A520','AM4','Micro ATX',2,'64 GB','ASRock A520M-HDVP/DASH',NULL),('asrock-a520m-itx/ac','ASRock','M-ITX/ac','A520','AM4','Mini ITX',2,'64 GB','ASRock A520M-ITX/ac',NULL),('asrock-b365-phantom-gaming-4','ASRock','Phantom Gaming 4','B365','LGA1151','ATX',4,'128 GB','ASRock B365 Phantom Gaming 4',NULL),('asrock-b365-pro4','ASRock','Pro4','B365','LGA1151','ATX',4,'64 GB','ASRock B365 Pro4',NULL),('asrock-b450-steel-legend','ASRock','Steel Legend','B450','AM4','ATX',4,'64 GB','ASRock B450 Steel Legend',NULL),('asrock-b450m-pro4-f','ASRock','M Pro4-F','B450','AM4','Micro ATX',4,'64 GB','ASRock B450M Pro4-F',NULL),('asrock-b450m-steel-legend','ASRock','M Steel Legend','B450','AM4','Micro ATX',4,'64 GB','ASRock B450M Steel Legend',NULL),('asrock-b460-phantom-gaming-4','ASRock','Phantom Gaming 4','B460','LGA1200','ATX',4,'128 GB','ASRock B460 Phantom Gaming 4',NULL),('asrock-b460-pro4','ASRock','Pro4','B460','LGA1200','ATX',4,'128 GB','ASRock B460 Pro4',NULL),('asrock-b460-steel-legend','ASRock','Steel Legend','B460','LGA1200','ATX',4,'128 GB','ASRock B460 Steel Legend',NULL),('asrock-b460m-itx/ac','ASRock','M-ITX/ac','B460','LGA1200','Mini ITX',2,'64 GB','ASRock B460M-ITX/ac',NULL),('asrock-b460m-pro4','ASRock','M Pro4','B460','LGA1200','Micro ATX',4,'128 GB','ASRock B460M Pro4',NULL),('asrock-b460m-steel-legend','ASRock','M Steel Legend','B460','LGA1200','Micro ATX',4,'128 GB','ASRock B460M Steel Legend',NULL),('asrock-b550-extreme4','ASRock','Extreme4','B550','AM4','ATX',4,'128 GB','ASRock B550 Extreme4',NULL),('asrock-b550-pg-velocita','ASRock','PG Velocita','B550','AM4','ATX',4,'128 GB','ASRock B550 PG Velocita',NULL),('asrock-b550-steel-legend','ASRock','Steel Legend','B550','AM4','ATX',4,'128 GB','ASRock B550 Steel Legend',NULL),('asrock-b550-taichi','ASRock','Taichi','B550','AM4','ATX',4,'128 GB','ASRock B550 Taichi',NULL),('asrock-b550m-itx/ac','ASRock','M-ITX/ac','B550','AM4','Mini ITX',2,'64 GB','ASRock B550M-ITX/ac',NULL),('asrock-b550m-pro4','ASRock','M Pro4','B550','AM4','Micro ATX',4,'128 GB','ASRock B550M Pro4',NULL),('asrock-b550m-steel-legend','ASRock','M Steel Legend','B550','AM4','Micro ATX',4,'128 GB','ASRock B550M Steel Legend',NULL),('asrock-h310cm-dvs','ASRock','CM-DVS','H310','LGA1151','Micro ATX',2,'32 GB','ASRock H310CM-DVS',NULL),('asrock-h310cm-hdv','ASRock','CM-HDV','H310','LGA1151','Micro ATX',2,'32 GB','ASRock H310CM-HDV',NULL),('asrock-h310cm-hdv/m.2','ASRock','CM-HDV/M.2','H310','LGA1151','Micro ATX',2,'32 GB','ASRock H310CM-HDV/M.2',NULL),('asrock-h410m-hdv/m.2','ASRock','M-HDV/M.2','H410','LGA1200','Micro ATX',2,'64 GB','ASRock H410M-HDV/M.2',NULL),('asrock-h410m-hdvp','ASRock','M-HDVP','H410','LGA1200','Micro ATX',2,'64 GB','ASRock H410M-HDVP',NULL),('asrock-h410m-hvs','ASRock','M-HVS','H410','LGA1200','Micro ATX',2,'64 GB','ASRock H410M-HVS',NULL),('asrock-x570-steel-legend','ASRock','Steel Legend','X570','AM4','ATX',4,'128 GB','ASRock X570 Steel Legend',NULL),('asrock-x570-taichi','ASRock','Taichi','X570','AM4','ATX',4,'128 GB','ASRock X570 Taichi',NULL),('asrock-z390-phantom-gaming-6','ASRock','Phantom Gaming 6','Z390','LGA1151','ATX',4,'128 GB','ASRock Z390 Phantom Gaming 6',NULL),('asrock-z390-phantom-gaming-7','ASRock','PHANTOM GAMING 7','Z390','LGA1151','ATX',4,'128 GB','ASRock Z390 PHANTOM GAMING 7',NULL),('asrock-z390-steel-legend','ASRock','STEEL LEGEND','Z390','LGA1151','ATX',4,'128 GB','ASRock Z390 STEEL LEGEND',NULL),('asrock-z390-taichi','ASRock','Taichi','Z390','LGA1151','ATX',4,'128 GB','ASRock Z390 Taichi',NULL),('asrock-z390-taichi-ultimate','ASRock','Taichi Ultimate','Z390','LGA1151','ATX',4,'128 GB','ASRock Z390 Taichi Ultimate',NULL),('asrock-z490-extreme4','ASRock','Extreme4','Z490','LGA1200','ATX',4,'128 GB','ASRock Z490 Extreme4',NULL),('asrock-z490-phantom-gaming-4','ASRock','Phantom Gaming 4','Z490','LGA1200','ATX',4,'128 GB','ASRock Z490 Phantom Gaming 4',NULL),('asrock-z490-phantom-gaming-itx/tb3','ASRock','Z490 Phantom Gaming-ITX/TB3','B3Z490','LGA1200','Mini ITX',2,'64 GB','ASRock Z490 Phantom Gaming-ITX/TB3',NULL),('asrock-z490-pro4','ASRock','Pro4','Z490','LGA1200','ATX',4,'128 GB','ASRock Z490 Pro4',NULL),('asrock-z490-steel-legend','ASRock','Steel Legend','Z490','LGA1200','ATX',4,'128 GB','ASRock Z490 Steel Legend',NULL),('asrock-z490-taichi','ASRock','Taichi','Z490','LGA1200','ATX',4,'128 GB','ASRock Z490 Taichi',NULL),('asrock-z490m-itx/ac','ASRock','M-ITX/ac','Z490','LGA1200','Mini ITX',2,'64 GB','ASRock Z490M-ITX/ac',NULL),('asrock-z490m-pro4','ASRock','M Pro4','Z490','LGA1200','Micro ATX',4,'128 GB','ASRock Z490M Pro4',NULL),('asus-ex-b360m-v5','Asus','EX-M-V5','B360','LGA1151','Micro ATX',2,'32 GB','Asus EX-B360M-V5',NULL),('asus-prime-a320m-k','Asus','PRIME M-K','A320','AM4','Micro ATX',2,'32 GB','Asus PRIME A320M-K',NULL),('asus-prime-a520m-e','Asus','PRIME M-E','A520','AM4','Micro ATX',2,'64 GB','Asus PRIME A520M-E',NULL),('asus-prime-a520m-k','Asus','PRIME M-K','A520','AM4','Micro ATX',2,'64 GB','Asus PRIME A520M-K',NULL),('asus-prime-b365m-k','Asus','PRIME M-K','B365','LGA1151','Micro ATX',2,'32 GB','Asus PRIME B365M-K',NULL),('asus-prime-b460-plus','Asus','PRIME -PLUS','B460','LGA1200','ATX',4,'128 GB','Asus PRIME B460-PLUS',NULL),('asus-prime-b460m-k','Asus','PRIME M-K','B460','LGA1200','Micro ATX',2,'64 GB','Asus PRIME B460M-K',NULL),('asus-prime-b550m-a','Asus','PRIME M-A','B550','AM4','Micro ATX',4,'128 GB','Asus PRIME B550M-A',NULL),('asus-prime-b550m-k','Asus','PRIME M-K','B550','AM4','Micro ATX',4,'128 GB','Asus PRIME B550M-K',NULL),('asus-prime-h310m-e','Asus','PRIME M-E','H310','LGA1151','Micro ATX',2,'32 GB','Asus PRIME H310M-E',NULL),('asus-prime-h310m-e-r2.0','Asus','PRIME M-E R2.0','H310','LGA1151','Micro ATX',2,'32 GB','Asus PRIME H310M-E R2.0',NULL),('asus-prime-h410m-d','Asus','PRIME M-D','H410','LGA1200','Micro ATX',2,'64 GB','Asus PRIME H410M-D',NULL),('asus-prime-h410m-e','Asus','PRIME M-E','H410','LGA1200','Micro ATX',2,'64 GB','Asus PRIME H410M-E',NULL),('asus-prime-h410m-k','Asus','PRIME M-K','H410','LGA1200','Micro ATX',2,'64 GB','Asus PRIME H410M-K',NULL),('asus-prime-x570-p','Asus','PRIME -P','X570','AM4','ATX',4,'128 GB','Asus PRIME X570-P',NULL),('asus-prime-z390-a','Asus','PRIME -A','Z390','LGA1151','ATX',4,'128 GB','Asus PRIME Z390-A',NULL),('asus-prime-z390-p','Asus','PRIME -P','Z390','LGA1151','ATX',4,'128 GB','Asus PRIME Z390-P',NULL),('asus-prime-z390m-plus','Asus','PRIME M-PLUS','Z390','LGA1151','Micro ATX',4,'128 GB','Asus PRIME Z390M-PLUS',NULL),('asus-prime-z490-p','Asus','PRIME -P','Z490','LGA1200','ATX',4,'128 GB','Asus PRIME Z490-P',NULL),('asus-prime-z490m-plus','Asus','PRIME M-PLUS','Z490','LGA1200','Micro ATX',4,'128 GB','Asus PRIME Z490M-PLUS',NULL),('asus-pro-ws-x570-ace','Asus','Pro WS -ACE','X570','AM4','ATX',4,'128 GB','Asus Pro WS X570-ACE',NULL),('asus-proart-z490-creator-10g','Asus','ProART -CREATOR 10G','Z490','LGA1200','ATX',4,'128 GB','Asus ProART Z490-CREATOR 10G',NULL),('asus-rog-crosshair-viii-formula','Asus','ROG Crosshair VIII Formula','X570','AM4','ATX',4,'128 GB','Asus ROG Crosshair VIII Formula',NULL),('asus-rog-crosshair-viii-hero','Asus','ROG Crosshair VIII Hero','X570','AM4','ATX',4,'128 GB','Asus ROG Crosshair VIII Hero',NULL),('asus-rog-crosshair-viii-hero-(wi-fi)','Asus','ROG Crosshair VIII Hero (WI-FI)','X570','AM4','ATX',4,'128 GB','Asus ROG Crosshair VIII Hero (WI-FI)',NULL),('asus-rog-maximus-x-code','Asus','ROG MAXIMUS X CODE','Z370','LGA1151','ATX',4,'64 GB','Asus ROG MAXIMUS X CODE',NULL),('asus-rog-maximus-x-formula','Asus','ROG MAXIMUS X FORMULA','Z370','LGA1151','ATX',4,'64 GB','Asus ROG MAXIMUS X FORMULA',NULL),('asus-rog-maximus-x-hero','Asus','ROG MAXIMUS X HERO','Z370','LGA1151','ATX',4,'64 GB','Asus ROG MAXIMUS X HERO',NULL),('asus-rog-maximus-x-hero-(wi-fi-ac)','Asus','ROG MAXIMUS X HERO (WI-FI AC)','Z370','LGA1151','ATX',4,'64 GB','Asus ROG MAXIMUS X HERO (WI-FI AC)',NULL),('asus-rog-maximus-xi-apex','Asus','ROG MAXIMUS XI APEX','Z390','LGA1151','ATX',2,'64 GB','Asus ROG MAXIMUS XI APEX',NULL),('asus-rog-maximus-xi-extreme','Asus','ROG MAXIMUS XI EXTREME','Z390','LGA1151','EATX',4,'128 GB','Asus ROG MAXIMUS XI EXTREME',NULL),('asus-rog-maximus-xi-formula','Asus','ROG MAXIMUS XI FORMULA','Z390','LGA1151','ATX',4,'128 GB','Asus ROG MAXIMUS XI FORMULA',NULL),('asus-rog-maximus-xi-hero','Asus','ROG MAXIMUS XI HERO','Z390','LGA1151','ATX',4,'128 GB','Asus ROG MAXIMUS XI HERO',NULL),('asus-rog-maximus-xi-hero-(wi-fi)','Asus','ROG MAXIMUS XI HERO (WI-FI)','Z390','LGA1151','ATX',4,'128 GB','Asus ROG MAXIMUS XI HERO (WI-FI)',NULL),('asus-rog-maximus-xii-apex','Asus','ROG MAXIMUS XII APEX','Z490','LGA1200','ATX',2,'64 GB','Asus ROG MAXIMUS XII APEX',NULL),('asus-rog-maximus-xii-extreme','Asus','ROG MAXIMUS XII EXTREME','Z490','LGA1200','EATX',4,'128 GB','Asus ROG MAXIMUS XII EXTREME',NULL),('asus-rog-maximus-xii-formula','Asus','ROG MAXIMUS XII FORMULA','Z490','LGA1200','ATX',4,'128 GB','Asus ROG MAXIMUS XII FORMULA',NULL),('asus-rog-maximus-xii-hero-(wi-fi)','Asus','ROG MAXIMUS XII HERO (WI-FI)','Z490','LGA1200','ATX',4,'128 GB','Asus ROG MAXIMUS XII HERO (WI-FI)',NULL),('asus-rog-strix-b360-f-gaming','Asus','ROG STRIX -F GAMING','B360','LGA1151','ATX',4,'64 GB','Asus ROG STRIX B360-F GAMING',NULL),('asus-rog-strix-b360-g-gaming','Asus','ROG STRIX -G GAMING','B360','LGA1151','Micro ATX',4,'64 GB','Asus ROG STRIX B360-G GAMING',NULL),('asus-rog-strix-b360-i-gaming','Asus','ROG STRIX -I GAMING','B360','LGA1151','Mini ITX',2,'32 GB','Asus ROG STRIX B360-I GAMING',NULL),('asus-rog-strix-b365-f-gaming','Asus','ROG STRIX -F GAMING','B365','LGA1151','ATX',4,'64 GB','Asus ROG STRIX B365-F GAMING',NULL),('asus-rog-strix-b365-g-gaming','Asus','ROG STRIX -G GAMING','B365','LGA1151','Micro ATX',4,'64 GB','Asus ROG STRIX B365-G GAMING',NULL),('asus-rog-strix-b450-f-gaming','Asus','ROG STRIX -F GAMING','B450','AM4','ATX',4,'64 GB','Asus ROG STRIX B450-F GAMING',NULL),('asus-rog-strix-b460-f-gaming','Asus','ROG STRIX -F GAMING','B460','LGA1200','ATX',4,'128 GB','Asus ROG STRIX B460-F GAMING',NULL),('asus-rog-strix-b460-g-gaming','Asus','ROG STRIX -G GAMING','B460','LGA1200','Micro ATX',4,'128 GB','Asus ROG STRIX B460-G GAMING',NULL),('asus-rog-strix-b460-h-gaming','Asus','ROG STRIX -H GAMING','B460','LGA1200','ATX',4,'128 GB','Asus ROG STRIX B460-H GAMING',NULL),('asus-rog-strix-b460-i-gaming','Asus','ROG STRIX -I GAMING','B460','LGA1200','Mini ITX',2,'64 GB','Asus ROG STRIX B460-I GAMING',NULL),('asus-rog-strix-b550-e-gaming','Asus','ROG STRIX -E GAMING','B550','AM4','ATX',4,'128 GB','Asus ROG STRIX B550-E GAMING',NULL),('asus-rog-strix-b550-f-gaming','Asus','ROG STRIX -F GAMING','B550','AM4','ATX',4,'128 GB','Asus ROG STRIX B550-F GAMING',NULL),('asus-rog-strix-b550-f-gaming-(wi-fi)','Asus','ROG STRIX -F GAMING (WI-FI)','B550','AM4','ATX',4,'128 GB','Asus ROG STRIX B550-F GAMING (WI-FI)',NULL),('asus-rog-strix-b550-i-gaming','Asus','ROG STRIX -I GAMING','B550','AM4','Mini ITX',2,'64 GB','Asus ROG STRIX B550-I GAMING',NULL),('asus-rog-strix-x570-f-gaming','Asus','ROG Strix -F Gaming','X570','AM4','ATX',4,'128 GB','Asus ROG Strix X570-F Gaming',NULL),('asus-rog-strix-z370-i-gaming','Asus','ROG Strix -I Gaming','Z370','LGA1151','Mini ITX',2,'32 GB','Asus ROG Strix Z370-I Gaming',NULL),('asus-rog-strix-z390-e-gaming','Asus','ROG STRIX -E GAMING','Z390','LGA1151','ATX',4,'128 GB','Asus ROG STRIX Z390-E GAMING',NULL),('asus-rog-strix-z390-f-gaming','Asus','ROG STRIX -F GAMING','Z390','LGA1151','ATX',4,'128 GB','Asus ROG STRIX Z390-F GAMING',NULL),('asus-rog-strix-z390-h-gaming','Asus','ROG STRIX -H GAMING','Z390','LGA1151','ATX',4,'128 GB','Asus ROG STRIX Z390-H GAMING',NULL),('asus-rog-strix-z390-i-gaming','Asus','ROG STRIX -I GAMING','Z390','LGA1151','Mini ITX',2,'64 GB','Asus ROG STRIX Z390-I GAMING',NULL),('asus-rog-strix-z490-a-gaming','Asus','ROG STRIX -A GAMING','Z490','LGA1200','ATX',4,'128 GB','Asus ROG STRIX Z490-A GAMING',NULL),('asus-rog-strix-z490-f-gaming','Asus','ROG STRIX -F GAMING','Z490','LGA1200','ATX',4,'128 GB','Asus ROG STRIX Z490-F GAMING',NULL),('asus-rog-strix-z490-g-gaming','Asus','ROG STRIX -G GAMING','Z490','LGA1200','Micro ATX',4,'128 GB','Asus ROG STRIX Z490-G GAMING',NULL),('asus-rog-strix-z490-g-gaming-(wi-fi)','Asus','ROG STRIX -G GAMING (WI-FI)','Z490','LGA1200','Micro ATX',4,'128 GB','Asus ROG STRIX Z490-G GAMING (WI-FI)',NULL),('asus-rog-strix-z490-h-gaming','Asus','ROG STRIX -H GAMING','Z490','LGA1200','ATX',4,'128 GB','Asus ROG STRIX Z490-H GAMING',NULL),('asus-rog-strix-z490-i-gaming','Asus','ROG STRIX -I GAMING','Z490','LGA1200','Mini ITX',2,'64 GB','Asus ROG STRIX Z490-I GAMING',NULL),('asus-strix-b350-f-gaming','Asus','STRIX -F GAMING','B350','AM4','ATX',4,'64 GB','Asus STRIX B350-F GAMING',NULL),('asus-tuf-gaming-a520m-plus','Asus','TUF GAMING M-PLUS','A520','AM4','Micro ATX',4,'128 GB','Asus TUF GAMING A520M-PLUS',NULL),('asus-tuf-gaming-b460-plus','Asus','TUF GAMING -PLUS','B460','LGA1200','ATX',4,'128 GB','Asus TUF GAMING B460-PLUS',NULL),('asus-tuf-gaming-b460-pro-(wi-fi)','Asus','TUF GAMING -PRO (WI-FI)','B460','LGA1200','ATX',4,'128 GB','Asus TUF GAMING B460-PRO (WI-FI)',NULL),('asus-tuf-gaming-b460m-plus','Asus','TUF GAMING M-PLUS','B460','LGA1200','Micro ATX',4,'128 GB','Asus TUF GAMING B460M-PLUS',NULL),('asus-tuf-gaming-b460m-plus-(wi-fi)','Asus','TUF GAMING M-PLUS (WI-FI)','B460','LGA1200','Micro ATX',4,'128 GB','Asus TUF GAMING B460M-PLUS (WI-FI)',NULL),('asus-tuf-gaming-b550-plus','Asus','TUF GAMING -PLUS','B550','AM4','ATX',4,'128 GB','Asus TUF GAMING B550-PLUS',NULL),('asus-tuf-gaming-b550m-plus','Asus','TUF GAMING M-PLUS','B550','AM4','Micro ATX',4,'128 GB','Asus TUF GAMING B550M-PLUS',NULL),('asus-tuf-gaming-z490-plus','Asus','TUF GAMING -PLUS','Z490','LGA1200','ATX',4,'128 GB','Asus TUF GAMING Z490-PLUS',NULL),('asus-tuf-gaming-z490-plus-(wi-fi)','Asus','TUF GAMING -PLUS (WI-FI)','Z490','LGA1200','ATX',4,'128 GB','Asus TUF GAMING Z490-PLUS (WI-FI)',NULL),('asus-tuf-z390-plus-gaming','Asus','TUF -PLUS GAMING','Z390','LGA1151','ATX',4,'128 GB','Asus TUF Z390-PLUS GAMING',NULL),('asus-ws-z390-pro','Asus','WS PRO','Z390','LGA1151','ATX',4,'128 GB','Asus WS Z390 PRO',NULL),('gigabyte-a520-aorus-elite','Gigabyte','AORUS ELITE','A520','AM4','ATX',4,'128 GB','Gigabyte A520 AORUS ELITE',NULL),('gigabyte-a520i-ac','Gigabyte','I AC','A520','AM4','Mini ITX',2,'64 GB','Gigabyte A520I AC',NULL),('gigabyte-a520m-aorus-elite','Gigabyte','M AORUS ELITE','A520','AM4','Micro ATX',4,'128 GB','Gigabyte A520M AORUS ELITE',NULL),('gigabyte-a520m-s2h','Gigabyte','M S2H','A520','AM4','Micro ATX',2,'64 GB','Gigabyte A520M S2H',NULL),('gigabyte-b360-aorus-gaming-3','Gigabyte','AORUS GAMING 3','B360','LGA1151','ATX',4,'64 GB','Gigabyte B360 AORUS GAMING 3',NULL),('gigabyte-b360m-aorus-gaming-3','Gigabyte','M AORUS GAMING 3','B360','LGA1151','Micro ATX',4,'64 GB','Gigabyte B360M AORUS GAMING 3',NULL),('gigabyte-b360m-d2v','Gigabyte','M D2V','B360','LGA1151','Micro ATX',2,'32 GB','Gigabyte B360M D2V',NULL),('gigabyte-b365-m-aorus-elite','Gigabyte','M AORUS ELITE','B365','LGA1151','Micro ATX',4,'64 GB','Gigabyte B365 M AORUS ELITE',NULL),('gigabyte-b365m-d2v','Gigabyte','M D2V','B365','LGA1151','Micro ATX',2,'32 GB','Gigabyte B365M D2V',NULL),('gigabyte-b450-aorus-m','Gigabyte','AORUS M','B450','AM4','Micro ATX',4,'64 GB','Gigabyte B450 AORUS M',NULL),('gigabyte-b450m-aorus-elite','Gigabyte','M AORUS ELITE','B450','AM4','Micro ATX',4,'128 GB','Gigabyte B450M AORUS ELITE',NULL),('gigabyte-b460-aorus-pro-ac','Gigabyte','AORUS PRO AC','B460','LGA1200','ATX',4,'128 GB','Gigabyte B460 AORUS PRO AC',NULL),('gigabyte-b460-hd3','Gigabyte','HD3','B460','LGA1200','ATX',4,'128 GB','Gigabyte B460 HD3',NULL),('gigabyte-b460m-aorus-pro','Gigabyte','M AORUS PRO','B460','LGA1200','Micro ATX',4,'128 GB','Gigabyte B460M AORUS PRO',NULL),('gigabyte-b460m-d2v','Gigabyte','M D2V','B460','LGA1200','Micro ATX',2,'64 GB','Gigabyte B460M D2V',NULL),('gigabyte-b550-aorus-elite','Gigabyte','AORUS ELITE','B550','AM4','ATX',4,'128 GB','Gigabyte B550 AORUS ELITE',NULL),('gigabyte-b550-aorus-master','Gigabyte','AORUS MASTER','B550','AM4','ATX',4,'128 GB','Gigabyte B550 AORUS MASTER',NULL),('gigabyte-b550-aorus-pro-ac','Gigabyte','AORUS PRO AC','B550','AM4','ATX',4,'128 GB','Gigabyte B550 AORUS PRO AC',NULL),('gigabyte-b550-aorus-pro-ax','Gigabyte','AORUS PRO AX','B550','AM4','ATX',4,'128 GB','Gigabyte B550 AORUS PRO AX',NULL),('gigabyte-b550-gaming-x','Gigabyte','GAMING X','B550','AM4','ATX',4,'128 GB','Gigabyte B550 GAMING X',NULL),('gigabyte-b550-vision-d','Gigabyte','VISION D','B550','AM4','ATX',4,'128 GB','Gigabyte B550 VISION D',NULL),('gigabyte-b550i-aorus-pro-ax','Gigabyte','I AORUS PRO AX','B550','AM4','Mini ITX',2,'64 GB','Gigabyte B550I AORUS PRO AX',NULL),('gigabyte-b550m-ds3h','Gigabyte','M DS3H','B550','AM4','Micro ATX',4,'128 GB','Gigabyte B550M DS3H',NULL),('gigabyte-h310m-ds2','Gigabyte','M DS2','H310','LGA1151','Micro ATX',2,'32 GB','Gigabyte H310M DS2',NULL),('gigabyte-h310m-s2h','Gigabyte','M S2H','H310','LGA1151','Micro ATX',2,'32 GB','Gigabyte H310M S2H',NULL),('gigabyte-h410m-ds2v','Gigabyte','M DS2V','H410','LGA1200','Micro ATX',2,'64 GB','Gigabyte H410M DS2V',NULL),('gigabyte-h410m-h','Gigabyte','M H','H410','LGA1200','Micro ATX',2,'64 GB','Gigabyte H410M H',NULL),('gigabyte-h410m-s2h','Gigabyte','M S2H','H410','LGA1200','Micro ATX',2,'64 GB','Gigabyte H410M S2H',NULL),('gigabyte-x570-aorus-elite','Gigabyte','AORUS ELITE','X570','AM4','ATX',4,'128 GB','Gigabyte X570 AORUS ELITE',NULL),('gigabyte-x570-aorus-master','Gigabyte','AORUS MASTER','X570','AM4','ATX',4,'128 GB','Gigabyte X570 AORUS MASTER',NULL),('gigabyte-x570-aorus-ultra','Gigabyte','AORUS ULTRA','X570','AM4','ATX',4,'128 GB','Gigabyte X570 AORUS ULTRA',NULL),('gigabyte-x570-aorus-xtreme','Gigabyte','AORUS XTREME','X570','AM4','EATX',4,'128 GB','Gigabyte X570 AORUS XTREME',NULL),('gigabyte-x570-i-aorus-pro-wifi','Gigabyte','I AORUS PRO WIFI','X570','AM4','Mini ITX',2,'64 GB','Gigabyte X570 I AORUS PRO WIFI',NULL),('gigabyte-x570-ud','Gigabyte','UD','X570','AM4','ATX',4,'128 GB','Gigabyte X570 UD',NULL),('gigabyte-z390-aorus-elite','Gigabyte','AORUS ELITE','Z390','LGA1151','ATX',4,'128 GB','Gigabyte Z390 AORUS ELITE',NULL),('gigabyte-z390-aorus-master','Gigabyte','AORUS MASTER','Z390','LGA1151','ATX',4,'128 GB','Gigabyte Z390 AORUS MASTER',NULL),('gigabyte-z390-aorus-pro-wifi','Gigabyte','AORUS PRO WIFI','Z390','LGA1151','ATX',4,'128 GB','Gigabyte Z390 AORUS PRO WIFI',NULL),('gigabyte-z390-aorus-ultra','Gigabyte','AORUS ULTRA','Z390','LGA1151','ATX',4,'128 GB','Gigabyte Z390 AORUS ULTRA',NULL),('gigabyte-z390-aorus-xtreme-waterforce','Gigabyte','AORUS XTREME WATERFORCE','Z390','LGA1151','EATX',4,'128 GB','Gigabyte Z390 AORUS XTREME WATERFORCE',NULL),('gigabyte-z390-i-aorus-pro-wifi','Gigabyte','I AORUS PRO WIFI','Z390','LGA1151','Mini ITX',2,'64 GB','Gigabyte Z390 I AORUS PRO WIFI',NULL),('gigabyte-z390-ud','Gigabyte','UD','Z390','LGA1151','ATX',4,'128 GB','Gigabyte Z390 UD',NULL),('gigabyte-z490-aorus-elite','Gigabyte','AORUS ELITE','Z490','LGA1200','ATX',4,'128 GB','Gigabyte Z490 AORUS ELITE',NULL),('gigabyte-z490-aorus-master','Gigabyte','AORUS MASTER','Z490','LGA1200','ATX',4,'128 GB','Gigabyte Z490 AORUS MASTER',NULL),('gigabyte-z490-aorus-pro-ax','Gigabyte','AORUS PRO AX','Z490','LGA1200','ATX',4,'128 GB','Gigabyte Z490 AORUS PRO AX',NULL),('gigabyte-z490-aorus-ultra','Gigabyte','AORUS ULTRA','Z490','LGA1200','ATX',4,'128 GB','Gigabyte Z490 AORUS ULTRA',NULL),('gigabyte-z490-aorus-ultra-g2','Gigabyte','AORUS ULTRA G2','Z490','LGA1200','ATX',4,'128 GB','Gigabyte Z490 AORUS ULTRA G2',NULL),('gigabyte-z490-aorus-xtreme','Gigabyte','AORUS XTREME','Z490','LGA1200','EATX',4,'128 GB','Gigabyte Z490 AORUS XTREME',NULL),('gigabyte-z490-aorus-xtreme-waterforce','Gigabyte','AORUS XTREME WATERFORCE','Z490','LGA1200','EATX',4,'128 GB','Gigabyte Z490 AORUS XTREME WATERFORCE',NULL),('gigabyte-z490-gaming-x','Gigabyte','GAMING X','Z490','LGA1200','ATX',4,'128 GB','Gigabyte Z490 GAMING X',NULL),('gigabyte-z490-ud','Gigabyte','UD','Z490','LGA1200','ATX',4,'128 GB','Gigabyte Z490 UD',NULL),('gigabyte-z490-vision-d','Gigabyte','VISION D','Z490','LGA1200','ATX',4,'128 GB','Gigabyte Z490 VISION D',NULL),('gigabyte-z490-vision-g','Gigabyte','VISION G','Z490','LGA1200','ATX',4,'128 GB','Gigabyte Z490 VISION G',NULL),('gigabyte-z490i-aorus-ultra','Gigabyte','I AORUS ULTRA','Z490','LGA1200','Mini ITX',2,'64 GB','Gigabyte Z490I AORUS ULTRA',NULL),('msi-a320m-a-pro','MSI','M-A PRO','A320','AM4','Micro ATX',2,'64 GB','MSI A320M-A PRO',NULL),('msi-a320m-a-pro-max','MSI','M-A PRO MAX','A320','AM4','Micro ATX',2,'32 GB','MSI A320M-A PRO MAX',NULL),('msi-a320m-pro-m2-v2','MSI','M PRO-M2 V2','A320','AM4','Micro ATX',2,'32 GB','MSI A320M PRO-M2 V2',NULL),('msi-a320m-pro-vd/s','MSI','M PRO-VD/S','A320','AM4','Micro ATX',2,'32 GB','MSI A320M PRO-VD/S',NULL),('msi-a520m-a-pro','MSI','M-A PRO','A520','AM4','Micro ATX',2,'64 GB','MSI A520M-A PRO',NULL),('msi-b360m-bazooka','MSI','M BAZOOKA','B360','LGA1151','Micro ATX',4,'64 GB','MSI B360M BAZOOKA',NULL),('msi-b360m-mortar','MSI','M MORTAR','B360','LGA1151','Micro ATX',4,'64 GB','MSI B360M MORTAR',NULL),('msi-b365m-pro-vh','MSI','M-PRO-VH','B365','LGA1151','Micro ATX',2,'32 GB','MSI B365M-PRO-VH',NULL),('msi-b450-gaming-plus-max','MSI','Gaming Plus MAX','B450','AM4','ATX',4,'64 GB','MSI B450 Gaming Plus MAX',NULL),('msi-b450-tomahawk-max','MSI','TOMAHAWK MAX','B450','AM4','ATX',4,'64 GB','MSI B450 TOMAHAWK MAX',NULL),('msi-b450m-a-pro-max','MSI','M-A PRO MAX','B450','AM4','Micro ATX',2,'32 GB','MSI B450M-A PRO MAX',NULL),('msi-b450m-bazooka-plus','MSI','M BAZOOKA PLUS','B450','AM4','Micro ATX',4,'64 GB','MSI B450M BAZOOKA PLUS',NULL),('msi-b450m-mortar-max','MSI','M MORTAR MAX','B450','AM4','Micro ATX',4,'64 GB','MSI B450M MORTAR MAX',NULL),('msi-b450m-pro-m2-max','MSI','M PRO-M2 MAX','B450','AM4','Micro ATX',2,'32 GB','MSI B450M PRO-M2 MAX',NULL),('msi-b450m-pro-m2-v2','MSI','M PRO-M2 V2','B450','AM4','Micro ATX',2,'32 GB','MSI B450M PRO-M2 V2',NULL),('msi-b450m-pro-vdh-max','MSI','M PRO-VDH MAX','B450','AM4','Micro ATX',4,'64 GB','MSI B450M PRO-VDH MAX',NULL),('msi-b460m-a-pro','MSI','M-A PRO','B460','LGA1200','Micro ATX',2,'64 GB','MSI B460M-A PRO',NULL),('msi-b460m-pro-vdh-wifi','MSI','M PRO-VDH WIFI','B460','LGA1200','Micro ATX',4,'128 GB','MSI B460M PRO-VDH WIFI',NULL),('msi-b550m-pro-vdh-wifi','MSI','M PRO-VDH WIFI','B550','AM4','Micro ATX',4,'128 GB','MSI B550M PRO-VDH WIFI',NULL),('msi-h310m-pro-d','MSI','M PRO-D','H310','LGA1151','Micro ATX',2,'32 GB','MSI H310M PRO-D',NULL),('msi-h310m-pro-vd','MSI','M PRO-VD','H310','LGA1151','Micro ATX',2,'32 GB','MSI H310M PRO-VD',NULL),('msi-h310m-pro-vdh-plus','MSI','M PRO-VDH PLUS','H310','LGA1151','Micro ATX',2,'32 GB','MSI H310M PRO-VDH PLUS',NULL),('msi-h310m-pro-vhl','MSI','M PRO-VHL','H310','LGA1151','Micro ATX',2,'32 GB','MSI H310M PRO-VHL',NULL),('msi-h310m-pro-vl','MSI','M PRO-VL','H310','LGA1151','Micro ATX',2,'32 GB','MSI H310M PRO-VL',NULL),('msi-h410m-a-pro','MSI','M-A PRO','H410','LGA1200','Micro ATX',2,'64 GB','MSI H410M-A PRO',NULL),('msi-h410m-pro','MSI','M PRO','H410','LGA1200','Micro ATX',2,'64 GB','MSI H410M PRO',NULL),('msi-mag-b365m-mortar','MSI','MAG M MORTAR','B365','LGA1151','Micro ATX',4,'64 GB','MSI MAG B365M MORTAR',NULL),('msi-mag-b460-tomahawk','MSI','MAG TOMAHAWK','B460','LGA1200','ATX',4,'128 GB','MSI MAG B460 TOMAHAWK',NULL),('msi-mag-b460m-bazooka','MSI','MAG M BAZOOKA','B460','LGA1200','Micro ATX',4,'128 GB','MSI MAG B460M BAZOOKA',NULL),('msi-mag-b460m-mortar','MSI','MAG M MORTAR','B460','LGA1200','Micro ATX',4,'128 GB','MSI MAG B460M MORTAR',NULL),('msi-mag-b460m-mortar-wifi','MSI','MAG M MORTAR WIFI','B460','LGA1200','Micro ATX',4,'128 GB','MSI MAG B460M MORTAR WIFI',NULL),('msi-mag-b550-tomahawk','MSI','MAG TOMAHAWK','B550','AM4','ATX',4,'128 GB','MSI MAG B550 TOMAHAWK',NULL),('msi-mag-b550m-mortar','MSI','MAG M MORTAR','B550','AM4','Micro ATX',4,'128 GB','MSI MAG B550M MORTAR',NULL),('msi-mag-b550m-mortar-wifi','MSI','MAG M MORTAR WIFI','B550','AM4','Micro ATX',4,'128 GB','MSI MAG B550M MORTAR WIFI',NULL),('msi-mag-z390-tomahawk','MSI','MAG TOMAHAWK','Z390','LGA1151','ATX',4,'128 GB','MSI MAG Z390 TOMAHAWK',NULL),('msi-mag-z490-tomahawk','MSI','MAG TOMAHAWK','Z490','LGA1200','ATX',4,'128 GB','MSI MAG Z490 TOMAHAWK',NULL),('msi-meg-x570-ace','MSI','MEG ACE','X570','AM4','ATX',4,'128 GB','MSI MEG X570 ACE',NULL),('msi-meg-x570-godlike','MSI','MEG GODLIKE','X570','AM4','EATX',4,'128 GB','MSI MEG X570 GODLIKE',NULL),('msi-meg-z390-ace','MSI','MEG ACE','Z390','LGA1151','ATX',4,'128 GB','MSI MEG Z390 ACE',NULL),('msi-meg-z390-godlike','MSI','MEG GODLIKE','Z390','LGA1151','EATX',4,'128 GB','MSI MEG Z390 GODLIKE',NULL),('msi-meg-z490-ace','MSI','MEG ACE','Z490','LGA1200','ATX',4,'128 GB','MSI MEG Z490 ACE',NULL),('msi-meg-z490-godlike','MSI','MEG GODLIKE','Z490','LGA1200','EATX',4,'128 GB','MSI MEG Z490 GODLIKE',NULL),('msi-meg-z490-unify','MSI','MEG UNIFY','Z490','LGA1200','ATX',4,'128 GB','MSI MEG Z490 UNIFY',NULL),('msi-meg-z490i-unify','MSI','MEG I UNIFY','Z490','LGA1200','Mini ITX',2,'64 GB','MSI MEG Z490I UNIFY',NULL),('msi-mpg-x570-gaming-edge-wifi','MSI','MPG GAMING EDGE WIFI','X570','AM4','ATX',4,'128 GB','MSI MPG X570 GAMING EDGE WIFI',NULL),('msi-mpg-x570-gaming-plus','MSI','MPG GAMING PLUS','X570','AM4','ATX',4,'128 GB','MSI MPG X570 GAMING PLUS',NULL),('msi-mpg-x570-gaming-pro-carbon-wifi','MSI','MPG GAMING PRO CARBON WIFI','X570','AM4','ATX',4,'128 GB','MSI MPG X570 GAMING PRO CARBON WIFI',NULL),('msi-mpg-z390-gaming-edge-ac','MSI','MPG GAMING EDGE AC','Z390','LGA1151','ATX',4,'128 GB','MSI MPG Z390 GAMING EDGE AC',NULL),('msi-mpg-z390-gaming-pro-carbon','MSI','MPG GAMING PRO CARBON','Z390','LGA1151','ATX',4,'128 GB','MSI MPG Z390 GAMING PRO CARBON',NULL),('msi-mpg-z390i-gaming-edge-ac','MSI','MPG I GAMING EDGE AC','Z390','LGA1151','Mini ITX',2,'64 GB','MSI MPG Z390I GAMING EDGE AC',NULL),('msi-mpg-z390m-gaming-edge-ac','MSI','MPG M GAMING EDGE AC','Z390','LGA1151','Micro ATX',4,'128 GB','MSI MPG Z390M GAMING EDGE AC',NULL),('msi-mpg-z490-gaming-carbon-wifi','MSI','MPG GAMING CARBON WIFI','Z490','LGA1200','ATX',4,'128 GB','MSI MPG Z490 GAMING CARBON WIFI',NULL),('msi-mpg-z490-gaming-edge-wifi','MSI','MPG GAMING EDGE WIFI','Z490','LGA1200','ATX',4,'128 GB','MSI MPG Z490 GAMING EDGE WIFI',NULL),('msi-mpg-z490-gaming-plus','MSI','MPG GAMING PLUS','Z490','LGA1200','ATX',4,'128 GB','MSI MPG Z490 GAMING PLUS',NULL),('msi-prestige-x570-creation','MSI','PRESTIGE CREATION','X570','AM4','EATX',4,'128 GB','MSI PRESTIGE X570 CREATION',NULL),('msi-z490-a-pro','MSI','-A PRO','Z490','LGA1200','ATX',4,'128 GB','MSI Z490-A PRO',NULL);
/*!40000 ALTER TABLE `mainboard` ENABLE KEYS */;
UNLOCK TABLES;

--
-- Table structure for table `mainboard_price_list`
--

DROP TABLE IF EXISTS `mainboard_price_list`;
/*!40101 SET @saved_cs_client     = @@character_set_client */;
/*!50503 SET character_set_client = utf8mb4 */;
CREATE TABLE `mainboard_price_list` (
  `Id` int NOT NULL AUTO_INCREMENT,
  `link` text NOT NULL,
  `img` text NOT NULL,
  `name` text NOT NULL,
  `price` int NOT NULL,
  `logo` text NOT NULL,
  `retailer` varchar(100) NOT NULL,
  `fid` varchar(100) NOT NULL,
  PRIMARY KEY (`Id`),
  KEY `fid` (`fid`),
  CONSTRAINT `mainboard_price_list_ibfk_1` FOREIGN KEY (`fid`) REFERENCES `mainboard` (`ID`)
) ENGINE=InnoDB AUTO_INCREMENT=329 DEFAULT CHARSET=utf8;
/*!40101 SET character_set_client = @saved_cs_client */;

--
-- Dumping data for table `mainboard_price_list`
--

LOCK TABLES `mainboard_price_list` WRITE;
/*!40000 ALTER TABLE `mainboard_price_list` DISABLE KEYS */;
INSERT INTO `mainboard_price_list` VALUES (1,'https://www.anphatpc.com.vn/mainboard-asus-rog-strix-b550-f-gaming-wi-fi_id35879.html','https://anphat.com.vn/media/product/250_35879_h732__1_.png','Mainboard ASUS ROG STRIX B550-F GAMING (WI-FI)',5199000,'https://www.anphatpc.com.vn/template/anphat_2020/images/anphatpc.png','AnPhatPC','asus-rog-strix-b550-f-gaming-(wi-fi)'),(2,'https://www.anphatpc.com.vn/mainboard-asus-tuf-gaming-b460m-plus-wi-fi_id33009.html','https://anphat.com.vn/media/product/250_33009_tuf_b460m_plus_wifi_01.jpg','Mainboard ASUS TUF GAMING B460M-PLUS (WI-FI)',2799000,'https://www.anphatpc.com.vn/template/anphat_2020/images/anphatpc.png','AnPhatPC','asus-tuf-gaming-b460m-plus-(wi-fi)'),(3,'https://www.anphatpc.com.vn/mainboard-msi-mpg-x570-gaming-pro-carbon-wifi_id29880.html','https://anphat.com.vn/media/product/250_29880_product_4_20190527133015_5ceb75e7b7a43.png','Mainboard MSI MPG X570 GAMING PRO CARBON WIFI ',7099000,'https://www.anphatpc.com.vn/template/anphat_2020/images/anphatpc.png','AnPhatPC','msi-mpg-x570-gaming-pro-carbon-wifi'),(4,'https://www.anphatpc.com.vn/mainboard-msi-mpg-z490-gaming-edge-wifi_id33001.html','https://anphat.com.vn/media/product/250_33001_product_4_20200429154417_5ea9305141fb8.png','Mainboard MSI MPG Z490 GAMING EDGE WIFI',6199000,'https://www.anphatpc.com.vn/template/anphat_2020/images/anphatpc.png','AnPhatPC','msi-mpg-z490-gaming-edge-wifi'),(5,'https://www.anphatpc.com.vn/mainboard-msi-mpg-x570-gaming-edge-wifi_id29879.html','https://anphat.com.vn/media/product/250_29879_product_3_20190527092824_5ceb3d3885f21.png','Mainboard MSI MPG X570 GAMING EDGE WIFI',6199000,'https://www.anphatpc.com.vn/template/anphat_2020/images/anphatpc.png','AnPhatPC','msi-mpg-x570-gaming-edge-wifi'),(6,'https://www.anphatpc.com.vn/mainboard-asus-rog-strix-b460-g-gaming_id33006.html','https://anphat.com.vn/media/product/250_33006_rog_strix_b460_g_gaming_01.png','Mainboard ASUS ROG STRIX B460-G GAMING',2899000,'https://www.anphatpc.com.vn/template/anphat_2020/images/anphatpc.png','AnPhatPC','asus-rog-strix-b460-g-gaming'),(7,'https://www.anphatpc.com.vn/mainboard-asus-rog-strix-b460-f-gaming_id33000.html','https://anphat.com.vn/media/product/250_33000_rog_strix_b460_f_gaming_01.png','Mainboard ASUS ROG STRIX B460-F GAMING',3649000,'https://www.anphatpc.com.vn/template/anphat_2020/images/anphatpc.png','AnPhatPC','asus-rog-strix-b460-f-gaming'),(8,'https://www.anphatpc.com.vn/mainboard-asus-rog-strix-b460-i-gaming_id33004.html','https://anphat.com.vn/media/product/250_33004_rog_strix_b460_i_gaming_01.png','Mainboard ASUS ROG STRIX B460-I GAMING',3599000,'https://www.anphatpc.com.vn/template/anphat_2020/images/anphatpc.png','AnPhatPC','asus-rog-strix-b460-i-gaming'),(9,'https://www.anphatpc.com.vn/mainboard-msi-mpg-z490-gaming-carbon-wifi_id33003.html','https://anphat.com.vn/media/product/250_33003_product_9_20200429154921_5ea931817e2a2.png','Mainboard MSI MPG Z490 GAMING CARBON WIFI',7199000,'https://www.anphatpc.com.vn/template/anphat_2020/images/anphatpc.png','AnPhatPC','msi-mpg-z490-gaming-carbon-wifi'),(10,'https://www.anphatpc.com.vn/mainboard-msi-meg-z490i-unify_id35927.html','https://anphat.com.vn/media/product/250_35927_product_5_20200806162052_5f2bbd64ddea1.png','Mainboard MSI MEG Z490I UNIFY',6649000,'https://www.anphatpc.com.vn/template/anphat_2020/images/anphatpc.png','AnPhatPC','msi-meg-z490i-unify'),(11,'https://www.anphatpc.com.vn/mainboard-asus-rog-strix-b460-h-gaming_id33005.html','https://anphat.com.vn/media/product/250_33005_rog_strix_b460_h_gaming_01.png','Mainboard ASUS ROG STRIX B460-H GAMING',3099000,'https://www.anphatpc.com.vn/template/anphat_2020/images/anphatpc.png','AnPhatPC','asus-rog-strix-b460-h-gaming'),(12,'https://www.anphatpc.com.vn/mainboard-gigabyte-b365-m-aorus-elite_id30716.html','https://anphat.com.vn/media/product/250_30716_mainboard_gigabyte_b365_m_aorus_elite_1.png','Mainboard GIGABYTE B365 M AORUS ELITE',2199000,'https://www.anphatpc.com.vn/template/anphat_2020/images/anphatpc.png','AnPhatPC','gigabyte-b365-m-aorus-elite'),(13,'https://www.anphatpc.com.vn/mainboard-gigabyte-b550i-aorus-pro-ax_id33541.html','https://anphat.com.vn/media/product/250_33541_20200520105857502bd1b2ba64bc7b602869d88669a327db_big.png','Mainboard GIGABYTE B550I AORUS PRO AX',4999000,'https://www.anphatpc.com.vn/template/anphat_2020/images/anphatpc.png','AnPhatPC','gigabyte-b550i-aorus-pro-ax'),(14,'https://www.anphatpc.com.vn/mainboard-asus-rog-strix-b550-f-gaming_id33564.html','https://anphat.com.vn/media/product/250_33564_rog_strix_b550_f_gaming_01_600x600.jpg','Mainboard ASUS ROG STRIX B550-F GAMING',4749000,'https://www.anphatpc.com.vn/template/anphat_2020/images/anphatpc.png','AnPhatPC','asus-rog-strix-b550-f-gaming'),(15,'https://www.anphatpc.com.vn/mainboard-asus-rog-strix-b550-i-gaming_id33565.html','https://anphat.com.vn/media/product/250_33565_asus_rog_strix_b550_i_gaming_00_600x599.jpg','Mainboard ASUS ROG STRIX B550-I GAMING',4949000,'https://www.anphatpc.com.vn/template/anphat_2020/images/anphatpc.png','AnPhatPC','asus-rog-strix-b550-i-gaming'),(16,'https://www.anphatpc.com.vn/mainboard-asrock-b460-steel-legend_id32974.html','https://anphat.com.vn/media/product/250_32974_b460_steel_legend_l1_.png','Mainboard ASROCK B460 Steel Legend',3199000,'https://www.anphatpc.com.vn/template/anphat_2020/images/anphatpc.png','AnPhatPC','asrock-b460-steel-legend'),(17,'https://www.anphatpc.com.vn/mainboard-gigabyte-z490-aorus-xtreme-waterforce_id32995.html','https://anphat.com.vn/media/product/250_32995_2020043017292972629c53754fd600e173884f0c287d18f6_big.png','Mainboard GIGABYTE Z490 AORUS XTREME WATERFORCE',29889000,'https://www.anphatpc.com.vn/template/anphat_2020/images/anphatpc.png','AnPhatPC','gigabyte-z490-aorus-xtreme-waterforce'),(18,'https://www.anphatpc.com.vn/mainboard-asus-rog-strix-b550-e-gaming_id33559.html','https://anphat.com.vn/media/product/250_33559_7.jpg','Mainboard ASUS ROG STRIX B550-E GAMING',6349000,'https://www.anphatpc.com.vn/template/anphat_2020/images/anphatpc.png','AnPhatPC','asus-rog-strix-b550-e-gaming'),(19,'https://www.anphatpc.com.vn/mainboard-asrock-b460-phantom-gaming-4_id32976.html','https://anphat.com.vn/media/product/250_32976_b460_phantom_gaming_4_l1_.png','Mainboard ASROCK B460 Phantom Gaming 4',2299000,'https://www.anphatpc.com.vn/template/anphat_2020/images/anphatpc.png','AnPhatPC','asrock-b460-phantom-gaming-4'),(20,'https://www.anphatpc.com.vn/mainboard-msi-mag-b460-tomahawk_id33366.html','https://anphat.com.vn/media/product/250_33366_product_8_20200519124909_5ec36545cc42f.png','Mainboard MSI MAG B460 TOMAHAWK',3499000,'https://www.anphatpc.com.vn/template/anphat_2020/images/anphatpc.png','AnPhatPC','msi-mag-b460-tomahawk'),(21,'https://www.anphatpc.com.vn/mainboard-gigabyte-z490i-aorus-ultra_id32928.html','https://anphat.com.vn/media/product/250_32928_20200430172719884507b6773e691d714001e3ea5762863d_big.png','Mainboard GIGABYTE Z490I AORUS ULTRA',6989000,'https://www.anphatpc.com.vn/template/anphat_2020/images/anphatpc.png','AnPhatPC','gigabyte-z490i-aorus-ultra'),(22,'https://www.anphatpc.com.vn/mainboard-asrock-b460m-steel-legend_id32978.html','https://anphat.com.vn/media/product/250_32978_b460m_steel_legend_l1_.png','Mainboard ASROCK B460M Steel Legend',2649000,'https://www.anphatpc.com.vn/template/anphat_2020/images/anphatpc.png','AnPhatPC','asrock-b460m-steel-legend'),(23,'https://www.anphatpc.com.vn/mainboard-asrock-b550-steel-legend_id33548.html','https://anphat.com.vn/media/product/250_33548_b550_steel_legend_l1_.png','Mainboard ASROCK B550 Steel Legend',4999000,'https://www.anphatpc.com.vn/template/anphat_2020/images/anphatpc.png','AnPhatPC','asrock-b550-steel-legend'),(24,'https://www.anphatpc.com.vn/mainboard-asrock-b550m-steel-legend_id33550.html','https://anphat.com.vn/media/product/250_33550_b550m_steel_legend_l1_.png','Mainboard ASROCK B550M Steel Legend',3599000,'https://www.anphatpc.com.vn/template/anphat_2020/images/anphatpc.png','AnPhatPC','asrock-b550m-steel-legend'),(25,'https://www.anphatpc.com.vn/mainboard-gigabyte-b460-aorus-pro-ac_id33389.html','https://anphat.com.vn/media/product/250_33389_2020051109463247ee52d70904f9d2b762860d54a80bdca5_big.png','Mainboard GIGABYTE B460 AORUS PRO AC',3999000,'https://www.anphatpc.com.vn/template/anphat_2020/images/anphatpc.png','AnPhatPC','gigabyte-b460-aorus-pro-ac'),(26,'https://www.anphatpc.com.vn/mainboard-msi-mag-b460m-mortar_id33368.html','https://anphat.com.vn/media/product/250_33368_product_6_20200506184525_5eb295455997d.png','Mainboard MSI MAG B460M MORTAR',2799000,'https://www.anphatpc.com.vn/template/anphat_2020/images/anphatpc.png','AnPhatPC','msi-mag-b460m-mortar'),(27,'https://www.anphatpc.com.vn/mainboard-msi-meg-z490-ace_id33007.html','https://anphat.com.vn/media/product/250_33007_product_0_20200429161351_5ea9373f23bdc.png','Mainboard MSI MEG Z490 ACE',9899000,'https://www.anphatpc.com.vn/template/anphat_2020/images/anphatpc.png','AnPhatPC','msi-meg-z490-ace'),(28,'https://www.anphatpc.com.vn/mainboard-asrock-z490-steel-legend_id33020.html','https://anphat.com.vn/media/product/250_33020_z490_steel_legend_l1_.png','Mainboard ASROCK Z490 Steel Legend',4699000,'https://www.anphatpc.com.vn/template/anphat_2020/images/anphatpc.png','AnPhatPC','asrock-z490-steel-legend'),(29,'https://www.anphatpc.com.vn/mainboard-msi-mag-b460m-bazooka_id33369.html','https://anphat.com.vn/media/product/250_33369_product_7_20200518175253_5ec25af5983e4.png','Mainboard MSI MAG B460M BAZOOKA',2599000,'https://www.anphatpc.com.vn/template/anphat_2020/images/anphatpc.png','AnPhatPC','msi-mag-b460m-bazooka'),(30,'https://www.anphatpc.com.vn/mainboard-msi-meg-z490-unify_id35929.html','https://anphat.com.vn/media/product/250_35929_product_5_20200507175111_5eb3da0f0732a.png','Mainboard MSI MEG Z490 UNIFY ',8199000,'https://www.anphatpc.com.vn/template/anphat_2020/images/anphatpc.png','AnPhatPC','msi-meg-z490-unify'),(31,'https://www.anphatpc.com.vn/mainboard-gigabyte-z490-aorus-pro-ax_id32931.html','https://anphat.com.vn/media/product/250_32931_20200430172810322ff51069391531e9f6f1f402b3ed1ef6_big__1_.png','Mainboard GIGABYTE Z490 AORUS PRO AX',7089000,'https://www.anphatpc.com.vn/template/anphat_2020/images/anphatpc.png','AnPhatPC','gigabyte-z490-aorus-pro-ax'),(32,'https://www.anphatpc.com.vn/mainboard-msi-meg-z490-godlike_id33002.html','https://anphat.com.vn/media/product/250_33002_product_2_20200429161250_5ea937023a102.png','Mainboard MSI MEG Z490 GODLIKE',19999000,'https://www.anphatpc.com.vn/template/anphat_2020/images/anphatpc.png','AnPhatPC','msi-meg-z490-godlike'),(33,'https://www.anphatpc.com.vn/mainboard-asrock-b450m-pro4-f_id29055.html','https://anphat.com.vn/media/product/250_29055_29055_b450m_pro4_f_l1_1.jpg','Mainboard Asrock B450M Pro4-F',1699000,'https://www.anphatpc.com.vn/template/anphat_2020/images/anphatpc.png','AnPhatPC','asrock-b450m-pro4-f'),(34,'https://www.anphatpc.com.vn/mainboard-msi-b450m-mortar-am4-m-atx_id26798.html','https://anphat.com.vn/media/product/250_26798_product_2_20180716111630_5b4c0e0e2461c.png','Mainboard MSI B450M MORTAR MAX',2299000,'https://www.anphatpc.com.vn/template/anphat_2020/images/anphatpc.png','AnPhatPC','msi-b450m-mortar-max'),(35,'https://www.anphatpc.com.vn/mainboard-gigabyte-a520-aorus-elite_id34785.html','https://anphat.com.vn/media/product/250_34785_2020081414155872065653e53948f81d1b79c251e9e9f73d_big.png','Mainboard GIGABYTE A520 AORUS ELITE ',2499000,'https://www.anphatpc.com.vn/template/anphat_2020/images/anphatpc.png','AnPhatPC','gigabyte-a520-aorus-elite'),(36,'https://www.anphatpc.com.vn/mainboard-asus-tuf-gaming-b460-plus_id33011.html','https://anphat.com.vn/media/product/250_33011_tuf_gaming_b460_plus_01.jpg','Mainboard ASUS TUF GAMING B460-PLUS',2599000,'https://www.anphatpc.com.vn/template/anphat_2020/images/anphatpc.png','AnPhatPC','asus-tuf-gaming-b460-plus'),(37,'https://www.anphatpc.com.vn/mainboard-gigabyte-z490-vision-g_id32916.html','https://anphat.com.vn/media/product/250_32916_202004301726526502e8c2c979090f05ae10a0554d637461_big.png','Mainboard GIGABYTE Z490 VISION G',6049000,'https://www.anphatpc.com.vn/template/anphat_2020/images/anphatpc.png','AnPhatPC','gigabyte-z490-vision-g'),(38,'https://www.anphatpc.com.vn/mainboard-msi-mag-z490-tomahawk_id33013.html','https://anphat.com.vn/media/product/250_33013_product_8_20200429130848_5ea90be0bf02e.png','Mainboard MSI MAG Z490 TOMAHAWK',5699000,'https://www.anphatpc.com.vn/template/anphat_2020/images/anphatpc.png','AnPhatPC','msi-mag-z490-tomahawk'),(39,'https://www.anphatpc.com.vn/mainboard-asrock-z490-phantom-gaming-4_id33030.html','https://anphat.com.vn/media/product/250_33030_z490_phantom_gaming_4_l1_.png','Mainboard ASROCK Z490 Phantom Gaming 4',3099000,'https://www.anphatpc.com.vn/template/anphat_2020/images/anphatpc.png','AnPhatPC','asrock-z490-phantom-gaming-4'),(40,'https://www.anphatpc.com.vn/mainboard-gigabyte-z490-vision-d_id33189.html','https://anphat.com.vn/media/product/250_33189_2020050414410307282b2229010613cac26aaebc76d69ebc_big.png','Mainboard GIGABYTE Z490 VISION D',8399000,'https://www.anphatpc.com.vn/template/anphat_2020/images/anphatpc.png','AnPhatPC','gigabyte-z490-vision-d'),(41,'https://www.anphatpc.com.vn/mainboard-asus-prime-h410m-d_id33015.html','https://anphat.com.vn/media/product/250_33015_prime_h410m_d_01.png','Mainboard ASUS PRIME H410M-D',1669000,'https://www.anphatpc.com.vn/template/anphat_2020/images/anphatpc.png','AnPhatPC','asus-prime-h410m-d'),(42,'https://www.anphatpc.com.vn/mainboard-asus-tuf-gaming-b460m-plus_id33008.html','https://anphat.com.vn/media/product/250_33008_tuf_b460m_plus_01.jpg','Mainboard ASUS TUF GAMING B460M-PLUS',2399000,'https://www.anphatpc.com.vn/template/anphat_2020/images/anphatpc.png','AnPhatPC','asus-tuf-gaming-b460m-plus'),(43,'https://www.anphatpc.com.vn/mainboard-asus-prime-h410m-k_id33014.html','https://anphat.com.vn/media/product/250_33014_prime_h410m_k_01.png','Mainboard ASUS PRIME H410M-K',1559000,'https://www.anphatpc.com.vn/template/anphat_2020/images/anphatpc.png','AnPhatPC','asus-prime-h410m-k'),(44,'https://www.anphatpc.com.vn/mainboard-msi-mpg-z490-gaming-plus_id33012.html','https://anphat.com.vn/media/product/250_33012_product_2_20200429143725_5ea920a5a17fa.png','Mainboard MSI MPG Z490 GAMING PLUS',4499000,'https://www.anphatpc.com.vn/template/anphat_2020/images/anphatpc.png','AnPhatPC','msi-mpg-z490-gaming-plus'),(45,'https://www.anphatpc.com.vn/mainboard-asrock-z490m-itxac_id33034.html','https://anphat.com.vn/media/product/250_33034_z490m_itxac_l1_.png','Mainboard ASROCK Z490M-ITX/ac',4299000,'https://www.anphatpc.com.vn/template/anphat_2020/images/anphatpc.png','AnPhatPC','asrock-z490m-itx/ac'),(46,'https://www.anphatpc.com.vn/mainboard-asus-prime-b460m-k_id32996.html','https://anphat.com.vn/media/product/250_32996_prime_b460m_k_01.jpg','Mainboard ASUS PRIME B460M-K',1809000,'https://www.anphatpc.com.vn/template/anphat_2020/images/anphatpc.png','AnPhatPC','asus-prime-b460m-k'),(47,'https://www.anphatpc.com.vn/mainboard-asus-prime-a520m-k_id34778.html','https://anphat.com.vn/media/product/250_34778_nxym0odtjadjb2ko_setting_fff_1_90_end_500.jpg','Mainboard ASUS PRIME A520M-K',1949000,'https://www.anphatpc.com.vn/template/anphat_2020/images/anphatpc.png','AnPhatPC','asus-prime-a520m-k'),(48,'https://www.anphatpc.com.vn/mainboard-asus-a320m-k-prime_id22988.html','https://anphat.com.vn/media/product/250_22988_1.png','Mainboard ASUS PRIME A320M-K',1199000,'https://www.anphatpc.com.vn/template/anphat_2020/images/anphatpc.png','AnPhatPC','asus-prime-a320m-k'),(49,'https://www.anphatpc.com.vn/mainboard-asus-tuf-gaming-b550-plus_id33567.html','https://anphat.com.vn/media/product/250_33567_tuf_b550_plus_gaming_01.jpg','Mainboard ASUS TUF GAMING B550-PLUS',3899000,'https://www.anphatpc.com.vn/template/anphat_2020/images/anphatpc.png','AnPhatPC','asus-tuf-gaming-b550-plus'),(50,'https://www.anphatpc.com.vn/mainboard-msi-mpg-x570-gaming-plus_id29878.html','https://anphat.com.vn/media/product/250_29878_product_10_20190527093853_5ceb3fad643f4.png','Mainboard MSI MPG X570 GAMING PLUS',4499000,'https://www.anphatpc.com.vn/template/anphat_2020/images/anphatpc.png','AnPhatPC','msi-mpg-x570-gaming-plus'),(51,'https://www.anphatpc.com.vn/mainboard-asus-tuf-gaming-b550m-plus_id33569.html','https://anphat.com.vn/media/product/250_33569_asus_tuf_gaming_b550m_plus_mainboard_1_510x510.jpg','Mainboard ASUS TUF GAMING B550M-PLUS',3749000,'https://www.anphatpc.com.vn/template/anphat_2020/images/anphatpc.png','AnPhatPC','asus-tuf-gaming-b550m-plus'),(52,'https://www.anphatpc.com.vn/mainboard-asus-tuf-gaming-a520m-plus_id34774.html','https://anphat.com.vn/media/product/250_34774_54921_tuf_gaming_a520m_plus_01.jpg','Mainboard ASUS TUF GAMING A520M-PLUS',2399000,'https://www.anphatpc.com.vn/template/anphat_2020/images/anphatpc.png','AnPhatPC','asus-tuf-gaming-a520m-plus'),(53,'https://www.anphatpc.com.vn/mainboard-gigabyte-z490-aorus-ultra_id32936.html','https://anphat.com.vn/media/product/250_32936_2020043017252389c24693fceac4941bf37ae50b6ed042f9_big.png','Mainboard GIGABYTE Z490 AORUS ULTRA',8689000,'https://www.anphatpc.com.vn/template/anphat_2020/images/anphatpc.png','AnPhatPC','gigabyte-z490-aorus-ultra'),(54,'https://www.anphatpc.com.vn/mainboard-asus-prime-h410m-e_id33017.html','https://anphat.com.vn/media/product/250_33017_prime_h410m_e_01.png','Mainboard ASUS PRIME H410M-E',1649000,'https://www.anphatpc.com.vn/template/anphat_2020/images/anphatpc.png','AnPhatPC','asus-prime-h410m-e'),(55,'https://www.anphatpc.com.vn/mainboard-gigabyte-z490-aorus-master_id32938.html','https://anphat.com.vn/media/product/250_32938_20200430172908616e535c0e20b8c1aecee633d7e0998d26_big.png','Mainboard GIGABYTE Z490 AORUS MASTER',9499000,'https://www.anphatpc.com.vn/template/anphat_2020/images/anphatpc.png','AnPhatPC','gigabyte-z490-aorus-master'),(56,'https://www.anphatpc.com.vn/mainboard-asrock-h410m-hvs_id32989.html','https://anphat.com.vn/media/product/250_32989_h410m_hvs_l1_.png','Mainboard ASROCK H410M-HVS',1499000,'https://www.anphatpc.com.vn/template/anphat_2020/images/anphatpc.png','AnPhatPC','asrock-h410m-hvs'),(57,'https://www.anphatpc.com.vn/mainboard-asrock-b460m-itxac_id32980.html','https://anphat.com.vn/media/product/250_32980_b460m_itxac_l1_.png','Mainboard ASROCK B460M-ITX/ac',2699000,'https://www.anphatpc.com.vn/template/anphat_2020/images/anphatpc.png','AnPhatPC','asrock-b460m-itx/ac'),(58,'https://www.anphatpc.com.vn/mainboard-asrock-b550m-itx-ac_id33557.html','https://anphat.com.vn/media/product/250_33557_b550m_itxac_l1_.png','Mainboard ASROCK B550M-ITX/ac',3599000,'https://www.anphatpc.com.vn/template/anphat_2020/images/anphatpc.png','AnPhatPC','asrock-b550m-itx/ac'),(59,'https://www.anphatpc.com.vn/mainboard-gigabyte-a520m-aorus-elite_id34784.html','https://anphat.com.vn/media/product/250_34784_2020081414172567c3b8ec9d970428864ad9e491081537ca_big.png','Mainboard GIGABYTE A520M AORUS ELITE ',2199000,'https://www.anphatpc.com.vn/template/anphat_2020/images/anphatpc.png','AnPhatPC','gigabyte-a520m-aorus-elite'),(60,'https://www.anphatpc.com.vn/mainboard-gigabyte-b550-aorus-elite_id33540.html','https://anphat.com.vn/media/product/250_33540_2020052011050784b343c67c4ab8d4c9fdf8a7179cc8b065_big.png','Mainboard GIGABYTE B550 AORUS ELITE',4399000,'https://www.anphatpc.com.vn/template/anphat_2020/images/anphatpc.png','AnPhatPC','gigabyte-b550-aorus-elite'),(61,'https://www.anphatpc.com.vn/mainboard-asus-prime-b550m-a_id33570.html','https://anphat.com.vn/media/product/250_33570_asus_prime_b550m_a_mainboard_1_510x510.jpg','Mainboard ASUS PRIME B550M-A',2549000,'https://www.anphatpc.com.vn/template/anphat_2020/images/anphatpc.png','AnPhatPC','asus-prime-b550m-a'),(62,'https://www.anphatpc.com.vn/mainboard-asus-prime-a520m-e_id34777.html','https://anphat.com.vn/media/product/250_34777_egvja84lmzeelsqb_setting_fff_1_90_end_500.jpg','Mainboard ASUS PRIME A520M-E',1999000,'https://www.anphatpc.com.vn/template/anphat_2020/images/anphatpc.png','AnPhatPC','asus-prime-a520m-e'),(63,'https://www.anphatpc.com.vn/mainboard-gigabyte-z490-aorus-elite_id32930.html','https://anphat.com.vn/media/product/250_32930_2020043017274551691c26ebed403562e112eab832b655f3_big.png','Mainboard GIGABYTE Z490 AORUS ELITE',5799000,'https://www.anphatpc.com.vn/template/anphat_2020/images/anphatpc.png','AnPhatPC','gigabyte-z490-aorus-elite'),(64,'https://www.anphatpc.com.vn/mainboard-gigabyte-h410m-ds2v_id33848.html','https://anphat.com.vn/media/product/250_33848_2020050616570651f6ab685ff02fd049c8873657c0c40805_big.png','Mainboard GIGABYTE H410M DS2V',1749000,'https://www.anphatpc.com.vn/template/anphat_2020/images/anphatpc.png','AnPhatPC','gigabyte-h410m-ds2v'),(65,'https://www.anphatpc.com.vn/mainboard-asus-proart-z490-creator-10g-lga1200_id32907.html','https://anphat.com.vn/media/product/250_32907_proart_z490_creator_10g_01.jpg','Mainboard ASUS ProArt Z490-CREATOR 10G LGA1200 ',7199000,'https://www.anphatpc.com.vn/template/anphat_2020/images/anphatpc.png','AnPhatPC','asus-proart-z490-creator-10g'),(66,'https://www.anphatpc.com.vn/mainboard-gigabyte-z490-aorus-xtreme_id32993.html','https://anphat.com.vn/media/product/250_32993_2020043017260151dd97d8399e4e19774fe67e304e62cbef_big.png','Mainboard GIGABYTE Z490 AORUS XTREME',19999000,'https://www.anphatpc.com.vn/template/anphat_2020/images/anphatpc.png','AnPhatPC','gigabyte-z490-aorus-xtreme'),(67,'https://www.anphatpc.com.vn/mainboard-gigabyte-x570-aorus-elite_id32684.html','https://anphat.com.vn/media/product/250_32684_20190709113622941565964950ce6e7265b7ce1b95077d05_big.png','Mainboard GIGABYTE X570 AORUS ELITE',5199000,'https://www.anphatpc.com.vn/template/anphat_2020/images/anphatpc.png','AnPhatPC','gigabyte-x570-aorus-elite'),(68,'https://www.anphatpc.com.vn/mainboard-asrock-b460-pro4_id32977.html','https://anphat.com.vn/media/product/250_32977_b460_pro4_l1_.png','Mainboard ASROCK B460 Pro4',2599000,'https://www.anphatpc.com.vn/template/anphat_2020/images/anphatpc.png','AnPhatPC','asrock-b460-pro4'),(69,'https://www.anphatpc.com.vn/mainboard-gigabyte-b460m-d2v_id32972.html','https://anphat.com.vn/media/product/250_32972_2020043016062601ea6ba55bf2e0ecb77b0916e020b21e4a_m.png','Mainboard GIGABYTE B460M D2V',1999000,'https://www.anphatpc.com.vn/template/anphat_2020/images/anphatpc.png','AnPhatPC','gigabyte-b460m-d2v'),(70,'https://www.anphatpc.com.vn/mainboard-gigabyte-b365m-d2v_id29214.html','https://anphat.com.vn/media/product/250_29214_20190306143449564275175bb3dbdb0b3789d8b5b31e4540_big.png','Mainboard GIGABYTE B365M-D2V ',1749000,'https://www.anphatpc.com.vn/template/anphat_2020/images/anphatpc.png','AnPhatPC','gigabyte-b365m-d2v'),(71,'https://www.anphatpc.com.vn/mainboard-gigabyte-a520i-ac_id34786.html','https://anphat.com.vn/media/product/250_34786_20200817112756590fb761f9b3be381512fe78a4db075249_big.png','Mainboard GIGABYTE A520I AC',2749000,'https://www.anphatpc.com.vn/template/anphat_2020/images/anphatpc.png','AnPhatPC','gigabyte-a520i-ac'),(72,'https://www.anphatpc.com.vn/mainboard-gigabyte-h410m-h_id33847.html','https://anphat.com.vn/media/product/250_33847_202005071136224981a3a0246815e81a4fedbedf45dabab2_big.png','Mainboard GIGABYTE H410M H',1799000,'https://www.anphatpc.com.vn/template/anphat_2020/images/anphatpc.png','AnPhatPC','gigabyte-h410m-h'),(73,'https://www.anphatpc.com.vn/mainboard-gigabyte-h410m-s2h_id33849.html','https://anphat.com.vn/media/product/250_33849_2020050617175822f077678e752b5e1b0c08286b317e70c2_big.png','Mainboard GIGABYTE H410M S2H',1849000,'https://www.anphatpc.com.vn/template/anphat_2020/images/anphatpc.png','AnPhatPC','gigabyte-h410m-s2h'),(74,'https://www.anphatpc.com.vn/mainboard-asrock-z490-taichi_id33016.html','https://anphat.com.vn/media/product/250_33016_z490_taichi_l1_.png','Mainboard ASROCK Z490 Taichi',9999000,'https://www.anphatpc.com.vn/template/anphat_2020/images/anphatpc.png','AnPhatPC','asrock-z490-taichi'),(75,'https://www.anphatpc.com.vn/mainboard-asrock-b460m-pro4_id32981.html','https://anphat.com.vn/media/product/250_32981_b460m_pro4_l1_.png','Mainboard ASROCK B460M Pro4',2249000,'https://www.anphatpc.com.vn/template/anphat_2020/images/anphatpc.png','AnPhatPC','asrock-b460m-pro4'),(76,'https://www.anphatpc.com.vn/mainboard-asrock-z490-extreme4_id33019.html','https://anphat.com.vn/media/product/250_33019_z490_extreme4_l1_.png','Mainboard ASROCK Z490 Extreme4',4699000,'https://www.anphatpc.com.vn/template/anphat_2020/images/anphatpc.png','AnPhatPC','asrock-z490-extreme4'),(77,'https://www.anphatpc.com.vn/mainboard-gigabyte-z490-ud_id32924.html','https://anphat.com.vn/media/product/250_32924_2020043009295533516f45ed898f7d967afcaeea54b11311_big.png','Mainboard GIGABYTE Z490 UD',3999000,'https://www.anphatpc.com.vn/template/anphat_2020/images/anphatpc.png','AnPhatPC','gigabyte-z490-ud'),(78,'https://www.anphatpc.com.vn/mainboard-gigabyte-a520m-s2h_id34779.html','https://anphat.com.vn/media/product/250_34779_20200817133028267a224b03d92426612e98bb1cf187b5e4_big.png','Mainboard GIGABYTE A520M S2H',1699000,'https://www.anphatpc.com.vn/template/anphat_2020/images/anphatpc.png','AnPhatPC','gigabyte-a520m-s2h'),(79,'https://www.anphatpc.com.vn/mainboard-gigabyte-x570-ud_id33229.html','https://anphat.com.vn/media/product/250_33229_20190716164937686c74f5fc47fc31f25b3d263fbcebac1b_big.png','Mainboard GIGABYTE X570 UD',4099000,'https://www.anphatpc.com.vn/template/anphat_2020/images/anphatpc.png','AnPhatPC','gigabyte-x570-ud'),(80,'https://www.anphatpc.com.vn/mainboard-asrock-b550m-pro4_id33555.html','https://anphat.com.vn/media/product/250_33555_b550m_pro4_l1_.png','Mainboard ASROCK B550M Pro4',2599000,'https://www.anphatpc.com.vn/template/anphat_2020/images/anphatpc.png','AnPhatPC','asrock-b550m-pro4'),(81,'https://www.anphatpc.com.vn/mainboard-asus-ex-b460m-v5_id32992.html','https://anphat.com.vn/media/product/250_32992_ex_b460m_v5_04.jpg','Mainboard ASUS EX-B460M-V5',1849000,'https://www.anphatpc.com.vn/template/anphat_2020/images/anphatpc.png','AnPhatPC','asus-ex-b360m-v5'),(82,'https://www.anphatpc.com.vn/mainboard-asrock-h410m-hdv_id32988.html','https://anphat.com.vn/media/product/250_32988_h410m_hdv_l1_.png','Mainboard ASROCK H410M-HDV',1599000,'https://www.anphatpc.com.vn/template/anphat_2020/images/anphatpc.png','AnPhatPC','asrock-h410m-hdvp'),(83,'https://www.anphatpc.com.vn/mainboard-asus-rog-strix-z490-h-gaming-lga1200_id32898.html','https://anphat.com.vn/media/product/250_32898_rog_strix_z490_h_01.jpg','Mainboard ASUS ROG Strix Z490-H Gaming LGA1200',5699000,'https://www.anphatpc.com.vn/template/anphat_2020/images/anphatpc.png','AnPhatPC','asus-rog-strix-z490-h-gaming'),(84,'https://www.anphatpc.com.vn/mainboard-asus-rog-strix-z490-f-gaming-lga1200_id32896.html','https://anphat.com.vn/media/product/250_32896_32896_rog_strix_z490_f_011.jpg','Mainboard ASUS ROG Strix Z490-F Gaming LGA1200',6149000,'https://www.anphatpc.com.vn/template/anphat_2020/images/anphatpc.png','AnPhatPC','asus-rog-strix-z490-f-gaming'),(85,'https://www.anphatpc.com.vn/mainboard-asus-rog-maximus-xii-hero-wi-fi-z490-lga-1200_id32894.html','https://anphat.com.vn/media/product/250_32894_rog_maximus_xii_hero__wi_fi__01.jpg','Mainboard ASUS ROG MAXIMUS XII HERO (WI-FI) Z490 LGA 1200 ',9499000,'https://www.anphatpc.com.vn/template/anphat_2020/images/anphatpc.png','AnPhatPC','asus-rog-maximus-xii-hero-(wi-fi)'),(86,'https://www.anphatpc.com.vn/mainboard-asus-rog-maximus-xii-formula-z490-lga1200_id32892.html','https://anphat.com.vn/media/product/250_32892_rog_maximus_xii_formula_01.jpg','Mainboard ASUS ROG MAXIMUS XII FORMULA Z490 LGA1200',11599000,'https://www.anphatpc.com.vn/template/anphat_2020/images/anphatpc.png','AnPhatPC','asus-rog-maximus-xii-formula'),(87,'https://www.anphatpc.com.vn/mainboard-asus-rog-maximus-xii-extreme-z490-lga1200_id32891.html','https://anphat.com.vn/media/product/250_32891_rog_maximus_xii_extreme_01.jpg','Mainboard ASUS ROG MAXIMUS XII EXTREME Z490 LGA1200 ',17299000,'https://www.anphatpc.com.vn/template/anphat_2020/images/anphatpc.png','AnPhatPC','asus-rog-maximus-xii-extreme'),(88,'https://www.anphatpc.com.vn/mainboard-gigabyte-b460m-aorus-elite_id33990.html','https://anphat.com.vn/media/product/250_33990_2020052910024289cf25e53fbe102ccc28ff3a3c4f712fad_big.png','Mainboard GIGABYTE B460M AORUS ELITE',2699000,'https://www.anphatpc.com.vn/template/anphat_2020/images/anphatpc.png','AnPhatPC','gigabyte-b450m-aorus-elite'),(89,'https://www.anphatpc.com.vn/mainboard-asus-prime-z490-p-lga1200_id32905.html','https://anphat.com.vn/media/product/250_32905_32905_prime_z490_p_011.jpg','Mainboard ASUS PRIME Z490-P LGA1200',3899000,'https://www.anphatpc.com.vn/template/anphat_2020/images/anphatpc.png','AnPhatPC','asus-prime-z490-p'),(90,'https://www.anphatpc.com.vn/mainboard-asus-prime-z490m-plus-lga1200_id32906.html','https://anphat.com.vn/media/product/250_32906_prime_z490m_plus_01_p.jpg','Mainboard ASUS PRIME Z490M-PLUS LGA1200',3699000,'https://www.anphatpc.com.vn/template/anphat_2020/images/anphatpc.png','AnPhatPC','asus-prime-z490m-plus'),(91,'https://www.anphatpc.com.vn/mainboard-asus-rog-strix-z490-i-gaming-lga1200-itx_id32901.html','https://anphat.com.vn/media/product/250_32901_32901_rog_strix_z490_i_gaming_011.jpg','Mainboard ASUS ROG Strix Z490-I Gaming LGA1200 ITX',7199000,'https://www.anphatpc.com.vn/template/anphat_2020/images/anphatpc.png','AnPhatPC','asus-rog-strix-z490-i-gaming'),(92,'https://www.anphatpc.com.vn/mainboard-gigabyte-ga-h310m-ds2_id25794.html','https://anphat.com.vn/media/product/250_25794_mainboard_gigabyte_ga_h310m_ds2_1.png','Mainboard Gigabyte GA-H310M-DS2',1599000,'https://www.anphatpc.com.vn/template/anphat_2020/images/anphatpc.png','AnPhatPC','gigabyte-h310m-ds2'),(93,'https://www.anphatpc.com.vn/mainboard-mainboard-asus-ex-b365m-v5-1151v2-uatx_id29984.html','https://anphat.com.vn/media/product/250_29984_01_ex_b365m_v5.png','Mainboard ASUS EX-B365M-V5 1151v2 uATX ',1549000,'https://www.anphatpc.com.vn/template/anphat_2020/images/anphatpc.png','AnPhatPC','asus-ex-b360m-v5'),(94,'https://www.anphatpc.com.vn/mainboard-asrock-b450m-steel-legend-pink-edition_id34909.html','https://anphat.com.vn/media/product/250_34909_b450m_steel_legend_m1__pink.png','Mainboard ASROCK B450M Steel Legend (Pink Edition)',2299000,'https://www.anphatpc.com.vn/template/anphat_2020/images/anphatpc.png','AnPhatPC','asrock-b450m-steel-legend'),(95,'https://www.anphatpc.com.vn/mainboard-asus-rog-maximus-xii-apex-z490-lga-1200_id32893.html','https://anphat.com.vn/media/product/250_32893_rog_maximus_xii_apex_01.jpg','Mainboard ASUS ROG MAXIMUS XII APEX Z490 LGA 1200',9799000,'https://www.anphatpc.com.vn/template/anphat_2020/images/anphatpc.png','AnPhatPC','asus-rog-maximus-xii-apex'),(96,'https://www.anphatpc.com.vn/mainboard-asrock-x570-taichi-am4-atx_id29853.html','https://anphat.com.vn/media/product/250_29853_asrock_x570_taichi_1.png','Mainboard ASROCK X570 Taichi AM4 ATX',7999000,'https://www.anphatpc.com.vn/template/anphat_2020/images/anphatpc.png','AnPhatPC','asrock-x570-taichi'),(97,'https://www.hanoicomputer.vn/mainboard-asus-pro-ws-x570-ace','https://hanoicomputercdn.com/media/product/250_49338_pro_ws_x570_ace_1.png','Mainboard Asus Pro WS X570-ACE',8989000,'https://hanoicomputercdn.com/media/lib/logo-trang.png','HanoiComputer','asus-pro-ws-x570-ace'),(98,'https://www.hanoicomputer.vn/mainboard-asus-rog-strix-z370-i-gaming','https://hanoicomputercdn.com/media/product/250_39744_81v96sfvu2l__sl1500_.jpg','Mainboard ASUS ROG STRIX Z370-I GAMING',5990000,'https://hanoicomputercdn.com/media/lib/logo-trang.png','HanoiComputer','asus-rog-strix-z370-i-gaming'),(99,'https://www.hanoicomputer.vn/mainboard-asus-rog-strix-z390-h-gaming','https://hanoicomputercdn.com/media/product/250_44256_1_hinh_dai_dien_bo_mach_chu_gaming_cao_cap_asus_rog_strix_z390_h_gaming_aura_sync_box.png','Mainboard ASUS ROG STRIX Z390-H GAMING',4699000,'https://hanoicomputercdn.com/media/lib/logo-trang.png','HanoiComputer','asus-rog-strix-z390-h-gaming'),(100,'https://www.hanoicomputer.vn/mainboard-msi-b550m-pro-vhd-wifi','https://hanoicomputercdn.com/media/product/250_55007_mainboard_msi_b550m_pro_vhd_wifi_5.png','Mainboard MSI B550M PRO-VDH WIFI',3199000,'https://hanoicomputercdn.com/media/lib/logo-trang.png','HanoiComputer','msi-b550m-pro-vdh-wifi'),(101,'https://www.hanoicomputer.vn/mainboard-gigabyte-b360-aorus-gaming-3','https://hanoicomputercdn.com/media/product/250_41793_mainboard_gigabyte_b360_aorus_gaming_3_0001_2.jpg','Mainboard Gigabyte B360 Aorus Gaming 3',2999000,'https://hanoicomputercdn.com/media/lib/logo-trang.png','HanoiComputer','gigabyte-b360-aorus-gaming-3'),(102,'https://www.hanoicomputer.vn/mainboard-gigabyte-b360m-aorus-gaming-3','https://hanoicomputercdn.com/media/product/250_41792_mainboard_gigabyte_b360m_aorus_gaming_3_0000_1.jpg','Mainboard Gigabyte B360M Aorus Gaming 3',2199000,'https://hanoicomputercdn.com/media/lib/logo-trang.png','HanoiComputer','gigabyte-b360m-aorus-gaming-3'),(103,'https://www.hanoicomputer.vn/mainboard-asus-ws-z390-pro','https://hanoicomputercdn.com/media/product/250_44316__h__nh______i_di___n__bo_mach_chu_mainboard_workstation_asus_ws_z390_pro_hop_box_san_pham.png','Mainboard ASUS WS Z390 PRO',11990000,'https://hanoicomputercdn.com/media/lib/logo-trang.png','HanoiComputer','asus-ws-z390-pro'),(104,'https://www.hanoicomputer.vn/mainboard-msi-b460m-a-pro','https://hanoicomputercdn.com/media/product/250_54008_msi_b460m_a_pro.jpg','Mainboard MSI B460M-A PRO',1899000,'https://hanoicomputercdn.com/media/lib/logo-trang.png','HanoiComputer','msi-b460m-a-pro'),(105,'https://www.hanoicomputer.vn/mainboard-msi-b360m-bazooka','https://hanoicomputercdn.com/media/product/250_42056_mainboard_msi_b360m_bazooka_0002_3.jpg','Mainboard MSI B360M BAZOOKA',2299000,'https://hanoicomputercdn.com/media/lib/logo-trang.png','HanoiComputer','msi-b360m-bazooka'),(106,'https://www.hanoicomputer.vn/mainboard-msi-b360m-mortar','https://hanoicomputercdn.com/media/product/250_41855_mainboard_msi_b360m_mortar_0002_3.jpg','Mainboard MSI B360M MORTAR',2299000,'https://hanoicomputercdn.com/media/lib/logo-trang.png','HanoiComputer','msi-b360m-mortar'),(107,'https://www.hanoicomputer.vn/mainboard-asus-rog-maximus-xi-hero-wi-fice','https://hanoicomputercdn.com/media/product/250_44070_mainboard_asus_rog_maximus_xi_hero_wi_fice_0005_6.jpg','Mainboard ASUS ROG MAXIMUS XI HERO (WI-FI)/CE Z390',8199000,'https://hanoicomputercdn.com/media/lib/logo-trang.png','HanoiComputer','asus-rog-maximus-xi-hero-(wi-fi)'),(108,'https://www.hanoicomputer.vn/mainboard-asus-z370-rog-maximus-x-hero','https://hanoicomputercdn.com/media/product/250_38290_z370_maximus_x_hero__custom_.jpg','Mainboard ASUS Z370 ROG MAXIMUS X HERO',7499000,'https://hanoicomputercdn.com/media/lib/logo-trang.png','HanoiComputer','asus-rog-maximus-x-hero'),(109,'https://www.hanoicomputer.vn/mainboard-asus-rog-strix-b550-f-gaming-wi-fi-amd-b550-socket-am4-atx-4-khe-ram-drr4','https://hanoicomputercdn.com/media/product/250_53323_rog_strix_b550_f_gaming__wi_fi__1.jpg','Mainboard ASUS ROG STRIX B550-F GAMING (WI-FI) (AMD B550, Socket AM4, ATX, 4 khe RAM DRR4)',5499000,'https://hanoicomputercdn.com/media/lib/logo-trang.png','HanoiComputer','asus-rog-strix-b550-f-gaming-(wi-fi)'),(110,'https://www.hanoicomputer.vn/mainboard-asus-rog-maximus-xii-hero-wi-fi-intel-z490-socket-1200-atx-4-khe-ram-ddr4','https://hanoicomputercdn.com/media/product/250_52343_rog_maximus_xii_hero__wi_fi__01.jpg','Mainboard ASUS ROG MAXIMUS XII HERO (WI-FI) (Intel Z490, Socket 1200, ATX, 4 khe RAM DDR4)',9899000,'https://hanoicomputercdn.com/media/lib/logo-trang.png','HanoiComputer','asus-rog-maximus-xii-hero-(wi-fi)'),(111,'https://www.hanoicomputer.vn/mainboard-asus-proart-z490-creator-10g-intel-z490-socket-1200-atx-4-khe-ram-ddr4','https://hanoicomputercdn.com/media/product/250_52357_proart_z490_creator_10g_01.jpg','Mainboard ASUS ProArt Z490-CREATOR 10G (Intel Z490, Socket 1200, ATX, 4 khe RAM DDR4)',8899000,'https://hanoicomputercdn.com/media/lib/logo-trang.png','HanoiComputer','asus-proart-z490-creator-10g'),(112,'https://www.hanoicomputer.vn/mainboard-asus-rog-crosshair-viii-hero-wifi','https://hanoicomputercdn.com/media/product/250_47569_rog_crosshair_viii_hero__wi_fi__aura_sync_01.png','Mainboard ASUS ROG X570 CROSSHAIR VIII HERO Wifi (AMD X570, Socket AM4, ATX, 4 khe RAM DDR4)',11899000,'https://hanoicomputercdn.com/media/lib/logo-trang.png','HanoiComputer','asus-rog-crosshair-viii-hero-(wi-fi)'),(113,'https://www.hanoicomputer.vn/mainboard-asus-rog-strix-z490-g-wi-fi-gaming-intel-z490-socket-1200-m-atx-4-khe-ram-ddr4','https://hanoicomputercdn.com/media/product/250_52349_rog_strix_z490_g_gaming__wi_fi__01_01.jpg','Mainboard ASUS ROG STRIX Z490-G (WI-FI) GAMING (Intel Z490, Socket 1200, m-ATX, 4 khe RAM DDR4)',6099000,'https://hanoicomputercdn.com/media/lib/logo-trang.png','HanoiComputer','asus-rog-strix-z490-g-gaming-(wi-fi)'),(114,'https://www.hanoicomputer.vn/mainboard-msi-mpg-z390m-gaming-edge-ac','https://hanoicomputercdn.com/media/product/250_47050_mainboard_msi_mpg_z390m_gaming_edge_ac_0000_1.jpg','Mainboard MSI MPG Z390M GAMING EDGE AC (Intel Z390, Socket 1151, ATX, 4 khe RAM DDR4)',5099000,'https://hanoicomputercdn.com/media/lib/logo-trang.png','HanoiComputer','msi-mpg-z390m-gaming-edge-ac'),(115,'https://www.hanoicomputer.vn/mainboard-asus-rog-maximus-xii-apex-intel-z490-socket-1200-atx-4-khe-ram-ddr4','https://hanoicomputercdn.com/media/product/250_52344_rog_maximus_xii_apex_01.jpg','Mainboard ASUS ROG MAXIMUS XII APEX (Intel Z490, Socket 1200, ATX, 4 khe RAM DDR4)',10899000,'https://hanoicomputercdn.com/media/lib/logo-trang.png','HanoiComputer','asus-rog-maximus-xii-apex'),(116,'https://www.hanoicomputer.vn/mainboard-asus-rog-maximus-xii-formula-intel-z490-socket-1200-atx-4-khe-ram-ddr4.','https://hanoicomputercdn.com/media/product/250_52342_rog_maximus_xii_formula_01.jpg','Mainboard ASUS ROG MAXIMUS XII FORMULA (Intel Z490, Socket 1200, ATX, 4 khe RAM DDR4)',0,'https://hanoicomputercdn.com/media/lib/logo-trang.png','HanoiComputer','asus-rog-maximus-xii-formula'),(117,'https://www.hanoicomputer.vn/mainboard-asus-rog-maximus-xii-formula-intel-z490-socket-1200-atx-4-khe-ram-ddr4','https://hanoicomputercdn.com/media/product/250_52512_rog_maximus_xii_formula_01.jpg','Mainboard ASUS ROG MAXIMUS XII FORMULA (Intel Z490, Socket 1200, ATX, 4 khe RAM DDR4)',13199000,'https://hanoicomputercdn.com/media/lib/logo-trang.png','HanoiComputer','asus-rog-maximus-xii-formula'),(118,'https://www.hanoicomputer.vn/mainboard-asus-rog-maximus-xi-apex-z390','https://hanoicomputercdn.com/media/product/250_45816_rog_maximus_xi_apex_z390_10.png','Mainboard ASUS ROG MAXIMUS XI APEX (Intel Z390,Socket 1151, ATX, 2 khe RAM DDR4)',9699000,'https://hanoicomputercdn.com/media/lib/logo-trang.png','HanoiComputer','asus-rog-maximus-xi-apex'),(119,'https://www.hanoicomputer.vn/mainboard-asrock-h310cm-hdv','https://hanoicomputercdn.com/media/product/250_44863_h310cm_hdv_l1_.png','Mainboard ASROCK H310CM HDV (Intel H310, Socket 1151, m-ATX, 2 khe RAM DDR4)',1399000,'https://hanoicomputercdn.com/media/lib/logo-trang.png','HanoiComputer','asrock-h310cm-hdv/m.2'),(120,'https://www.hanoicomputer.vn/mainboard-asus-rog-strix-z390-f-gaming','https://hanoicomputercdn.com/media/product/250_44069__h__nh______i_di___n__bo_mach_chu_gaming_cao_cap_asus_rog_strix_z390_f_gaming_aura_sync_san_pham.png','Mainboard ASUS ROG STRIX Z390-F GAMING (Intel Z390, Socket 1151, ATX, 4 khe RAM DDR4)',4799000,'https://hanoicomputercdn.com/media/lib/logo-trang.png','HanoiComputer','asus-rog-strix-z390-f-gaming'),(121,'https://www.hanoicomputer.vn/mainboard-gigabyte-z390-aorus-xtreme-waterforce','https://hanoicomputercdn.com/media/product/250_45556_mainboard_gigabyte_z390_aorus_xtreme_waterforce_0003_4.jpg','Mainboard GIGABYTE Z390 AORUS XTREME WATERFORCE (Intel Z390, Socket 1151, ATX, 4 khe RAM DDR4)',21999000,'https://hanoicomputercdn.com/media/lib/logo-trang.png','HanoiComputer','gigabyte-z390-aorus-xtreme-waterforce'),(122,'https://www.hanoicomputer.vn/mainboard-asus-rog-strix-z490-f-gaming-intel-z490-socket-1200-atx-4-khe-ram-ddr4','https://hanoicomputercdn.com/media/product/250_52346_rog_strix_z490_f_01_02.jpg','Mainboard ASUS ROG STRIX Z490-F GAMING (Intel Z490, Socket 1200, ATX, 4 khe RAM DDR4)',6299000,'https://hanoicomputercdn.com/media/lib/logo-trang.png','HanoiComputer','asus-rog-strix-z490-f-gaming'),(123,'https://www.hanoicomputer.vn/mainboard-asus-rog-strix-z490-h-gaming-intel-z490-socket-1200-atx-4-khe-ram-ddr4','https://hanoicomputercdn.com/media/product/250_52348_rog_strix_z490_h_01_01.jpg','Mainboard ASUS ROG STRIX Z490-H GAMING (Intel Z490, Socket 1200, ATX, 4 khe RAM DDR4)',6399000,'https://hanoicomputercdn.com/media/lib/logo-trang.png','HanoiComputer','asus-rog-strix-z490-h-gaming'),(124,'https://www.hanoicomputer.vn/mainboard-asus-rog-strix-x570-f-gaming','https://hanoicomputercdn.com/media/product/250_47178_rog_strix_x570_f_gaming_aura_sync_01.png','Mainboard ASUS ROG STRIX X570-F GAMING (AMD X570 ,Socket AM4, ATX, 4 khe RAM DDR4)',5899000,'https://hanoicomputercdn.com/media/lib/logo-trang.png','HanoiComputer','asus-rog-strix-x570-f-gaming'),(125,'https://www.hanoicomputer.vn/mainboard-msi-mpg-z390i-gaming-edge-ac','https://hanoicomputercdn.com/media/product/250_45422_mainboard_msi_mpg_z390i_gaming_edge_ac_0006_7.jpg','Mainboard MSI MPG Z390I GAMING EDGE AC (Intel Z390, Socket 1151, m-ITX, 4 khe RAM DDR4)',5990000,'https://hanoicomputercdn.com/media/lib/logo-trang.png','HanoiComputer','msi-mpg-z390i-gaming-edge-ac'),(126,'https://www.hanoicomputer.vn/mainboard-asrock-z490-phantom-gaming-itx/tb3-intel-z490-socket-1200-mini-itx-2-khe-ram-ddr4','https://hanoicomputercdn.com/media/product/250_52448_mainboard_asrock_z490_phantom_gaming_itxtb3_intel_z490_socket_1200_mini_itx_2_khe_ram_ddr4_0004_5.jpg','Mainboard ASROCK Z490 PHANTOM GAMING-ITX/TB3 (Intel Z490, Socket 1200, Mini-ITX, 2 khe Ram DDR4)',3099000,'https://hanoicomputercdn.com/media/lib/logo-trang.png','HanoiComputer','asrock-z490-phantom-gaming-itx/tb3'),(127,'https://www.hanoicomputer.vn/mainboard-msi-mpg-z490-gaming-edge-wifi-intel-z490-socket-1200-atx-4-khe-ram-ddr4','https://hanoicomputercdn.com/media/product/250_52567_msi_mpg_z490_gaming_edge_wifi.jpg','Mainboard MSI MPG Z490 GAMING EDGE WIFI (Intel Z490, Socket 1200, ATX, 4 khe RAM DDR4)',6199000,'https://hanoicomputercdn.com/media/lib/logo-trang.png','HanoiComputer','msi-mpg-z490-gaming-edge-wifi'),(128,'https://www.hanoicomputer.vn/mainboard-msi-mag-b550m-mortar-wifi','https://hanoicomputercdn.com/media/product/250_53457_msi_mag_b550m_mortar_wifi.jpg','Mainboard MSI MAG B550M MORTAR WIFI (AMD B550, Socket AM4, m-ATX, 4 khe RAM DDR4)',4899000,'https://hanoicomputercdn.com/media/lib/logo-trang.png','HanoiComputer','msi-mag-b550m-mortar-wifi'),(129,'https://www.hanoicomputer.vn/mainboard-asrock-h410m-hdv-intel-h410-socket-1200-m-atx-2-khe-ram-ddr4','https://hanoicomputercdn.com/media/product/250_52454_mainboard_asrock_h410m_hdv_intel_h410_socket_1200_m_atx_2_khe_ram_ddr4_0004_5.jpg','Mainboard ASROCK H410M-HDV (Intel H410, Socket 1200, m-ATX, 2 khe Ram DDR4)',1599000,'https://hanoicomputercdn.com/media/lib/logo-trang.png','HanoiComputer','asrock-h410m-hdv/m.2'),(130,'https://www.hanoicomputer.vn/mainboard-asus-rog-crosshair-viii-formula','https://hanoicomputercdn.com/media/product/250_47568_rog_crosshair_viii_formula_aura_sync_01.png','Mainboard ASUS ROG X570 CROSSHAIR VIII FORMULA (AMD X570, Socket AM4, ATX, 4 khe RAM DDR4)',21699000,'https://hanoicomputercdn.com/media/lib/logo-trang.png','HanoiComputer','asus-rog-crosshair-viii-formula'),(131,'https://www.hanoicomputer.vn/mainboard-gigabyte-z490-aorus-ultrag2-intel-z490-socket-1200-atx-4-khe-ram-ddr4','https://hanoicomputercdn.com/media/product/250_52299_gigabyte_z490_aorus_ultra_g2.jpg','Mainboard GIGABYTE Z490 AORUS ULTRA(G2) (Intel Z490, Socket 1200, ATX, 4 khe RAM DDR4)',10899000,'https://hanoicomputercdn.com/media/lib/logo-trang.png','HanoiComputer','gigabyte-z490-aorus-ultra-g2'),(132,'https://www.hanoicomputer.vn/mainboard-asus-b365m-k','https://hanoicomputercdn.com/media/product/250_45499_prime_b365m_k_01.png','Mainboard ASUS PRIME B365M-K (Intel B365, Socket 1151, m-ATX, 2 khe RAM DDR4)',1699000,'https://hanoicomputercdn.com/media/lib/logo-trang.png','HanoiComputer','asus-prime-b365m-k'),(133,'https://www.hanoicomputer.vn/mainboard-asus-tuf-gaming-b460-pro-wifi','https://hanoicomputercdn.com/media/product/250_52865_tuf_gaming_b460_pro__wi_fi__01_01.jpg','Mainboard ASUS TUF GAMING B460-PRO (WIFI) (Intel B460, Socket 1200, ATX, 4 khe Ram DDR4)',3199000,'https://hanoicomputercdn.com/media/lib/logo-trang.png','HanoiComputer','asus-tuf-gaming-b460-pro-(wi-fi)'),(134,'https://www.hanoicomputer.vn/mainboard-asus-rog-maximus-xii-extreme-intel-z490-socket-1200-e-atx-4-khe-ram-ddr4','https://hanoicomputercdn.com/media/product/250_52341_rog_maximus_xii_extreme_01.jpg','Mainboard ASUS ROG MAXIMUS XII EXTREME (Intel Z490, Socket 1200, E-ATX, 4 khe RAM DDR4)',18999000,'https://hanoicomputercdn.com/media/lib/logo-trang.png','HanoiComputer','asus-rog-maximus-xii-extreme'),(135,'https://www.hanoicomputer.vn/mainboard-asus-rog-strix-b550-f-gaming-amd-b550-socket-am4-atx-4-khe-ram-drr4','https://hanoicomputercdn.com/media/product/250_53322_rog_strix_b550_f_gaming_001.jpg','Mainboard ASUS ROG STRIX B550-F GAMING (AMD B550, Socket AM4, ATX, 4 khe RAM DRR4)',5199000,'https://hanoicomputercdn.com/media/lib/logo-trang.png','HanoiComputer','asus-rog-strix-b550-f-gaming'),(136,'https://www.hanoicomputer.vn/mainboard-rog-maximus-xi-formula','https://hanoicomputercdn.com/media/product/250_44254_hinh_dai_dien_bo_mach_chu_gaming_cao_cap_asus_rog_maximus_xi_formula_z390_aura_sync_hop_san_pham_01.png','Mainboard ASUS ROG Z390 MAXIMUS XI FORMULA (Intel Z390 ,Socket 1151,ATX,4 khe RAM DDR4)',10899000,'https://hanoicomputercdn.com/media/lib/logo-trang.png','HanoiComputer','asus-rog-maximus-xi-formula'),(137,'https://www.hanoicomputer.vn/mainboard-asus-rog-maximus-xi-extreme','https://hanoicomputercdn.com/media/product/250_44894__h__nh______i_di___n_bo_mach_chu_gaming_cao_cap_asus_rog_maximus_xi_extreme_z390_aura_sync_hop_san_pham.png','Mainboard ASUS ROG Z390 MAXIMUS XI EXTREME (Intel Z390,Socket 1151, ATX, 4 khe RAM DDR4)',12099000,'https://hanoicomputercdn.com/media/lib/logo-trang.png','HanoiComputer','asus-rog-maximus-xi-extreme'),(138,'https://www.hanoicomputer.vn/mainboard-asus-rog-crosshair-viii-hero','https://hanoicomputercdn.com/media/product/250_47570_rog_crosshair_viii_hero_aura_sync_01.png','Mainboard ASUS ROG X570 CROSSHAIR VIII HERO (AMD X570, Socket AM4, ATX, 4 khe RAM DDR4)',11399000,'https://hanoicomputercdn.com/media/lib/logo-trang.png','HanoiComputer','asus-rog-crosshair-viii-hero'),(139,'https://www.hanoicomputer.vn/mainboard-asus-rog-strix-b365-f-gaming','https://hanoicomputercdn.com/media/product/250_47176_rog_strix_b365_f_gaming_01.png','Mainboard ASUS ROG STRIX B365-F GAMING (Intel B365, Socket 1151, ATX, 4 khe RAM DDR4)',2999000,'https://hanoicomputercdn.com/media/lib/logo-trang.png','HanoiComputer','asus-rog-strix-b365-f-gaming'),(140,'https://www.hanoicomputer.vn/mainboard-asus-rog-strix-b460-h-gaming','https://hanoicomputercdn.com/media/product/250_52863_rog_strix_b460_h_gaming_01_01.jpg','Mainboard ASUS ROG STRIX B460-H GAMING (Intel B460, Socket 1200, ATX, 4 khe Ram DDR4)',3459000,'https://hanoicomputercdn.com/media/lib/logo-trang.png','HanoiComputer','asus-rog-strix-b460-h-gaming'),(141,'https://www.hanoicomputer.vn/mainboard-asus-rog-strix-b460-f-gaming','https://hanoicomputercdn.com/media/product/250_52861_rog_strix_b460_f_gaming_01_01.jpg','Mainboard ASUS ROG STRIX B460-F GAMING (Intel B460, Socket 1200, ATX, 4 khe Ram DDR4)',3799000,'https://hanoicomputercdn.com/media/lib/logo-trang.png','HanoiComputer','asus-rog-strix-b460-f-gaming'),(142,'https://www.hanoicomputer.vn/mainboard-msi-b365m-pro-vh','https://hanoicomputercdn.com/media/product/250_47576_mainboard_msi_b365m_pro_vh_0004_5.jpg','Mainboard MSI B365M PRO-VH (Intel B365, Socket 1151, m-ATX, 2 khe RAM DDR4)',1799000,'https://hanoicomputercdn.com/media/lib/logo-trang.png','HanoiComputer','msi-b365m-pro-vh'),(143,'https://www.hanoicomputer.vn/mainboard-gigabyte-b550i-aorus-pro-ax-amd-b550-socket-am4-mini-itx-2-khe-ram-drr4','https://hanoicomputercdn.com/media/product/250_54999_b550i_aorus_pro_ax.jpg','Mainboard Gigabyte B550I AORUS PRO AX (AMD B550, Socket AM4, Mini-ITX, 2 khe RAM DRR4)',4999000,'https://hanoicomputercdn.com/media/lib/logo-trang.png','HanoiComputer','gigabyte-b550i-aorus-pro-ax'),(144,'https://www.hanoicomputer.vn/mainboard-msi-mpg-x570-gaming-edge-wi-fi','https://hanoicomputercdn.com/media/product/250_47518_mainboard_msi_mpg_x570_gaming_edge_wi_fi_0004_5.jpg','Mainboard MSI MPG X570 GAMING EDGE Wifi (AMD X570, Socket AM4, E-ATX, 4 khe RAM DDR4) ',6199000,'https://hanoicomputercdn.com/media/lib/logo-trang.png','HanoiComputer','msi-mpg-x570-gaming-edge-wifi'),(145,'https://www.hanoicomputer.vn/mainboard-asus-rog-strix-b360-f-gaming','https://hanoicomputercdn.com/media/product/250_41782_mainboard_asus_rog_strix_b360_f_gaming_0004_5.jpg','Mainboard ASUS ROG STRIX B360-F GAMING (Intel B360, Socket 1151, ATX, 4 khe RAM DDR4)',2899000,'https://hanoicomputercdn.com/media/lib/logo-trang.png','HanoiComputer','asus-rog-strix-b360-f-gaming'),(146,'https://www.hanoicomputer.vn/mainboard-asus-rog-strix-b450-f-gaming','https://hanoicomputercdn.com/media/product/250_43236_mainboard_asus_rog_strix_b450_f_gaming_0000_1.jpg','Mainboard ASUS ROG STRIX B450-F GAMING (AMD B450, Socket AM4, ATX, 4 khe RAM DDR4)',2999000,'https://hanoicomputercdn.com/media/lib/logo-trang.png','HanoiComputer','asus-rog-strix-b450-f-gaming'),(147,'https://www.hanoicomputer.vn/mainboard-asrock-a320m-hdv-r4.0','https://hanoicomputercdn.com/media/product/250_48086_mainboard_asrock_a320m_hdv_r4_0_0004_a320m_hdv_r4_0_l1_.jpg','Mainboard ASROCK A320M-HDV R4.0 (AMD A320M, Socket AM4,,m-ATX, 2 khe RAM DDR4)',1249000,'https://hanoicomputercdn.com/media/lib/logo-trang.png','HanoiComputer','asrock-a320m-hdv-r4.0'),(148,'https://www.hanoicomputer.vn/mainboard-msi-meg-z490i-unify-intel-z490-socket-1200-mini-itx-2-khe-ram-ddr4','https://hanoicomputercdn.com/media/product/250_52311_mainboard_msi_meg_z490i_unify_intel_z490_socket_1200_mini_itx_2_khe_ram_ddr4_0000_thumbnail__5_.jpg','Mainboard MSI MEG Z490i UNIFY (Intel Z490, Socket 1200, mini ITX, 2 khe RAM DDR4)',7599000,'https://hanoicomputercdn.com/media/lib/logo-trang.png','HanoiComputer','msi-meg-z490i-unify'),(149,'https://www.hanoicomputer.vn/mainboard-asrock-h410m-hdv/m.2-intel-h410-socket-1200-m-atx-2-khe-ram-ddr4','https://hanoicomputercdn.com/media/product/250_52452_mainboard_asrock_h410m_hdvm_2_intel_h410_socket_1200_m_atx_2_khe_ram_ddr4_0004_5.jpg','Mainboard ASROCK H410M-HDV/M.2 (Intel H410, Socket 1200, m-ATX, 2 khe Ram DDR4)',1799000,'https://hanoicomputercdn.com/media/lib/logo-trang.png','HanoiComputer','asrock-h410m-hdv/m.2'),(150,'https://www.hanoicomputer.vn/mainboard-asus-rog-strix-b460-i-gaming','https://hanoicomputercdn.com/media/product/250_52864_rog_strix_b460_i_gaming_01.png','Mainboard ASUS ROG STRIX B460-I GAMING (Intel B460, Socket 1200, Mini-ITX, 2 khe Ram DDR4)',3899000,'https://hanoicomputercdn.com/media/lib/logo-trang.png','HanoiComputer','asus-rog-strix-b460-i-gaming'),(151,'https://www.hanoicomputer.vn/mainboard-gigabyte-b550-aorus-elite-tl','https://hanoicomputercdn.com/media/product/250_56174_53556_gigabyte_b550_aorus_elite.jpg','Mainboard Gigabyte B550 AORUS ELITE (AMD B550, Socket AM4, m-ATX, 4 khe RAM DDR4) (HÀNG THANH LÝ MỚI 95% - MBGI578)',3299000,'https://hanoicomputercdn.com/media/lib/logo-trang.png','HanoiComputer','gigabyte-b450-aorus-m'),(152,'https://www.hanoicomputer.vn/mainboard-gigabyte-b365m-d2v','https://hanoicomputercdn.com/media/product/250_46797_mainboard_gigabyte_b365m_d2v_0002_3.jpg','Mainboard GIGABYTE B365M-D2V (Intel B365, Socket 1151, m-ATX, 2 khe RAM DDR4)',1749000,'https://hanoicomputercdn.com/media/lib/logo-trang.png','HanoiComputer','gigabyte-b365m-d2v'),(153,'https://www.hanoicomputer.vn/mainboard-asus-rog-strix-b360-i-gaming','https://hanoicomputercdn.com/media/product/250_51060_rog_strix_b360_i_gaming_01.png','Mainboard ASUS ROG STRIX B360-I GAMING (Intel B360 , Socket 1151, Mini ATX, 2 khe RAM DDR4)',3299000,'https://hanoicomputercdn.com/media/lib/logo-trang.png','HanoiComputer','asus-rog-strix-b360-i-gaming'),(154,'https://www.hanoicomputer.vn/mainboard-msi-prestige-x570-creation','https://hanoicomputercdn.com/media/product/250_47516_1.png','Mainboard MSI Prestige X570 CREATION (AMD X570, Socket AM4, E-ATX, 4 khe RAM DDR4) ',14599000,'https://hanoicomputercdn.com/media/lib/logo-trang.png','HanoiComputer','msi-prestige-x570-creation'),(155,'https://www.hanoicomputer.vn/mainboard-asus-rog-strix-b365-g-gaming','https://hanoicomputercdn.com/media/product/250_47177_rog_strix_b365_g_gaming_aura_sync_1.png','Mainboard ASUS ROG STRIX B365-G GAMING (Intel B365 , Socket 1151, m-ATX, 4 khe RAM DDR4)',2059000,'https://hanoicomputercdn.com/media/lib/logo-trang.png','HanoiComputer','asus-rog-strix-b365-g-gaming'),(156,'https://www.hanoicomputer.vn/mainboard-asus-rog-strix-b460-g-gaming','https://hanoicomputercdn.com/media/product/250_52862_rog_strix_b460_g_gaming_01_02.jpg','Mainboard ASUS ROG STRIX B460-G GAMING (Intel B460, Socket 1200, m-ATX, 4 khe Ram DDR4)',2999000,'https://hanoicomputercdn.com/media/lib/logo-trang.png','HanoiComputer','asus-rog-strix-b460-g-gaming'),(157,'https://www.hanoicomputer.vn/mainboard-asrock-b550-steel-legend','https://hanoicomputercdn.com/media/product/250_55023_b550_steel_legend_l1_.png','Mainboard ASROCK B550 STEEL LEGEND (AMD B550, Socket AM4, ATX, 4 khe RAM DDR4)',4599000,'https://hanoicomputercdn.com/media/lib/logo-trang.png','HanoiComputer','asrock-b550-steel-legend'),(158,'https://www.hanoicomputer.vn/mainboard-asrock-b450-steel-legend','https://hanoicomputercdn.com/media/product/250_48710_mainboard_asrock_b450_steel_legend_0004_5.jpg','Mainboard ASROCK B450 STEEL LEGEND (AMD B450, Socket AM4, ATX, 4 khe RAM DDR4)',2399000,'https://hanoicomputercdn.com/media/lib/logo-trang.png','HanoiComputer','asrock-b450-steel-legend'),(159,'https://www.hanoicomputer.vn/mainboard-msi-b450m-pro-m2-max','https://hanoicomputercdn.com/media/product/250_49679_mainboard_msi_b450m_pro_m2_max_0002_3.jpg','Mainboard MSI B450M PRO-M2 MAX (AMD B450, Socket AM4, m-ATX, 2 khe RAM DDR4) ',1829000,'https://hanoicomputercdn.com/media/lib/logo-trang.png','HanoiComputer','msi-b450m-pro-m2-max'),(160,'https://www.hanoicomputer.vn/mainboard-asusrog-strix-z390-i-gaming','https://hanoicomputercdn.com/media/product/250_45425_1__bo_mach_chu_gaming_cao_cap_asus_rog_strix_z390_i_gaming_aura_sync_hop_san_pham.png','Mainboard ASUS ROG STRIX Z390-I GAMING (Intel Z390, Socket 1151, Mini ATX, 2 khe RAM DDR4)',5999000,'https://hanoicomputercdn.com/media/lib/logo-trang.png','HanoiComputer','asus-rog-strix-z390-i-gaming'),(161,'https://www.hanoicomputer.vn/mainboard-asus-rog-strix-z490-i-gaming-intel-z490-socket-1200-mini-itx-2-khe-ram-ddr4','https://hanoicomputercdn.com/media/product/250_52351_rog_strix_z490_i_gaming_01_01.jpg','Mainboard ASUS ROG STRIX Z490-I GAMING (Intel Z490, Socket 1200, Mini ITX, 2 khe RAM DDR4)',7299000,'https://hanoicomputercdn.com/media/lib/logo-trang.png','HanoiComputer','asus-rog-strix-z490-i-gaming'),(162,'https://www.hanoicomputer.vn/mainboard-asus-rog-strix-b360-g-gaming','https://hanoicomputercdn.com/media/product/250_41783_mainboard_asus_rog_strix_b360_g_gaming_0006_7.jpg','Mainboard ASUS ROG STRIX B360-G GAMING (Intel B360, Socket 1151, m-ATX, 4 khe RAM DDR4)',2290000,'https://hanoicomputercdn.com/media/lib/logo-trang.png','HanoiComputer','asus-rog-strix-b360-g-gaming'),(163,'https://www.hanoicomputer.vn/mainboard-msi-b450m-pro-vdh-max','https://hanoicomputercdn.com/media/product/250_49678_mainboard_msi_b450m_pro_vdh_max_0000_1.jpg','Mainboard MSI B450M PRO VDH MAX (AMD B450, Socket AM4, m-ATX, 4 khe RAM DDR4) ',1949000,'https://hanoicomputercdn.com/media/lib/logo-trang.png','HanoiComputer','msi-b450m-pro-vdh-max'),(164,'https://www.hanoicomputer.vn/mainboard-asrock-b365-phantom-gaming-4','https://hanoicomputercdn.com/media/product/250_45725_mainboard_asrock_b365_phantom_gaming_4_0004_5.jpg','Mainboard ASROCK B365 Phantom Gaming 4 (Intel B365, Socket 1151, ATX, 4 khe RAM DDR4)',2399000,'https://hanoicomputercdn.com/media/lib/logo-trang.png','HanoiComputer','asrock-b365-phantom-gaming-4'),(165,'https://www.hanoicomputer.vn/mainboard-asrock-b460-phantom-gaming-4','https://hanoicomputercdn.com/media/product/250_52975_b460_phantom_gaming_4.jpg','Mainboard ASROCK B460 PHANTOM GAMING 4 (Intel B460, Socket 1200, ATX, 4 khe Ram DDR4)',2299000,'https://hanoicomputercdn.com/media/lib/logo-trang.png','HanoiComputer','asrock-b460-phantom-gaming-4'),(166,'https://www.hanoicomputer.vn/mainboard-msi-mag-b460-tomahawk','https://hanoicomputercdn.com/media/product/250_52924_msi_b460_tomahawk_box2.jpg','Mainboard MSI MAG B460 TOMAHAWK (Intel B460, Socket 1200, ATX, 4 khe RAM DDR4)',3599000,'https://hanoicomputercdn.com/media/lib/logo-trang.png','HanoiComputer','msi-mag-b460-tomahawk'),(167,'https://www.hanoicomputer.vn/mainboard-gigabyte-z490-aorus-xtreme-waterforce-intel-z490-socket-1200-e-atx-4-khe-ram-ddr4','https://hanoicomputercdn.com/media/product/250_52297_z490_aorus_xtreme_waterforce.jpg','Mainboard GIGABYTE Z490 AORUS XTREME WATERFORCE (Intel Z490, Socket 1200, E-ATX, 4 khe RAM DDR4)',29889000,'https://hanoicomputercdn.com/media/lib/logo-trang.png','HanoiComputer','gigabyte-z490-aorus-xtreme-waterforce'),(168,'https://www.hanoicomputer.vn/mainboard-asrock-z390-steel-legend','https://hanoicomputercdn.com/media/product/250_51084_srock_z390_steel_legend_1.jpg','Mainboard ASROCK Z390 Steel Legend (Intel Z390, Socket 1151, ATX, 4 khe RAM DDR4)',3299000,'https://hanoicomputercdn.com/media/lib/logo-trang.png','HanoiComputer','asrock-z390-steel-legend'),(169,'https://www.hanoicomputer.vn/mainboard-msi-meg-z390-ace','https://hanoicomputercdn.com/media/product/250_44159_mainboard_msi_meg_z390_ace_0004_5.jpg','Mainboard MSI MEG Z390 ACE (Intel Z390, Socket 1151, ATX, 4 khe RAM DDR4)',7399000,'https://hanoicomputercdn.com/media/lib/logo-trang.png','HanoiComputer','msi-meg-z390-ace'),(170,'https://www.hanoicomputer.vn/mainboard-msi-meg-z490-ace-intel-z490-socket-1200-atx-4-khe-ram-ddr4','https://hanoicomputercdn.com/media/product/250_52307_mainboard_msi_meg_z490_ace_intel_z490_socket_1200_atx_4_khe_ram_ddr4_0000_1.jpg','Mainboard MSI MEG Z490 ACE (Intel Z490, Socket 1200, ATX, 4 khe RAM DDR4)',9899000,'https://hanoicomputercdn.com/media/lib/logo-trang.png','HanoiComputer','msi-meg-z490-ace'),(171,'https://www.hanoicomputer.vn/mainboard-asrock-z490-steel-legend-intel-z490-socket-1200-atx-4-khe-ram-ddr4','https://hanoicomputercdn.com/media/product/250_52441_z490_steel_legend.jpg','Mainboard ASROCK Z490 STEEL LEGEND (Intel Z490, Socket 1200, ATX, 4 khe Ram DDR4)',4599000,'https://hanoicomputercdn.com/media/lib/logo-trang.png','HanoiComputer','asrock-z490-steel-legend'),(172,'https://www.hanoicomputer.vn/mainboard-gigabyte-z490-aorus-pro-ax-intel-z490-socket-1200-atx-4-khe-ram-ddr4','https://hanoicomputercdn.com/media/product/250_52300_z490_aorus_pro_ax.jpg','Mainboard GIGABYTE Z490 AORUS PRO AX (Intel Z490, Socket 1200, ATX, 4 khe RAM DDR4)',7099000,'https://hanoicomputercdn.com/media/lib/logo-trang.png','HanoiComputer','gigabyte-z490-aorus-pro-ax'),(173,'https://www.hanoicomputer.vn/mainboard-msi-meg-z490-unify-intel-z490-socket-1200-atx-4-khe-ram-ddr4','https://hanoicomputercdn.com/media/product/250_52310_mainboard_msi_meg_z490_unify_intel_z490_socket_1200_atx_4_khe_ram_ddr4_0000_1.jpg','Mainboard MSI MEG Z490 UNIFY (Intel Z490, Socket 1200, ATX, 4 khe RAM DDR4)',8799000,'https://hanoicomputercdn.com/media/lib/logo-trang.png','HanoiComputer','msi-meg-z490-unify'),(174,'https://www.hanoicomputer.vn/mainboard-asrock-x570-steel-legend','https://hanoicomputercdn.com/media/product/250_47573_mainboard_asrock_x570_steel_legend_0004_5.jpg','Mainboard ASROCK X570 Steel Legend (AMD X570, Socket AM4, ATX, 4 khe RAM DDR4)',5859000,'https://hanoicomputercdn.com/media/lib/logo-trang.png','HanoiComputer','asrock-x570-steel-legend'),(175,'https://www.hanoicomputer.vn/mainboard-msi-meg-x570-ace','https://hanoicomputercdn.com/media/product/250_47515_product_6_20190527093621_5ceb3f1541d7d.png','Mainboard MSI MEG X570 ACE (AMD X570, Socket AM4, ATX, 4 khe RAM DDR4) ',10899000,'https://hanoicomputercdn.com/media/lib/logo-trang.png','HanoiComputer','msi-meg-x570-ace'),(176,'https://www.hanoicomputer.vn/mainboard-asus-rog-strix-z490-g-gaming-intel-z490-socket-1200-m-atx-4-khe-ram-ddr4','https://hanoicomputercdn.com/media/product/250_52350_rog_strix_z490_g_gaming_01_01.jpg','Mainboard ASUS ROG STRIX Z490-G GAMING (Intel Z490, Socket 1200, m-ATX, 4 khe RAM DDR4)',7079000,'https://hanoicomputercdn.com/media/lib/logo-trang.png','HanoiComputer','asus-rog-strix-z490-g-gaming'),(177,'https://www.hanoicomputer.vn/mainboard-msi-a320m-pro-m2-v2','https://hanoicomputercdn.com/media/product/250_49682_mainboard_msi_a320m_pro_m2_v2_0002_3.jpg','Mainboard MSI A320M PRO-M2 V2 (AMD A320, Socket AM4, m-ATX, 2 khe RAM DDR4) ',1429000,'https://hanoicomputercdn.com/media/lib/logo-trang.png','HanoiComputer','msi-a320m-pro-m2-v2'),(178,'https://www.hanoicomputer.vn/mainboard-msi-b450m-pro-m2-v2','https://hanoicomputercdn.com/media/product/250_48060_mainboard_msi_b450m_pro_m2_v2_0004_5.jpg','Mainboard MSI B450M PRO - M2 V2 (AMD B450, Socket AM4, m-ATX, 2 khe RAM DDR4) ',1799000,'https://hanoicomputercdn.com/media/lib/logo-trang.png','HanoiComputer','msi-b450m-pro-m2-v2'),(179,'https://www.hanoicomputer.vn/mainboard-msi-b450m-a-pro-max','https://hanoicomputercdn.com/media/product/250_49680_mainboard_msi_b450m_a_pro_max_0003_4.jpg','Mainboard MSI B450M-A PRO MAX (AMD B450, Socket AM4, m-ATX, 2 khe RAM DDR4) ',1799000,'https://hanoicomputercdn.com/media/lib/logo-trang.png','HanoiComputer','msi-b450m-a-pro-max'),(180,'https://www.hanoicomputer.vn/mainboard-msi-a320m-a-pro-max','https://hanoicomputercdn.com/media/product/250_49681_mainboard_msi_a320m_a_pro_max_0001_2.jpg','Mainboard MSI A320M-A PRO MAX (AMD A320, Socket AM4, m-ATX, 2 khe RAM DDR4) ',1429000,'https://hanoicomputercdn.com/media/lib/logo-trang.png','HanoiComputer','msi-a320m-a-pro-max'),(181,'https://www.hanoicomputer.vn/mainboard-msi-mag-b550-tomahawk','https://hanoicomputercdn.com/media/product/250_53456_msi_mag_b550_tomahawk.jpg','Mainboard MSI MAG B550 TOMAHAWK (AMD B550, Socket AM4, ATX, 4 khe RAM DDR4)',5199000,'https://hanoicomputercdn.com/media/lib/logo-trang.png','HanoiComputer','msi-mag-b550-tomahawk'),(182,'https://www.hanoicomputer.vn/mainboard-msi-b450-tomahawk-max','https://hanoicomputercdn.com/media/product/250_49675_mainboard_msi_b450_tomahawk_max_0003_4.jpg','Mainboard MSI B450 TOMAHAWK MAX (AMD B450, Socket AM4, ATX, 4 khe RAM DDR4) ',2439000,'https://hanoicomputercdn.com/media/lib/logo-trang.png','HanoiComputer','msi-b450-tomahawk-max'),(183,'https://www.hanoicomputer.vn/mainboard-gigabyte-b460-aorus-pro-ac','https://hanoicomputercdn.com/media/product/250_52908_gigabyte_b460_aorus_pro_ac.jpg','Mainboard Gigabyte B460 AORUS PRO AC (Intel B460, Socket 1200, m-ATX, 4 khe RAM DDR4)',3999000,'https://hanoicomputercdn.com/media/lib/logo-trang.png','HanoiComputer','gigabyte-b460-aorus-pro-ac'),(184,'https://www.hanoicomputer.vn/mainboard-gigabyte-z490i-aorus-ultra-intel-z490-socket-1200-mini-itx-2-khe-ram-ddr4','https://hanoicomputercdn.com/media/product/250_52302_gigabyte_z490i_aorus_ultra.jpg','Mainboard GIGABYTE Z490i AORUS ULTRA (Intel Z490, Socket 1200, Mini ITX, 2 khe RAM DDR4)',6989000,'https://hanoicomputercdn.com/media/lib/logo-trang.png','HanoiComputer','gigabyte-z490i-aorus-ultra'),(185,'https://www.hanoicomputer.vn/mainboard-asrock-b450m-steel-legend-pink-edition-atx-4-khe-ram-ddr4','https://hanoicomputercdn.com/media/product/250_55790_mainboard_asrock_b450m_steel_legend_pink_edition_atx_4_khe_ram_ddr4_4.png','Mainboard ASROCK B450M STEEL LEGEND (Pink Edition)  (AMD B450, Socket AM4, ATX, 4 khe RAM DDR4)',2399000,'https://hanoicomputercdn.com/media/lib/logo-trang.png','HanoiComputer','asrock-b450m-steel-legend'),(186,'https://www.hanoicomputer.vn/mainboard-asus-prime-z390m-plus','https://hanoicomputercdn.com/media/product/250_44255_bo_mach_chu_asus_prime_z390m_plus_hop.png','Mainboard ASUS PRIME Z390M-PLUS (Intel Z390, Socket 1151, m-ATX, 4 khe RAM DDR4)',2999000,'https://hanoicomputercdn.com/media/lib/logo-trang.png','HanoiComputer','asus-prime-z390m-plus'),(187,'https://www.hanoicomputer.vn/mainboard-asrock-b460m-steel-legend','https://hanoicomputercdn.com/media/product/250_52877_asrock_b460m_steel_legend_l1.jpg','Mainboard ASROCK B460M STEEL LEGEND (Intel B460, Socket 1200, m-ATX, 4 khe Ram DDR4)',2699000,'https://hanoicomputercdn.com/media/lib/logo-trang.png','HanoiComputer','asrock-b460-steel-legend'),(188,'https://www.hanoicomputer.vn/mainboard-gigabyte-b550-aorus-pro-ax','https://hanoicomputercdn.com/media/product/250_53555_gigabyte_b550_aorus_pro_ax.jpg','Mainboard Gigabyte B550 AORUS PRO AX (AMD B550, Socket AM4, Mini-ATX, 2 khe RAM DDR4)',5199000,'https://hanoicomputercdn.com/media/lib/logo-trang.png','HanoiComputer','gigabyte-b550-aorus-pro-ax'),(189,'https://www.hanoicomputer.vn/mainboard-msi-mag-z390-tomahawk','https://hanoicomputercdn.com/media/product/250_44162_mainboard_msi_mag_z390_tomahawk_0001_2.jpg','Mainboard MSI MAG Z390 TOMAHAWK  (Intel Z390, Socket 1151, ATX, 4 khe RAM DDR4)',4399000,'https://hanoicomputercdn.com/media/lib/logo-trang.png','HanoiComputer','msi-mag-z390-tomahawk'),(190,'https://www.hanoicomputer.vn/mainboard-msi-mag-z490-tomahawk-intel-z490-socket-1200-atx-4-khe-ram-ddr4','https://hanoicomputercdn.com/media/product/250_52312_mainboard_msi_mag_z490_tomahawk_intel_z490_socket_1200_atx_4_khe_ram_ddr4_0000_1.jpg','Mainboard MSI MAG Z490 TOMAHAWK (Intel Z490, Socket 1200, ATX, 4 khe RAM DDR4)',5699000,'https://hanoicomputercdn.com/media/lib/logo-trang.png','HanoiComputer','msi-mag-z490-tomahawk'),(191,'https://www.hanoicomputer.vn/mainboard-gigabyte-z490-vision-d-intel-z490-socket-1200-atx-4-khe-ram-ddr4','https://hanoicomputercdn.com/media/product/250_52303_gigabyte_z490_vision_d_2.jpg','Mainboard GIGABYTE Z490 VISION D (Intel Z490, Socket 1200, ATX, 4 khe RAM DDR4)',8199000,'https://hanoicomputercdn.com/media/lib/logo-trang.png','HanoiComputer','gigabyte-z490-vision-d'),(192,'https://www.hanoicomputer.vn/mainboard-gigabyte-z490-vision-g-intel-z490-socket-1200-atx-4-khe-ram-ddr4','https://hanoicomputercdn.com/media/product/250_52304_gigabyte_z490_vision_g.jpg','Mainboard GIGABYTE Z490 VISION G (Intel Z490, Socket 1200, ATX, 4 khe RAM DDR4)',6289000,'https://hanoicomputercdn.com/media/lib/logo-trang.png','HanoiComputer','gigabyte-z490-vision-g'),(193,'https://www.hanoicomputer.vn/mainboard-asrock-b365m-phantom-gaming-4','https://hanoicomputercdn.com/media/product/250_45724_mainboard_asrock_b365m_phantom_gaming_4_0004_5.jpg','Mainboard ASROCK B365M Phantom Gaming 4 (Intel B365, Socket 1151, m-ATX, 4 khe RAM DDR4)',2049000,'https://hanoicomputercdn.com/media/lib/logo-trang.png','HanoiComputer','asrock-b365-phantom-gaming-4'),(194,'https://www.hanoicomputer.vn/mainboard-asrock-b550m-steel-legend','https://hanoicomputercdn.com/media/product/250_53496_b550m_steel_legend_l1_.jpg','Mainboard ASROCK B550M STEEL LEGEND (AMD B550, Socket AM4, m-ATX, 4 khe RAM DDR4)',3599000,'https://hanoicomputercdn.com/media/lib/logo-trang.png','HanoiComputer','asrock-b550m-steel-legend'),(195,'https://www.hanoicomputer.vn/mainboard-asrock-b450m-steel-legend','https://hanoicomputercdn.com/media/product/250_46022_mainboard_asrock_b450m_steel_legend_0004_5.jpg','Mainboard ASROCK B450M STEEL LEGEND (AMD B450, Socket AM4, m-ATX, 4 khe RAM DDR4)',2159000,'https://hanoicomputercdn.com/media/lib/logo-trang.png','HanoiComputer','asrock-b450m-steel-legend'),(196,'https://www.hanoicomputer.vn/mainboard-asus-tuf-gaming-b460-plus','https://hanoicomputercdn.com/media/product/250_52866_tuf_gaming_b460_plus_0100.jpg','Mainboard ASUS TUF GAMING B460-PLUS (Intel B460, Socket 1200, ATX, 4 khe Ram DDR4)',2699000,'https://hanoicomputercdn.com/media/lib/logo-trang.png','HanoiComputer','asus-tuf-gaming-b460-plus'),(197,'https://www.hanoicomputer.vn/mainboard-msi-meg-z390-godlike','https://hanoicomputercdn.com/media/product/250_44158_mainboard_msi_meg_z390_godlike_0003_4.jpg','Mainboard MSI MEG Z390 GODLIKE (Intel Z390, Socket 1151, E-ATX, 4 khe RAM DDR4)',14499000,'https://hanoicomputercdn.com/media/lib/logo-trang.png','HanoiComputer','msi-meg-z390-godlike'),(198,'https://www.hanoicomputer.vn/mainboard-msi-meg-z490-godlike-intel-z490-socket-1200-e-atx-4-khe-ram-ddr4','https://hanoicomputercdn.com/media/product/250_52308_mainboard_msi_meg_z490_godlike_intel_z490_socket_1200_e_atx_4_khe_ram_ddr4_0000_thumbnail__6_.jpg','Mainboard MSI MEG Z490 GODLIKE (Intel Z490, Socket 1200, E-ATX, 4 khe RAM DDR4)',19599000,'https://hanoicomputercdn.com/media/lib/logo-trang.png','HanoiComputer','msi-meg-z490-godlike'),(199,'https://www.hanoicomputer.vn/mainboard-msi-meg-x570-godlike','https://hanoicomputercdn.com/media/product/250_47514_mainboard_msi_meg_x570_godlike_0003_4.jpg','Mainboard MSI MEG X570 GODLIKE (AMD X570, Socket AM4, E-ATX, 4 khe RAM DDR4) ',21999000,'https://hanoicomputercdn.com/media/lib/logo-trang.png','HanoiComputer','msi-meg-x570-godlike'),(200,'https://www.hanoicomputer.vn/mainboard-asus-prime-a320m-k','https://hanoicomputercdn.com/media/product/250_37407_prime_a320m_k_what_s_inside_the_box.png','Mainboard ASUS PRIME A320M-K (AMD A320, Socket AM4, ATX, 2 khe RAM DDR4)',1299000,'https://hanoicomputercdn.com/media/lib/logo-trang.png','HanoiComputer','asus-prime-a320m-k'),(201,'https://www.hanoicomputer.vn/mainboard-msi-b450m-mortar-max','https://hanoicomputercdn.com/media/product/250_49676_mainboard_msi_b450m_mortar_max_0000_1.jpg','Mainboard MSI B450M MORTAR MAX (AMD B450, Socket AM4, m-ATX, 4 khe RAM DDR4) ',2399000,'https://hanoicomputercdn.com/media/lib/logo-trang.png','HanoiComputer','msi-b450m-mortar-max'),(202,'https://www.hanoicomputer.vn/mainboard-msi-mag-b550m-mortar','https://hanoicomputercdn.com/media/product/250_53458_msi_mag_b550_mortar.jpg','Mainboard MSI MAG B550M MORTAR (AMD B550, Socket AM4, m-ATX, 4 khe RAM DDR4)',4499000,'https://hanoicomputercdn.com/media/lib/logo-trang.png','HanoiComputer','msi-mag-b550m-mortar'),(203,'https://www.hanoicomputer.vn/mainboardgigabyte-z390-aorus-master','https://hanoicomputercdn.com/media/product/250_44258_mainboardgigabyte_z390_aorus_master_0000_1.jpg','Mainboard GIGABYTE Z390 Aorus Master (Intel Z390, Socket 1151, ATX, 4 khe RAM DDR4)',7499000,'https://hanoicomputercdn.com/media/lib/logo-trang.png','HanoiComputer','gigabyte-z390-aorus-master'),(204,'https://www.hanoicomputer.vn/mainboardgigabyte-z390-aorus-ultra','https://hanoicomputercdn.com/media/product/250_44259_mainboardgigabyte_z390_aorus_ultra_0000_1.jpg','Mainboard GIGABYTE Z390 Aorus Ultra (Intel Z390, Socket 1151, ATX, 4 khe RAM DDR4)',6299000,'https://hanoicomputercdn.com/media/lib/logo-trang.png','HanoiComputer','gigabyte-z390-aorus-ultra'),(205,'https://www.hanoicomputer.vn/mainboard-asus-prime-z390-p','https://hanoicomputercdn.com/media/product/250_44068_1_bo_mach_chu_asus_prime_z390_p_hop_san_pham.png','Mainboard ASUS PRIME Z390-P (Intel Z390, Socket 1151, ATX, 4 khe RAM DDR4)',2799000,'https://hanoicomputercdn.com/media/lib/logo-trang.png','HanoiComputer','asus-prime-z390-p'),(206,'https://www.hanoicomputer.vn/mainboard-asus-prime-z490-p-intel-z490-socket-1200-atx-4-khe-ram-ddr4','https://hanoicomputercdn.com/media/product/250_52355_prime_z490_p_01.jpg','Mainboard ASUS PRIME Z490-P (Intel Z490, Socket 1200, ATX, 4 khe RAM DDR4)',3899000,'https://hanoicomputercdn.com/media/lib/logo-trang.png','HanoiComputer','asus-prime-z490-p'),(207,'https://www.hanoicomputer.vn/mainboard-gigabyte-z490-aorus-master-intel-z490-socket-1200-atx-4-khe-ram-ddr4','https://hanoicomputercdn.com/media/product/250_52298_z490_aorus_master.jpg','Mainboard GIGABYTE Z490 AORUS MASTER (Intel Z490, Socket 1200, ATX, 4 khe RAM DDR4)',9499000,'https://hanoicomputercdn.com/media/lib/logo-trang.png','HanoiComputer','gigabyte-z490-aorus-master'),(208,'https://www.hanoicomputer.vn/mainboard-gigabyte-z490-aorus-ultra-intel-z490-socket-1200-atx-4-khe-ram-ddr4','https://hanoicomputercdn.com/media/product/250_52566_z490_aorus_ultra.jpg','Mainboard Gigabyte Z490 AORUS ULTRA (Intel Z490, Socket 1200, ATX, 4 khe RAM DDR4)',8699000,'https://hanoicomputercdn.com/media/lib/logo-trang.png','HanoiComputer','gigabyte-z490-aorus-ultra'),(209,'https://www.hanoicomputer.vn/mainboardgigabyte-x570-aorus-ultra','https://hanoicomputercdn.com/media/product/250_47488_mainboardgigabyte_x570_aorus_ultra_0001_2.jpg','Mainboard GIGABYTE X570 AORUS ULTRA (AMD X570, Socket AM4, ATX, 4 khe RAM DDR4) ',8099000,'https://hanoicomputercdn.com/media/lib/logo-trang.png','HanoiComputer','gigabyte-x570-aorus-ultra'),(210,'https://www.hanoicomputer.vn/mainboard-gigabyte-x570-aorus-master','https://hanoicomputercdn.com/media/product/250_48476_mainboard_gigabyte_x570_aorus_master_0000_1.jpg','Mainboard GIGABYTE X570 AORUS MASTER (AMD X570, Socket AM4, ATX, 4 khe RAM DDR4) ',10499000,'https://hanoicomputercdn.com/media/lib/logo-trang.png','HanoiComputer','gigabyte-x570-aorus-master'),(211,'https://www.hanoicomputer.vn/mainboard-asus-tuf-gaming-b460m-plus','https://hanoicomputercdn.com/media/product/250_52868_tuf_b460m_plus_0100.jpg','Mainboard ASUS TUF GAMING B460M-PLUS (Intel B460, Socket 1200, m-ATX, 4 khe Ram DDR4)',2599000,'https://hanoicomputercdn.com/media/lib/logo-trang.png','HanoiComputer','asus-tuf-gaming-b460-plus'),(212,'https://www.hanoicomputer.vn/mainboard-asrock-z490m-itx/ac-intel-z490-socket-1200-mini-itx-2-khe-ram-ddr4','https://hanoicomputercdn.com/media/product/250_52449_mainboard_asrock_z490m_itxac_intel_z490_socket_1200_mini_itx_2_khe_ram_ddr4_0004_5.jpg','Mainboard ASROCK Z490M-ITX/ac (Intel Z490, Socket 1200, Mini-ITX, 2 khe Ram DDR4)',4299000,'https://hanoicomputercdn.com/media/lib/logo-trang.png','HanoiComputer','asrock-z490m-itx/ac'),(213,'https://www.hanoicomputer.vn/mainboard-asus-prime-h310m-e-r2.0','https://hanoicomputercdn.com/media/product/250_43763_prime_h310m_e_r2_1.png','Mainboard ASUS PRIME H310M-E R2.0 (Intel H310, Socket 1151, m-ATX, 2 khe RAM DDR4)',1649000,'https://hanoicomputercdn.com/media/lib/logo-trang.png','HanoiComputer','asus-prime-h310m-e-r2.0'),(214,'https://www.hanoicomputer.vn/mainboard-asrock-h310cm-dvs','https://hanoicomputercdn.com/media/product/250_45142_mainboard_asrock_h310cm_dvs_0004_5.jpg','Mainboard ASROCK H310CM DVS (Intel H310, Socket 1151, m-ATX, 2 khe RAM DDR4)',1349000,'https://hanoicomputercdn.com/media/lib/logo-trang.png','HanoiComputer','asrock-h310cm-dvs'),(215,'https://www.hanoicomputer.vn/mainboard-asus-prime-b550m-k-amd-b550-socket-am4-m-atx-4-khe-ram-drr4','https://hanoicomputercdn.com/media/product/250_53330_prime_b550m_k_1.jpg','Mainboard ASUS PRIME B550M-K (AMD B550, Socket AM4,m- ATX, 4 khe RAM DRR4)',3199000,'https://hanoicomputercdn.com/media/lib/logo-trang.png','HanoiComputer','asus-prime-b550m-k'),(216,'https://www.hanoicomputer.vn/mainboard-asus-prime-b460-plus','https://hanoicomputercdn.com/media/product/250_52869_prime_b460_plus_0100.jpg','Mainboard ASUS PRIME B460-PLUS (Intel B460, Socket 1200, ATX, 4 khe Ram DDR4)',2899000,'https://hanoicomputercdn.com/media/lib/logo-trang.png','HanoiComputer','asus-prime-b460-plus'),(217,'https://www.hanoicomputer.vn/mainboard-msi-a320m-pro-vds-v2','https://hanoicomputercdn.com/media/product/250_49684_mainboard_msi_a320m_pro_vds_v2_0004_5.jpg','Mainboard MSI A320M PRO-VDS V2 (AMD A320, Socket AM4, m-ATX, 2 khe RAM DDR4) ',1379000,'https://hanoicomputercdn.com/media/lib/logo-trang.png','HanoiComputer','msi-a320m-pro-vd/s'),(218,'https://www.hanoicomputer.vn/mainboard-asus-prime-h410m-d','https://hanoicomputercdn.com/media/product/250_52873_prime_h410m_d_1.png','Mainboard ASUS PRIME H410M-D (Intel H410, Socket 1200, m-ATX, 2 khe Ram DDR4)',1799000,'https://hanoicomputercdn.com/media/lib/logo-trang.png','HanoiComputer','asus-prime-h410m-d'),(219,'https://www.hanoicomputer.vn/mainboard-asus-prime-h410m-k','https://hanoicomputercdn.com/media/product/250_52875_prime_h410m_k_1.png','Mainboard ASUS PRIME H410M-K (Intel H410, Socket 1200, m-ATX, 2 khe Ram DDR4)',1699000,'https://hanoicomputercdn.com/media/lib/logo-trang.png','HanoiComputer','asus-prime-h410m-k'),(220,'https://www.hanoicomputer.vn/mainboard-asus-primeex-b365m-v','https://hanoicomputercdn.com/media/product/250_47480_01_ex_b365m_v5.png','Mainboard ASUS EX-B365M-V5 (Intel B365, Socket 1151, m-ATX, 2 khe RAM DDR4)',1649000,'https://hanoicomputercdn.com/media/lib/logo-trang.png','HanoiComputer','asus-ex-b360m-v5'),(221,'https://www.hanoicomputer.vn/mainboard-asus-ex-b460m-v5','https://hanoicomputercdn.com/media/product/250_52871_ex_b460m_v5_01_01.jpg','Mainboard ASUS EX-B460M-V5 (Intel B460, Socket 1200, m-ATX, 2 khe Ram DDR4)',1999000,'https://hanoicomputercdn.com/media/lib/logo-trang.png','HanoiComputer','asus-ex-b360m-v5'),(222,'https://www.hanoicomputer.vn/mainboard-gigabyte-b550-aorus-master','https://hanoicomputercdn.com/media/product/250_53552_gigabyte_b550_aorus_master.jpg','Mainboard Gigabyte B550 AORUS MASTER (AMD B550, Socket AM4, m-ATX, 4 khe RAM DDR4)',7899000,'https://hanoicomputercdn.com/media/lib/logo-trang.png','HanoiComputer','gigabyte-b550-aorus-master'),(223,'https://www.hanoicomputer.vn/mainboard-gigabyte-b450-aorus-m','https://hanoicomputercdn.com/media/product/250_43969_mainboard_gigabyte_b450_aorus_m_0001_2.jpg','Mainboard GIGABYTE B450 AORUS - M (AMD B450, Socket AM4, m-ATX, 4 khe RAM DDR4) ',2399000,'https://hanoicomputercdn.com/media/lib/logo-trang.png','HanoiComputer','gigabyte-b450-aorus-m'),(224,'https://www.hanoicomputer.vn/mainboard-msi-b450-bazooka-plus','https://hanoicomputercdn.com/media/product/250_43291_mainboard_msi_b450_bazooka_plus_0000_1.jpg','Mainboard MSI B450M BAZOOKA PLUS (AMD B450, Socket AM4, m-ATX, 4 khe RAM DDR4) ',2099000,'https://hanoicomputercdn.com/media/lib/logo-trang.png','HanoiComputer','msi-b450m-bazooka-plus'),(225,'https://www.hanoicomputer.vn/mainboard-asus-tuf-b460m-plus-wifi','https://hanoicomputercdn.com/media/product/250_52867_tuf_b460m_plus_wifi_100.jpg','Mainboard ASUS TUF GAMING B460M-PLUS (WIFI) (Intel B460, Socket 1200, m-ATX, 4 khe Ram DDR4)',2999000,'https://hanoicomputercdn.com/media/lib/logo-trang.png','HanoiComputer','asus-tuf-gaming-b460-plus'),(226,'https://www.hanoicomputer.vn/mainboard-asrock-h410m-hvs-intel-h410-socket-1200-m-atx-2-khe-ram-ddr4','https://hanoicomputercdn.com/media/product/250_52455_mainboard_asrock_h410m_hvs_intel_h410_socket_1200_m_atx_2_khe_ram_ddr4_0004_5.jpg','Mainboard ASROCK H410M-HVS (Intel H410, Socket 1200, m-ATX, 2 khe Ram DDR4)',1549000,'https://hanoicomputercdn.com/media/lib/logo-trang.png','HanoiComputer','asrock-h410m-hvs'),(227,'https://www.hanoicomputer.vn/mainboard-asus-prime-z490m-plus-intel-z490-socket-1200-m-atx-4-khe-ram-ddr4','https://hanoicomputercdn.com/media/product/250_52356_prime_z490m_plus_01_p_1.jpg','Mainboard ASUS PRIME Z490M-PLUS (Intel Z490, Socket 1200, m-ATX, 4 khe RAM DDR4)',4179000,'https://hanoicomputercdn.com/media/lib/logo-trang.png','HanoiComputer','asus-prime-z490m-plus'),(228,'https://www.hanoicomputer.vn/mainboad-asus-strix-b350f-gaming-amd','https://hanoicomputercdn.com/media/product/250_49065_mainboad_asus_strix_b350f_gaming_amd_0004_5.jpg','Mainboad ASUS STRIX B350F GAMING (AMD B350F, Socket AM4, ATX, 4 khe RAM DDR4)',1599000,'https://hanoicomputercdn.com/media/lib/logo-trang.png','HanoiComputer','asus-strix-b350-f-gaming'),(229,'https://www.hanoicomputer.vn/mainboard-asrock-b365m-pro4','https://hanoicomputercdn.com/media/product/250_45722_mainboard_asrock_b365m_pro4_0004_5.jpg','Mainboard ASROCK B365M - Pro4 (Intel B365, Socket 1151, m-ATX, 4 khe RAM DDR4)',1999000,'https://hanoicomputercdn.com/media/lib/logo-trang.png','HanoiComputer','asrock-b365-pro4'),(230,'https://www.hanoicomputer.vn/mainboard-asrock-b460m-pro4','https://hanoicomputercdn.com/media/product/250_52879_asrock_b460m_pro4_l1.jpg','Mainboard ASROCK B460M PRO4 (Intel B460, Socket 1200, m-ATX, 4 khe Ram DDR4)',2249000,'https://hanoicomputercdn.com/media/lib/logo-trang.png','HanoiComputer','asrock-b460-pro4'),(231,'https://www.hanoicomputer.vn/mainboard-asrock-b550-taichi','https://hanoicomputercdn.com/media/product/250_53494_b550_taichi_l1_.jpg','Mainboard ASROCK B550 TAICHI (AMD B550, Socket AM4, ATX, 4 khe RAM DDR4)',7899000,'https://hanoicomputercdn.com/media/lib/logo-trang.png','HanoiComputer','asrock-b550-taichi'),(232,'https://www.hanoicomputer.vn/mainboard-msi-mag-b460m-mortar-wifi','https://hanoicomputercdn.com/media/product/250_52925_msi_mag_b460m_mortar_wifi.jpg','Mainboard MSI MAG B460M MORTAR WIFI (Intel B460, Socket 1200, m-ATX, 4 khe RAM DDR4)',3199000,'https://hanoicomputercdn.com/media/lib/logo-trang.png','HanoiComputer','msi-mag-b460m-mortar-wifi'),(233,'https://www.hanoicomputer.vn/mainboard-asrock-b460-pro4','https://hanoicomputercdn.com/media/product/250_52878_asrock_b460_pro4_l1.jpg','Mainboard ASROCK B460 PRO4 (Intel B460, Socket 1200, ATX, 4 khe Ram DDR4)',2799000,'https://hanoicomputercdn.com/media/lib/logo-trang.png','HanoiComputer','asrock-b460-pro4'),(234,'https://www.hanoicomputer.vn/mainboard-msi-b450-gamming-plus-max','https://hanoicomputercdn.com/media/product/250_49677_mainboard_msi_b450m_pro_vdh_max_0000_1.jpg','Mainboard MSI B450 GAMMING PLUS MAX (AMD B450, Socket AM4, m-ATX, 4 khe RAM DDR4) ',2149000,'https://hanoicomputercdn.com/media/lib/logo-trang.png','HanoiComputer','msi-b450-gaming-plus-max'),(235,'https://www.hanoicomputer.vn/mainboard-gigabyte-z390-ud','https://hanoicomputercdn.com/media/product/250_44598_mainboard_gigabyte_z390_ud_0002_3.jpg','Mainboard GIGABYTE Z390 UD (Intel Z390, Socket 1151, ATX, 4 khe RAM DDR4)',3199000,'https://hanoicomputercdn.com/media/lib/logo-trang.png','HanoiComputer','gigabyte-z390-ud'),(236,'https://www.hanoicomputer.vn/mainboard-asrock-z390-taichi','https://hanoicomputercdn.com/media/product/250_44250_mainboard_asrock_z390_taichi_0004_5.jpg','Mainboard ASROCK Z390 Taichi (Intel Z390, Socket 1151,ATX,4 khe RAM DDR4)',6199000,'https://hanoicomputercdn.com/media/lib/logo-trang.png','HanoiComputer','asrock-z390-taichi'),(237,'https://www.hanoicomputer.vn/mainboard-gigabyte-z490-ud-intel-z490-socket-1200-atx-4-khe-ram-ddr4','https://hanoicomputercdn.com/media/product/250_52306_gigabyte_z490_ud.jpg','Mainboard GIGABYTE Z490 UD (Intel Z490, Socket 1200, ATX, 4 khe RAM DDR4)',3999000,'https://hanoicomputercdn.com/media/lib/logo-trang.png','HanoiComputer','gigabyte-z490-ud'),(238,'https://www.hanoicomputer.vn/mainboard-asrock-z490-taichi-intel-z490-socket-1200-atx-4-khe-ram-ddr4','https://hanoicomputercdn.com/media/product/250_52438_asrock_z490_taichi.jpg','Mainboard ASROCK Z490 TAICHI (Intel Z490, Socket 1200, ATX, 4 khe Ram DDR4)',9499000,'https://hanoicomputercdn.com/media/lib/logo-trang.png','HanoiComputer','asrock-z490-taichi'),(239,'https://www.hanoicomputer.vn/mainboard-gigabyte-x570-ud','https://hanoicomputercdn.com/media/product/250_48475_mainboard_gigabyte_x570_ud_0000_1.jpg','Mainboard GIGABYTE X570 - UD (AMD X570, Socket AM4, ATX, 4 khe RAM DDR4) ',4099000,'https://hanoicomputercdn.com/media/lib/logo-trang.png','HanoiComputer','gigabyte-x570-ud'),(240,'https://www.hanoicomputer.vn/mainboard-asrock-x570-taichi','https://hanoicomputercdn.com/media/product/250_47572_mainboard_asrock_x570_taichi_0000_1.jpg','Mainboard ASROCK X570 Taichi (AMD X570, Socket AM4, ATX, 4 khe RAM DDR4)',8259000,'https://hanoicomputercdn.com/media/lib/logo-trang.png','HanoiComputer','asrock-x570-taichi'),(241,'https://www.hanoicomputer.vn/mainboard-gigabyte-b365m-aorus-elite','https://hanoicomputercdn.com/media/product/250_48473_mainboard_gigabyte_b365m_aorus_elite_0000_1.jpg','Mainboard GIGABYTE B365M AORUS ELITE (Intel B365, Socket 1151, m-ATX, 4 khe RAM DDR4)',2249000,'https://hanoicomputercdn.com/media/lib/logo-trang.png','HanoiComputer','gigabyte-b365-m-aorus-elite'),(242,'https://www.hanoicomputer.vn/mainboard-asrock-b365-pro4','https://hanoicomputercdn.com/media/product/250_45723_mainboard_asrock_b365_pro4_0004_5.jpg','Mainboard ASROCK B365 - Pro4 (Intel B365, Socket 1151, m-ATX, 4 khe RAM DDR4)',2799000,'https://hanoicomputercdn.com/media/lib/logo-trang.png','HanoiComputer','asrock-b365-pro4'),(243,'https://www.hanoicomputer.vn/mainboard-gigabyte-z390-aorus-master-g2-edition-rev-1-0','https://hanoicomputercdn.com/media/product/250_51456_mainboard_gigabyte_z390_aorus_master_g2_edition_rev_1_0_0002_3.jpg','Mainboard GIGABYTE Z390 AORUS MASTER G2 Edition (Rev 1.0) (Intel Z390, Socket 1151, ATX, 4 khe RAM DDR4)',8499000,'https://hanoicomputercdn.com/media/lib/logo-trang.png','HanoiComputer','gigabyte-z390-aorus-master'),(244,'https://www.hanoicomputer.vn/mainboard-msi-mag-b460m-bazooka','https://hanoicomputercdn.com/media/product/250_52927_msi_mag_b460m_bazooka.jpg','Mainboard MSI MAG B460M BAZOOKA (Intel B460, Socket 1200, m-ATX, 4 khe RAM DDR4)',2599000,'https://hanoicomputercdn.com/media/lib/logo-trang.png','HanoiComputer','msi-mag-b460m-bazooka'),(245,'https://www.hanoicomputer.vn/mainboard-msi-mag-b460m-mortar','https://hanoicomputercdn.com/media/product/250_52926_msi_mag_b460m_mortar.jpg','Mainboard MSI MAG B460M MORTAR (Intel B460, Socket 1200, m-ATX, 4 khe RAM DDR4)',2799000,'https://hanoicomputercdn.com/media/lib/logo-trang.png','HanoiComputer','msi-mag-b460m-mortar'),(246,'https://www.hanoicomputer.vn/mainboardgigabyte-x570-aorus-ultra-tl','https://hanoicomputercdn.com/media/product/250_54994_47488_mainboardgigabyte_x570_aorus_ultra_0001_2.jpg','Mainboard GIGABYTE X570 AORUS ULTRA (AMD X570, Socket AM4, ATX, 4 khe RAM DDR4) (HÀNG THANH LÝ - MỚI 90%)',6499000,'https://hanoicomputercdn.com/media/lib/logo-trang.png','HanoiComputer','gigabyte-x570-aorus-ultra'),(247,'https://www.hanoicomputer.vn/mainboard-asrock-b450m-pro-4-f','https://hanoicomputercdn.com/media/product/250_46021_mainboard_asrock_b450m_pro_4_f_0004_5.jpg','Mainboard ASROCK B450M PRO 4-F (AMD B450M, Socket AM4, m-ATX, 4 khe RAM DDR4)',1699000,'https://hanoicomputercdn.com/media/lib/logo-trang.png','HanoiComputer','asrock-b450m-pro4-f'),(248,'https://www.hanoicomputer.vn/mainboard-msi-b460m-pro-vdh-wifi','https://hanoicomputercdn.com/media/product/250_52928_msi_b460m_pro_vdh_wifi.jpg','Mainboard MSI B460M PRO-VDH WIFI (Intel B460, Socket 1200, m-ATX, 4 khe RAM DDR4)',2499000,'https://hanoicomputercdn.com/media/lib/logo-trang.png','HanoiComputer','msi-b460m-pro-vdh-wifi'),(249,'https://www.hanoicomputer.vn/mainboard-msi-h310m-pro-vdh-plus','https://hanoicomputercdn.com/media/product/250_51723_vo_hop_mainboard_msi_h310m_pro_vdh_plus.png','Mainboard MSI H310M PRO-VDH PLUS (Intel H310, Socket 1151, m-ATX, 2 khe RAM DDR4)',1599000,'https://hanoicomputercdn.com/media/lib/logo-trang.png','HanoiComputer','msi-h310m-pro-vdh-plus'),(250,'https://www.hanoicomputer.vn/mainboard-asrock-b550-extreme-4','https://hanoicomputercdn.com/media/product/250_53495_b550_extreme4_l1_.jpg','Mainboard ASROCK B550 EXTREME 4 (AMD B550, Socket AM4, ATX, 4 khe RAM DDR4)',4699000,'https://hanoicomputercdn.com/media/lib/logo-trang.png','HanoiComputer','asrock-b550-extreme4'),(251,'https://www.hanoicomputer.vn/mainboard-msi-h310m-pro-vhl','https://hanoicomputercdn.com/media/product/250_43472_mainboard_msi_h310m_pro___vhl_0004_5.jpg','Mainboard MSI H310M PRO - VHL (Intel H310, Socket 1151, m-ATX, 2 khe RAM DDR4)',1859000,'https://hanoicomputercdn.com/media/lib/logo-trang.png','HanoiComputer','msi-h310m-pro-vhl'),(252,'https://www.hanoicomputer.vn/mainboard-msi-h310m-pro-vl','https://hanoicomputercdn.com/media/product/250_43471_mainboard_msi_h310m_pro___vl_0004_5.jpg','Mainboard MSI H310M PRO - VL (Intel H310, Socket 1151, m-ATX, 2 khe RAM DDR4)',1699000,'https://hanoicomputercdn.com/media/lib/logo-trang.png','HanoiComputer','msi-h310m-pro-vl'),(253,'https://www.hanoicomputer.vn/mainboard-asus-maximus-x-hero-wifi','https://hanoicomputercdn.com/media/product/250_39748_asus_rog_maximus_x_hero_wifi_ac_00.jpg','Mainboard ASUS MAXIMUS X HERO WIFI',8189000,'https://hanoicomputercdn.com/media/lib/logo-trang.png','HanoiComputer','asus-rog-maximus-x-hero-(wi-fi-ac)'),(254,'https://www.hanoicomputer.vn/mainboard-asrock-z490-extreme4-intel-z490-socket-1200-atx-4-khe-ram-ddr4','https://hanoicomputercdn.com/media/product/250_52440_asrock_z490_extreme_4.jpg','Mainboard ASROCK Z490 EXTREME 4 (Intel Z490, Socket 1200, ATX, 4 khe Ram DDR4)',4699000,'https://hanoicomputercdn.com/media/lib/logo-trang.png','HanoiComputer','asrock-z490-extreme4'),(255,'https://www.hanoicomputer.vn/mainboard-asrock-z490m-pro-4-intel-z490-socket-1200-atx-4-khe-ram-ddr4','https://hanoicomputercdn.com/media/product/250_52447_mainboard_asrock_z490m_pro_4_intel_z490_socket_1200_atx_4_khe_ram_ddr4_0004_5.jpg','Mainboard ASROCK Z490M PRO 4 (Intel Z490, Socket 1200, ATX, 4 khe Ram DDR4)',3999000,'https://hanoicomputercdn.com/media/lib/logo-trang.png','HanoiComputer','asrock-z490m-pro4'),(256,'https://www.hanoicomputer.vn/mainboard-msi-h310m-pro-vd-plus','https://hanoicomputercdn.com/media/product/250_47019_mainboard_msi_h310m_pro_vd_plus_0000_1.jpg','Mainboard MSI H310M PRO-VD PLUS (Intel H310, Socket 1151, m-ATX, 2 khe RAM DDR4)',1589000,'https://hanoicomputercdn.com/media/lib/logo-trang.png','HanoiComputer','msi-h310m-pro-vd'),(257,'https://www.hanoicomputer.vn/mainboard-gigabyte-h310m-ds2','https://hanoicomputercdn.com/media/product/250_41790_mainboard_gigabyte_h310m_ds2_0000_1.jpg','Mainboard GIGABYTE H310M-DS2 (Intel H310, Socket 1151, m-ATX, 2 khe RAM DDR4)',1599000,'https://hanoicomputercdn.com/media/lib/logo-trang.png','HanoiComputer','gigabyte-h310m-ds2'),(258,'https://www.hanoicomputer.vn/mainboard-gigabyte-b460m-d2v','https://hanoicomputercdn.com/media/product/250_52905_gigabyte_b460m_d2v.jpg','Mainboard Gigabyte B460M D2V (Intel B460, Socket 1200, m-ATX, 2 khe RAM DDR4)',1999000,'https://hanoicomputercdn.com/media/lib/logo-trang.png','HanoiComputer','gigabyte-b360m-d2v'),(259,'https://www.hanoicomputer.vn/mainboard-asus-maximus-x-code','https://hanoicomputercdn.com/media/product/250_39749_mb6azas_177997_800x800.jpg','Mainboard ASUS MAXIMUS X CODE',9169000,'https://hanoicomputercdn.com/media/lib/logo-trang.png','HanoiComputer','asus-rog-maximus-x-code'),(260,'https://www.hanoicomputer.vn/mainboard-gigabyte-b460m-gaming-hd','https://hanoicomputercdn.com/media/product/250_52909_gigabyte_b460m_gaming_hd.jpg','Mainboard Gigabyte B460M GAMING HD (Intel B460, Socket 1200, m-ATX, 2 khe RAM DDR4)',2059000,'https://hanoicomputercdn.com/media/lib/logo-trang.png','HanoiComputer','gigabyte-b460-hd3'),(261,'https://www.hanoicomputer.vn/mainboard-asus-rog-maximus-xi-hero','https://hanoicomputercdn.com/media/product/250_44302__hinh_dai_dien__bo_mach_chu_gaming_cao_cap_mainboard_asus_rog_maximus_xi_hero_z390_aura_sync_hop_san_pham_01.png','Mainboard ROG MAXIMUS XI HERO (Intel Z390, Socket 1151, ATX, 4 khe RAM DDR4)',6999000,'https://hanoicomputercdn.com/media/lib/logo-trang.png','HanoiComputer','asus-rog-maximus-xi-hero'),(262,'https://www.hanoicomputer.vn/mainboard-msi-mpg-z390-edge-ac','https://hanoicomputercdn.com/media/product/250_44161_mainboard_msi_mpg_z390_edge_ac_0004_5.jpg','Mainboard MSI MPG Z390 EDGE AC (Intel Z390, Socket 1151, ATX, 4 khe RAM DDR4)',5099000,'https://hanoicomputercdn.com/media/lib/logo-trang.png','HanoiComputer','msi-mpg-z390-gaming-edge-ac'),(263,'https://www.hanoicomputer.vn/mainboard-asus-maximus-x-formula','https://hanoicomputercdn.com/media/product/250_39750_pr_2017_11_7_8_48_5_193_00.jpg','Mainboard ASUS MAXIMUS X FORMULA',11899000,'https://hanoicomputercdn.com/media/lib/logo-trang.png','HanoiComputer','asus-rog-maximus-x-formula'),(264,'https://gearvn.com/products/msi-h410m-a-pro','https://product.hstatic.net/1000026716/product/msi-h410m-a_pro-box_933449c1b2154e4fab4db00b211c9c7a_large.png','MSI H410M-A PRO',1490000,'https://theme.hstatic.net/1000026716/1000440777/14/logo.svg?v=16422','GearVN','msi-h410m-a-pro'),(265,'https://gearvn.com/products/asus-prime-h410m-e','https://product.hstatic.net/1000026716/product/gearvn-prime-h410m-e-33_a05e146ba6e547eeb3ee360b81a65c47_large.png','ASUS PRIME H410M-E',1790000,'https://theme.hstatic.net/1000026716/1000440777/14/logo.svg?v=16422','GearVN','asus-prime-h410m-e'),(266,'https://gearvn.com/products/msi-h410m-pro','https://product.hstatic.net/1000026716/product/msi-h410m_pro-box2_a4e34273ca8847acb657c077442ce201_large.png','MSI H410M PRO',1790000,'https://theme.hstatic.net/1000026716/1000440777/14/logo.svg?v=16422','GearVN','msi-h410m-pro'),(267,'https://gearvn.com/products/asrock-b460m-pro4','https://product.hstatic.net/1000026716/product/asrock-b460m-pro4-1_8fdf5873f91441a69637526900b3d69f_large.png','ASROCK B460M Pro4',2150000,'https://theme.hstatic.net/1000026716/1000440777/14/logo.svg?v=16422','GearVN','asrock-b460m-pro4'),(268,'https://gearvn.com/products/asus-tuf-gaming-b460m-plus','https://product.hstatic.net/1000026716/product/gearvn-tuf-b460m-plus-23_f46a6b4feebf41998a6d4900ae627caa_large.jpg','ASUS TUF GAMING B460M-PLUS',2390000,'https://theme.hstatic.net/1000026716/1000440777/14/logo.svg?v=16422','GearVN','asus-tuf-gaming-b460m-plus'),(269,'https://gearvn.com/products/asrock-b460m-steel-legend','https://product.hstatic.net/1000026716/product/b460m-steel-legend-1_8175d16bf3e74ea1b7ab0e031a76ed44_large.png','ASROCK B460M Steel Legend',2590000,'https://theme.hstatic.net/1000026716/1000440777/14/logo.svg?v=16422','GearVN','asrock-b460m-steel-legend'),(270,'https://gearvn.com/products/msi-mag-b460m-mortar','https://product.hstatic.net/1000026716/product/msi-mag_b460m_mortar-box2_18329cd4f0af40479524542baacbfc89_large.png','MSI MAG B460M MORTAR',2690000,'https://theme.hstatic.net/1000026716/1000440777/14/logo.svg?v=16422','GearVN','msi-mag-b460m-mortar'),(271,'https://gearvn.com/products/asus-tuf-gaming-b460m-plus-wi-fi','https://product.hstatic.net/1000026716/product/b460m_tuf_wifi_a56dae9cd4884f47b5c3ac08198f64eb_large.jpg','ASUS TUF GAMING B460M-PLUS (WI-FI)',2790000,'https://theme.hstatic.net/1000026716/1000440777/14/logo.svg?v=16422','GearVN','asus-tuf-gaming-b460m-plus-(wi-fi)'),(272,'https://gearvn.com/products/msi-mag-b460m-mortar-wifi','https://product.hstatic.net/1000026716/product/msi-mag_b460m_mortar-wifi-box2_27a90487fca34a7984f373ef8a16c0d4_large.png','MSI MAG B460M MORTAR WIFI',2990000,'https://theme.hstatic.net/1000026716/1000440777/14/logo.svg?v=16422','GearVN','msi-mag-b460m-mortar-wifi'),(273,'https://gearvn.com/products/asus-rog-strix-b460-g-gaming','https://product.hstatic.net/1000026716/product/rog-strix-b460-g-gaming-01_d7e641bf193c4b44bdd6d1aca8646adc_large.png','ASUS ROG STRIX B460-G GAMING',3090000,'https://theme.hstatic.net/1000026716/1000440777/14/logo.svg?v=16422','GearVN','asus-rog-strix-b460-g-gaming'),(274,'https://gearvn.com/products/asus-tuf-gaming-b460-pro-wi-fi','https://product.hstatic.net/1000026716/product/tuf-gaming-b460-pro-_wi-fi_-01_00e4ce64027943f78c8c8c3560b88b50_large.jpg','ASUS TUF GAMING B460-PRO (WI-FI)',3190000,'https://theme.hstatic.net/1000026716/1000440777/14/logo.svg?v=16422','GearVN','asus-tuf-gaming-b460-pro-(wi-fi)'),(275,'https://gearvn.com/products/asrock-b460-steel-legend','https://product.hstatic.net/1000026716/product/b460-steel-legend-1_c8889f912dbc47dba2cb88271238d7fb_large.png','ASROCK B460 Steel Legend',3290000,'https://theme.hstatic.net/1000026716/1000440777/14/logo.svg?v=16422','GearVN','asrock-b460-steel-legend'),(276,'https://gearvn.com/products/msi-mag-b460-tomahawk','https://product.hstatic.net/1000026716/product/d57eeeb2_msi-b460_tomahawk_box2_904236d84e1f4ac0a0ec1f0ba547534e_large.png','MSI MAG B460 TOMAHAWK',3590000,'https://theme.hstatic.net/1000026716/1000440777/14/logo.svg?v=16422','GearVN','msi-mag-b460-tomahawk'),(277,'https://gearvn.com/products/asus-rog-strix-b460-f-gaming','https://product.hstatic.net/1000026716/product/rog-strix-b460-f-gaming-1_e2af5cca5ae24b1d9370a9e236fd441c_large.jpg','ASUS ROG STRIX B460-F GAMING',3790000,'https://theme.hstatic.net/1000026716/1000440777/14/logo.svg?v=16422','GearVN','asus-rog-strix-b460-f-gaming'),(278,'https://gearvn.com/products/asus-rog-strix-b460-i-gaming','https://product.hstatic.net/1000026716/product/rog-strix-b460-i-gaming-01_1989303707984c6e9e5eeee31bb76155_large.png','ASUS ROG STRIX B460-I GAMING',3790000,'https://theme.hstatic.net/1000026716/1000440777/14/logo.svg?v=16422','GearVN','asus-rog-strix-b460-i-gaming'),(279,'https://gearvn.com/products/asus-rog-strix-b460-h-gaming','https://product.hstatic.net/1000026716/product/rog-strix-b460-h-gaming-01_875016ff1f8349e6811218e580c4497f_large.png','ASUS ROG STRIX B460-H GAMING',3890000,'https://theme.hstatic.net/1000026716/1000440777/14/logo.svg?v=16422','GearVN','asus-rog-strix-b460-h-gaming'),(280,'https://gearvn.com/products/asus-prime-z390m-plus','https://product.hstatic.net/1000026716/product/hv6zncldqd8n1cjz_setting_fff_1_90_end_500_1a5b4f332fc34a859f852cb49b63442c_large.jpg','ASUS PRIME Z390M-PLUS',3090000,'https://theme.hstatic.net/1000026716/1000440777/14/logo.svg?v=16422','GearVN','asus-prime-z390m-plus'),(281,'https://gearvn.com/products/asrock-z490m-pro4','https://product.hstatic.net/1000026716/product/z490m-pro4-1_1a5ec0f6a3ba4689b2018f5aadd284a4_large.png','ASROCK Z490M Pro4',3390000,'https://theme.hstatic.net/1000026716/1000440777/14/logo.svg?v=16422','GearVN','asrock-z490m-pro4'),(282,'https://gearvn.com/products/asrock-z490-phantom-gaming-4','https://product.hstatic.net/1000026716/product/z490-phantom-gaming-4-1_f2d49c072bf649a192f6bb3e26e25849_large.png','ASROCK Z490 Phantom Gaming 4',3590000,'https://theme.hstatic.net/1000026716/1000440777/14/logo.svg?v=16422','GearVN','asrock-z490-phantom-gaming-4'),(283,'https://gearvn.com/products/asrock-z490-pro4','https://product.hstatic.net/1000026716/product/z490-pro4-1_ed085792620846328c7c28a5008d5d04_large.png','ASROCK Z490 Pro4',3690000,'https://theme.hstatic.net/1000026716/1000440777/14/logo.svg?v=16422','GearVN','asrock-z490-pro4'),(284,'https://gearvn.com/products/asus-prime-z490-p','https://product.hstatic.net/1000026716/product/prime-z490-p-1_f8dde14cfa8545868eaba00fe8b01fba_large.jpg','ASUS PRIME Z490-P',3990000,'https://theme.hstatic.net/1000026716/1000440777/14/logo.svg?v=16422','GearVN','asus-prime-z490-p'),(285,'https://gearvn.com/products/msi-z490-a-pro','https://product.hstatic.net/1000026716/product/z490-a-pro-1_f3da5fd1f84b4a1f895049fae5cbad7a_large.png','MSI Z490 - A PRO',4290000,'https://theme.hstatic.net/1000026716/1000440777/14/logo.svg?v=16422','GearVN','msi-z490-a-pro'),(286,'https://gearvn.com/products/asus-tuf-gaming-z490-plus','https://product.hstatic.net/1000026716/product/tuf-gaming-z490-plus-01_144938affa414dd5982c10c80eff9083_large.jpg','ASUS TUF GAMING Z490-PLUS',4490000,'https://theme.hstatic.net/1000026716/1000440777/14/logo.svg?v=16422','GearVN','asus-tuf-gaming-z490-plus'),(287,'https://gearvn.com/products/msi-mpg-z490-gaming-plus','https://product.hstatic.net/1000026716/product/mpg-z490-gaming-plus-1_fc3902e945d24032b8279246bbb49954_large.png','MSI MPG Z490 GAMING PLUS',4490000,'https://theme.hstatic.net/1000026716/1000440777/14/logo.svg?v=16422','GearVN','msi-mpg-z490-gaming-plus'),(288,'https://gearvn.com/products/asrock-z490-steel-legend','https://product.hstatic.net/1000026716/product/z490-steel-legend-1_45e598a1590e4663b505876b252c7e1d_large.png','ASROCK Z490 Steel Legend',4890000,'https://theme.hstatic.net/1000026716/1000440777/14/logo.svg?v=16422','GearVN','asrock-z490-steel-legend'),(289,'https://gearvn.com/products/asrock-z490-extreme4','https://product.hstatic.net/1000026716/product/z490-extreme4-1_e24422cb3cac456dbbb76f9934f6036a_large.png','ASROCK Z490 Extreme4',4930000,'https://theme.hstatic.net/1000026716/1000440777/14/logo.svg?v=16422','GearVN','asrock-z490-extreme4'),(290,'https://gearvn.com/products/asus-tuf-gaming-z490-plus-wi-fi','https://product.hstatic.net/1000026716/product/tuf-gaming-z490-plus-wi-fi-1_89e773caf146497990b3f21de82a3695_large.jpg','ASUS TUF GAMING Z490-PLUS (WI-FI)',4990000,'https://theme.hstatic.net/1000026716/1000440777/14/logo.svg?v=16422','GearVN','asus-tuf-gaming-z490-plus-(wi-fi)'),(291,'https://gearvn.com/products/asus-rog-strix-z490-g-gaming','https://product.hstatic.net/1000026716/product/rog-strix-z490-g-gaming-01_7e707276b9c3488d9d1ddd32f8381b00_large.jpg','ASUS ROG STRIX Z490-G GAMING',5590000,'https://theme.hstatic.net/1000026716/1000440777/14/logo.svg?v=16422','GearVN','asus-rog-strix-z490-g-gaming'),(292,'https://gearvn.com/products/msi-mag-z490-tomahawk','https://product.hstatic.net/1000026716/product/mag-z490-tomahawk-1_6965949a3c584b91bc6c4b98c081ab72_large.png','MSI MAG Z490 TOMAHAWK',5590000,'https://theme.hstatic.net/1000026716/1000440777/14/logo.svg?v=16422','GearVN','msi-mag-z490-tomahawk'),(293,'https://gearvn.com/products/asus-rog-strix-z490-h-gaming','https://product.hstatic.net/1000026716/product/rog-strix-z490-h-gaming-1_c811e899458f4c989f1c9990493f0f3b_large.jpg','ASUS ROG STRIX Z490-H GAMING',5790000,'https://theme.hstatic.net/1000026716/1000440777/14/logo.svg?v=16422','GearVN','asus-rog-strix-z490-h-gaming'),(294,'https://gearvn.com/products/asus-z490-rog-strix-z490-f-gaming','https://product.hstatic.net/1000026716/product/rog-strix-z490-f-01_838dcab9904247e08bb2e5d8136896cb_large.jpg','ASUS ROG STRIX Z490-F GAMING',5790000,'https://theme.hstatic.net/1000026716/1000440777/14/logo.svg?v=16422','GearVN','asus-rog-strix-z490-f-gaming'),(295,'https://gearvn.com/products/asus-rog-strix-z490-g-gaming-wi-fi','https://product.hstatic.net/1000026716/product/rog-strix-z490-g-gaming-wi-fi-1_b83907639ba347c386b10eb32cf46341_large.jpg','ASUS ROG Strix Z490-G Gaming (Wi-Fi)',5890000,'https://theme.hstatic.net/1000026716/1000440777/14/logo.svg?v=16422','GearVN','asus-rog-strix-z490-g-gaming-(wi-fi)'),(296,'https://gearvn.com/products/asus-z490-rog-strix-z490-a-gaming','https://product.hstatic.net/1000026716/product/z490_a_gaming_648350665b5e4962a47ee512bb5ec7be_large.jpg','ASUS ROG STRIX Z490-A GAMING',6090000,'https://theme.hstatic.net/1000026716/1000440777/14/logo.svg?v=16422','GearVN','asus-rog-strix-z490-a-gaming'),(297,'https://gearvn.com/products/asrock-b550m-pro4','https://product.hstatic.net/1000026716/product/b550m-pro4-1_e43c4551b91042b4af879b4011451597_large.png','ASROCK B550M Pro4',2990000,'https://theme.hstatic.net/1000026716/1000440777/14/logo.svg?v=16422','GearVN','asrock-b550m-pro4'),(298,'https://gearvn.com/products/asrock-b550m-itx-ac','https://product.hstatic.net/1000026716/product/b550m-itx-ac-1_b9865068436c4964b6dc945fce69dbab_large.png','ASROCK B550M-ITX/ac',3590000,'https://theme.hstatic.net/1000026716/1000440777/14/logo.svg?v=16422','GearVN','asrock-b550m-itx/ac'),(299,'https://gearvn.com/products/asrock-b550m-steel-legend','https://product.hstatic.net/1000026716/product/b550m-steel-legend-1_bbe670dca27840b38b4d5fef155021dc_large.png','ASROCK B550M Steel Legend',3790000,'https://theme.hstatic.net/1000026716/1000440777/14/logo.svg?v=16422','GearVN','asrock-b550m-steel-legend'),(300,'https://gearvn.com/products/msi-mag-b550m-mortar','https://product.hstatic.net/1000026716/product/mag-b550m-mortar-1_5e8847f9a0d04ad1a9a60a85a009d23a_large.png','MSI MAG B550M MORTAR',3950000,'https://theme.hstatic.net/1000026716/1000440777/14/logo.svg?v=16422','GearVN','msi-mag-b550m-mortar'),(301,'https://gearvn.com/products/asrock-b550-steel-legend','https://product.hstatic.net/1000026716/product/b550-steel-legend-1_3275e75962bb4ba5a913e2996bec72b6_large.png','ASROCK B550 Steel Legend',4990000,'https://theme.hstatic.net/1000026716/1000440777/14/logo.svg?v=16422','GearVN','asrock-b550-steel-legend'),(302,'https://gearvn.com/products/asrock-b550-pg-velocita','https://product.hstatic.net/1000026716/product/b550-pg-velocita-1_357464f588624fc1b0c587f15dc848b0_large.png','ASROCK B550 PG Velocita',5990000,'https://theme.hstatic.net/1000026716/1000440777/14/logo.svg?v=16422','GearVN','asrock-b550-pg-velocita'),(303,'https://gearvn.com/products/asrock-b550-taichi','https://product.hstatic.net/1000026716/product/b550-taichi-1_dc7d2b2413314a71bc3fb5d8133d41ed_large.png','ASROCK B550 Taichi',8290000,'https://theme.hstatic.net/1000026716/1000440777/14/logo.svg?v=16422','GearVN','asrock-b550-taichi'),(304,'https://gearvn.com/products/msi-mpg-x570-gaming-edge-wifi','https://product.hstatic.net/1000026716/product/x570_edge_1_51433a7687304e3291ce401b46435226_large.png','MSI MPG X570 GAMING EDGE WIFI',6190000,'https://theme.hstatic.net/1000026716/1000440777/14/logo.svg?v=16422','GearVN','msi-mpg-x570-gaming-edge-wifi'),(305,'https://gearvn.com/products/msi-mpg-x570-gaming-pro-carbon-wifi','https://product.hstatic.net/1000026716/product/4_6666e357b2b542779f0adf84ab3cdca4_large.png','MSI MPG X570 GAMING PRO CARBON WIFI',7190000,'https://theme.hstatic.net/1000026716/1000440777/14/logo.svg?v=16422','GearVN','msi-mpg-x570-gaming-pro-carbon-wifi'),(306,'https://gearvn.com/products/gigabyte-x570-aorus-ultra','https://product.hstatic.net/1000026716/product/20190702105923370071687d0ed3756b328015b4ef6d5ca4_big_d9bd9311cad24441904a147ec519217a_large.png','GIGABYTE X570 AORUS ULTRA',7590000,'https://theme.hstatic.net/1000026716/1000440777/14/logo.svg?v=16422','GearVN','gigabyte-x570-aorus-ultra'),(307,'https://gearvn.com/products/gigabyte-x570-aorus-master','https://product.hstatic.net/1000026716/product/x570_master_gearvn_5b42e2cbb68844de8be31c6eeb04ba72_large.jpg','GIGABYTE X570 AORUS MASTER',7990000,'https://theme.hstatic.net/1000026716/1000440777/14/logo.svg?v=16422','GearVN','gigabyte-x570-aorus-master'),(308,'https://gearvn.com/products/msi-meg-x570-ace','https://product.hstatic.net/1000026716/product/x570_ace_1_c0710e34868c4358a9a11bf1db08c492_large.png','MSI MEG X570 ACE',10890000,'https://theme.hstatic.net/1000026716/1000440777/14/logo.svg?v=16422','GearVN','msi-meg-x570-ace'),(309,'https://gearvn.com/products/msi-prestige-x570-creation','https://product.hstatic.net/1000026716/product/x570_creation_1_e4318f8d193940b79edb66f7d2d2ccc9_large.png','MSI PRESTIGE X570 CREATION',14299000,'https://theme.hstatic.net/1000026716/1000440777/14/logo.svg?v=16422','GearVN','msi-prestige-x570-creation'),(310,'https://gearvn.com/products/gigabyte-x570-aorus-xtreme','https://product.hstatic.net/1000026716/product/x570_aorus_xtreme_gearvn_cd992468a12a4ca6adc129ba06514789_large.jpg','GIGABYTE X570 AORUS XTREME',19399000,'https://theme.hstatic.net/1000026716/1000440777/14/logo.svg?v=16422','GearVN','gigabyte-x570-aorus-xtreme'),(311,'https://gearvn.com/products/msi-meg-x570-godlike','https://product.hstatic.net/1000026716/product/x570_godlike_1_f1645bded96a44ef8b933d730dae3175_large.png','MSI MEG X570 GODLIKE',20990000,'https://theme.hstatic.net/1000026716/1000440777/14/logo.svg?v=16422','GearVN','msi-meg-x570-godlike'),(312,'https://gearvn.com/products/h310cm-hdv-m2','https://product.hstatic.net/1000026716/product/h310cm-hdvm.2_l1__7f3c822956ba4b2683788eebc3cab976_large.png','ASROCK H310CM HDV/M2',1750000,'https://theme.hstatic.net/1000026716/1000440777/14/logo.svg?v=16422','GearVN','asrock-h310cm-hdv/m.2'),(313,'https://gearvn.com/products/gigabyte-z490-gaming-x-rev-1-0','https://product.hstatic.net/1000026716/product/z490_gamign_x_83c13784d1234ed080116dc7363c7926_large.jpg','GIGABYTE Z490 GAMING X (rev. 1.0)',4690000,'https://theme.hstatic.net/1000026716/1000440777/14/logo.svg?v=16422','GearVN','gigabyte-z490-gaming-x'),(314,'https://gearvn.com/products/gigabyte-b550m-ds3h-rev-1-0','https://product.hstatic.net/1000026716/product/b550m-ds3h-rev-1-1_dd3ed624736c4e7c96af996ae192dcc0_large.png','GIGABYTE B550M DS3H (rev. 1.0)',2750000,'https://theme.hstatic.net/1000026716/1000440777/14/logo.svg?v=16422','GearVN','gigabyte-b550m-ds3h'),(315,'https://gearvn.com/products/mainboard-asrock-a320m-dvs-r4-0','https://product.hstatic.net/1000026716/product/mainboard-asrock-a320m-dvs-r4-0-1_0856ebd8ef7c41aea5b2b42b8251ea76_large.jpg','Mainboard Asrock A320M-DVS R4.0',1090000,'https://theme.hstatic.net/1000026716/1000440777/14/logo.svg?v=16422','GearVN','asrock-a320m-dvs-r4.0'),(316,'https://gearvn.com/products/gigabyte-z390-i-aorus-pro-wifi-lga1151v2','https://product.hstatic.net/1000026716/product/2019013114084518d54ebbdfb505552a81328e38f97a71f8_big_bee63ecb542f4e18a65d656ed84c55dd_large.png','GIGABYTE Z390 I AORUS PRO WIFI LGA1151v2',5290000,'https://theme.hstatic.net/1000026716/1000440777/14/logo.svg?v=16422','GearVN','gigabyte-z390-i-aorus-pro-wifi'),(317,'https://gearvn.com/products/msi-mpg-z390-gaming-edge-ac-lga1151v2','https://product.hstatic.net/1000026716/product/msi-mpg_z390_gaming_edge_ac-gearvn_large.jpg','MSI MPG Z390 GAMING EDGE AC LGA1151V2',4990000,'https://theme.hstatic.net/1000026716/1000440777/14/logo.svg?v=16422','GearVN','msi-mpg-z390-gaming-edge-ac'),(318,'https://gearvn.com/products/msi-b450m-bazooka-plus-amd-socket-am4','https://product.hstatic.net/1000026716/product/gearvn_b450__9271ee073e3a471c848a24a5e87106c8_large.jpg','MSI B450M BAZOOKA PLUS (AMD Socket AM4)',2190000,'https://theme.hstatic.net/1000026716/1000440777/14/logo.svg?v=16422','GearVN','msi-b450m-bazooka-plus'),(319,'https://gearvn.com/products/gigabyte-b450-aorus-m-amd-socket-am4','https://product.hstatic.net/1000026716/product/b450_aorus_m_gearvn_large.jpg','GIGABYTE B450 AORUS M (AMD Socket AM4)',2290000,'https://theme.hstatic.net/1000026716/1000440777/14/logo.svg?v=16422','GearVN','gigabyte-b450-aorus-m'),(320,'https://gearvn.com/products/asus-rog-strix-z390-h-gaming-lga1151v2','https://product.hstatic.net/1000026716/product/asus_strix_z390-h_gearvn_large.jpg','ASUS ROG STRIX Z390-H GAMING LGA1151v2',4390000,'https://theme.hstatic.net/1000026716/1000440777/14/logo.svg?v=16422','GearVN','asus-rog-strix-z390-h-gaming'),(321,'https://gearvn.com/products/asus-rog-strix-z390-f-gaming-lga1151v2','https://product.hstatic.net/1000026716/product/asus_strix_z390-f_gearvn_large.jpg','ASUS ROG STRIX Z390-F GAMING LGA1151v2',5090000,'https://theme.hstatic.net/1000026716/1000440777/14/logo.svg?v=16422','GearVN','asus-rog-strix-z390-f-gaming'),(322,'https://gearvn.com/products/msi-mpg-z390-gaming-pro-carbon-lga1151v2','https://product.hstatic.net/1000026716/product/msi-mpg_z390_gaming_pro_carbon-gearvn_large.jpg','MSI MPG Z390 GAMING PRO CARBON LGA1151V2',5290000,'https://theme.hstatic.net/1000026716/1000440777/14/logo.svg?v=16422','GearVN','msi-mpg-z390-gaming-pro-carbon'),(323,'https://gearvn.com/products/msi-h310m-pro-vdh-plus','https://product.hstatic.net/1000026716/product/product_7_20180806100546_5b67acfa95a30_0af50dc350004bc4b7fe62c45ba7c145_large.png','MSI H310M Pro-VDH Plus LGA1151v2',1490000,'https://theme.hstatic.net/1000026716/1000440777/14/logo.svg?v=16422','GearVN','msi-h310m-pro-vdh-plus'),(324,'https://gearvn.com/products/asus-rog-strix-z390-e-gaming-lga1151v2','https://product.hstatic.net/1000026716/product/asus_strix_z390-e_gearvn_large.jpg','ASUS ROG STRIX Z390-E GAMING LGA1151v2',5490000,'https://theme.hstatic.net/1000026716/1000440777/14/logo.svg?v=16422','GearVN','asus-rog-strix-z390-e-gaming'),(325,'https://gearvn.com/products/asrock-z390-phantom-gaming7-lga1151v2','https://product.hstatic.net/1000026716/product/z390_phantom_gaming_7_l1___1__b20872bb610e4e38853e0d3e2d3e8393_large.png','ASROCK Z390 Phantom Gaming 7 LGA1151V2',5790000,'https://theme.hstatic.net/1000026716/1000440777/14/logo.svg?v=16422','GearVN','asrock-z390-phantom-gaming-7'),(326,'https://gearvn.com/products/msi-mag-b365m-mortar-lga1151v2','https://product.hstatic.net/1000026716/product/b365m_mortar_gearvn_1e43b4a31e15470baf476573d858655a_large.jpg','MSI MAG B365M Mortar LGA1151v2',2050000,'https://theme.hstatic.net/1000026716/1000440777/14/logo.svg?v=16422','GearVN','msi-mag-b365m-mortar'),(327,'https://gearvn.com/products/asrock-z390-steel-legend-lga1151v2','https://product.hstatic.net/1000026716/product/z390_steel_legend_l1__0b54d34d59d646d69676dad3c30856b0_large.png','ASROCK Z390 Steel Legend LGA1151V2',3290000,'https://theme.hstatic.net/1000026716/1000440777/14/logo.svg?v=16422','GearVN','asrock-z390-steel-legend'),(328,'https://gearvn.com/products/msi-mpg-z390-i-gaming-edge-ac-lga1151v2','https://product.hstatic.net/1000026716/product/z390-i_gaming_edge_ac_gearvn_large.jpg','MSI MPG Z390-I GAMING EDGE AC LGA1151V2',4990000,'https://theme.hstatic.net/1000026716/1000440777/14/logo.svg?v=16422','GearVN','msi-mpg-z390i-gaming-edge-ac');
/*!40000 ALTER TABLE `mainboard_price_list` ENABLE KEYS */;
UNLOCK TABLES;

--
-- Table structure for table `pcprofile`
--

DROP TABLE IF EXISTS `pcprofile`;
/*!40101 SET @saved_cs_client     = @@character_set_client */;
/*!50503 SET character_set_client = utf8mb4 */;
CREATE TABLE `pcprofile` (
  `ID` varchar(100) NOT NULL,
  `UserID` int NOT NULL,
  `PcName` varchar(100) NOT NULL,
  PRIMARY KEY (`ID`),
  KEY `FK6x7rblh6uojxwknc8fgndl1pl` (`UserID`),
  CONSTRAINT `FK6x7rblh6uojxwknc8fgndl1pl` FOREIGN KEY (`UserID`) REFERENCES `user` (`ID`),
  CONSTRAINT `pcprofile_ibfk_1` FOREIGN KEY (`UserID`) REFERENCES `user` (`ID`)
) ENGINE=InnoDB DEFAULT CHARSET=utf8;
/*!40101 SET character_set_client = @saved_cs_client */;

--
-- Dumping data for table `pcprofile`
--

LOCK TABLES `pcprofile` WRITE;
/*!40000 ALTER TABLE `pcprofile` DISABLE KEYS */;
INSERT INTO `pcprofile` VALUES ('amd-first-build',1,'First AMD PC Build'),('intel-1000$-build',1,'Intel 20tr VND Build');
/*!40000 ALTER TABLE `pcprofile` ENABLE KEYS */;
UNLOCK TABLES;

--
-- Table structure for table `pcprofile_cpu`
--

DROP TABLE IF EXISTS `pcprofile_cpu`;
/*!40101 SET @saved_cs_client     = @@character_set_client */;
/*!50503 SET character_set_client = utf8mb4 */;
CREATE TABLE `pcprofile_cpu` (
  `PcID` varchar(100) NOT NULL,
  `CpuID` varchar(100) NOT NULL,
  KEY `FK2ee2iieg93gujoo985cw5wysa` (`CpuID`),
  KEY `FKajiygmqemxfai80yee65illou` (`PcID`),
  CONSTRAINT `FK2ee2iieg93gujoo985cw5wysa` FOREIGN KEY (`CpuID`) REFERENCES `cpu` (`ID`),
  CONSTRAINT `FKajiygmqemxfai80yee65illou` FOREIGN KEY (`PcID`) REFERENCES `pcprofile` (`ID`),
  CONSTRAINT `pcprofile_cpu_ibfk_1` FOREIGN KEY (`PcID`) REFERENCES `pcprofile` (`ID`),
  CONSTRAINT `pcprofile_cpu_ibfk_2` FOREIGN KEY (`CpuID`) REFERENCES `cpu` (`ID`)
) ENGINE=InnoDB DEFAULT CHARSET=utf8;
/*!40101 SET character_set_client = @saved_cs_client */;

--
-- Dumping data for table `pcprofile_cpu`
--

LOCK TABLES `pcprofile_cpu` WRITE;
/*!40000 ALTER TABLE `pcprofile_cpu` DISABLE KEYS */;
INSERT INTO `pcprofile_cpu` VALUES ('amd-first-build','amd-ryzen-5-3600'),('intel-1000$-build','intel-i5-10400');
/*!40000 ALTER TABLE `pcprofile_cpu` ENABLE KEYS */;
UNLOCK TABLES;

--
-- Table structure for table `pcprofile_gpu`
--

DROP TABLE IF EXISTS `pcprofile_gpu`;
/*!40101 SET @saved_cs_client     = @@character_set_client */;
/*!50503 SET character_set_client = utf8mb4 */;
CREATE TABLE `pcprofile_gpu` (
  `PcID` varchar(100) NOT NULL,
  `GpuID` varchar(100) NOT NULL,
  KEY `FK27ym360rk3t4ibvxbd7xfg3ly` (`GpuID`),
  KEY `FK43grct2277fq9rx72til5wyux` (`PcID`),
  CONSTRAINT `FK27ym360rk3t4ibvxbd7xfg3ly` FOREIGN KEY (`GpuID`) REFERENCES `gpu` (`ID`),
  CONSTRAINT `FK43grct2277fq9rx72til5wyux` FOREIGN KEY (`PcID`) REFERENCES `pcprofile` (`ID`),
  CONSTRAINT `pcprofile_gpu_ibfk_1` FOREIGN KEY (`PcID`) REFERENCES `pcprofile` (`ID`),
  CONSTRAINT `pcprofile_gpu_ibfk_2` FOREIGN KEY (`GpuID`) REFERENCES `gpu` (`ID`)
) ENGINE=InnoDB DEFAULT CHARSET=utf8;
/*!40101 SET character_set_client = @saved_cs_client */;

--
-- Dumping data for table `pcprofile_gpu`
--

LOCK TABLES `pcprofile_gpu` WRITE;
/*!40000 ALTER TABLE `pcprofile_gpu` DISABLE KEYS */;
INSERT INTO `pcprofile_gpu` VALUES ('amd-first-build','msi-geforce-rtx-3060-ti-gaming-x-trio'),('intel-1000$-build','msi-radeon-rx-5600-xt-mech-oc');
/*!40000 ALTER TABLE `pcprofile_gpu` ENABLE KEYS */;
UNLOCK TABLES;

--
-- Table structure for table `pcprofile_hdd`
--

DROP TABLE IF EXISTS `pcprofile_hdd`;
/*!40101 SET @saved_cs_client     = @@character_set_client */;
/*!50503 SET character_set_client = utf8mb4 */;
CREATE TABLE `pcprofile_hdd` (
  `PcID` varchar(100) NOT NULL,
  `HddID` varchar(100) NOT NULL,
  KEY `FKhm7hctqd1hgt82cpjcgjarls1` (`HddID`),
  KEY `FKcid8tt1k57b5qxrok86cbk6tx` (`PcID`),
  CONSTRAINT `FKcid8tt1k57b5qxrok86cbk6tx` FOREIGN KEY (`PcID`) REFERENCES `pcprofile` (`ID`),
  CONSTRAINT `FKhm7hctqd1hgt82cpjcgjarls1` FOREIGN KEY (`HddID`) REFERENCES `hdd` (`ID`),
  CONSTRAINT `pcprofile_hdd_ibfk_1` FOREIGN KEY (`PcID`) REFERENCES `pcprofile` (`ID`),
  CONSTRAINT `pcprofile_hdd_ibfk_2` FOREIGN KEY (`HddID`) REFERENCES `hdd` (`ID`)
) ENGINE=InnoDB DEFAULT CHARSET=utf8;
/*!40101 SET character_set_client = @saved_cs_client */;

--
-- Dumping data for table `pcprofile_hdd`
--

LOCK TABLES `pcprofile_hdd` WRITE;
/*!40000 ALTER TABLE `pcprofile_hdd` DISABLE KEYS */;
INSERT INTO `pcprofile_hdd` VALUES ('amd-first-build','seagate-firecuda-1024-2.5sata'),('intel-1000$-build','seagate-firecuda-1024-2.5sata');
/*!40000 ALTER TABLE `pcprofile_hdd` ENABLE KEYS */;
UNLOCK TABLES;

--
-- Table structure for table `pcprofile_mainboard`
--

DROP TABLE IF EXISTS `pcprofile_mainboard`;
/*!40101 SET @saved_cs_client     = @@character_set_client */;
/*!50503 SET character_set_client = utf8mb4 */;
CREATE TABLE `pcprofile_mainboard` (
  `PcID` varchar(100) NOT NULL,
  `MainID` varchar(100) NOT NULL,
  KEY `FK17u5liyjp8myqcs4754802a9s` (`MainID`),
  KEY `FKss6nuiptw48x7931loq18upjw` (`PcID`),
  CONSTRAINT `FK17u5liyjp8myqcs4754802a9s` FOREIGN KEY (`MainID`) REFERENCES `mainboard` (`ID`),
  CONSTRAINT `FKss6nuiptw48x7931loq18upjw` FOREIGN KEY (`PcID`) REFERENCES `pcprofile` (`ID`),
  CONSTRAINT `pcprofile_mainboard_ibfk_1` FOREIGN KEY (`PcID`) REFERENCES `pcprofile` (`ID`),
  CONSTRAINT `pcprofile_mainboard_ibfk_2` FOREIGN KEY (`MainID`) REFERENCES `mainboard` (`ID`)
) ENGINE=InnoDB DEFAULT CHARSET=utf8;
/*!40101 SET character_set_client = @saved_cs_client */;

--
-- Dumping data for table `pcprofile_mainboard`
--

LOCK TABLES `pcprofile_mainboard` WRITE;
/*!40000 ALTER TABLE `pcprofile_mainboard` DISABLE KEYS */;
INSERT INTO `pcprofile_mainboard` VALUES ('amd-first-build','asrock-b450m-steel-legend'),('intel-1000$-build','asus-rog-strix-b460-f-gaming');
/*!40000 ALTER TABLE `pcprofile_mainboard` ENABLE KEYS */;
UNLOCK TABLES;

--
-- Table structure for table `pcprofile_psu`
--

DROP TABLE IF EXISTS `pcprofile_psu`;
/*!40101 SET @saved_cs_client     = @@character_set_client */;
/*!50503 SET character_set_client = utf8mb4 */;
CREATE TABLE `pcprofile_psu` (
  `PcID` varchar(100) NOT NULL,
  `PsuID` varchar(100) NOT NULL,
  KEY `FK8tumuxe3jvu70ukbxnr36rai` (`PsuID`),
  KEY `FKi0nqeyu5h3gsbljxjiym0177h` (`PcID`),
  CONSTRAINT `FK8tumuxe3jvu70ukbxnr36rai` FOREIGN KEY (`PsuID`) REFERENCES `psu` (`ID`),
  CONSTRAINT `FKi0nqeyu5h3gsbljxjiym0177h` FOREIGN KEY (`PcID`) REFERENCES `pcprofile` (`ID`),
  CONSTRAINT `pcprofile_psu_ibfk_1` FOREIGN KEY (`PcID`) REFERENCES `pcprofile` (`ID`),
  CONSTRAINT `pcprofile_psu_ibfk_2` FOREIGN KEY (`PsuID`) REFERENCES `psu` (`ID`)
) ENGINE=InnoDB DEFAULT CHARSET=utf8;
/*!40101 SET character_set_client = @saved_cs_client */;

--
-- Dumping data for table `pcprofile_psu`
--

LOCK TABLES `pcprofile_psu` WRITE;
/*!40000 ALTER TABLE `pcprofile_psu` DISABLE KEYS */;
INSERT INTO `pcprofile_psu` VALUES ('amd-first-build','cm-mwe-gold-650-gold'),('intel-1000$-build','cm-mwe-gold-650-gold');
/*!40000 ALTER TABLE `pcprofile_psu` ENABLE KEYS */;
UNLOCK TABLES;

--
-- Table structure for table `pcprofile_ram`
--

DROP TABLE IF EXISTS `pcprofile_ram`;
/*!40101 SET @saved_cs_client     = @@character_set_client */;
/*!50503 SET character_set_client = utf8mb4 */;
CREATE TABLE `pcprofile_ram` (
  `PcID` varchar(100) NOT NULL,
  `RamID` varchar(100) NOT NULL,
  KEY `FKrcr8d20xwitjsj0v4yykooeyi` (`RamID`),
  KEY `FK7dsvpcem63jth53lh73pyjnhs` (`PcID`),
  CONSTRAINT `FK7dsvpcem63jth53lh73pyjnhs` FOREIGN KEY (`PcID`) REFERENCES `pcprofile` (`ID`),
  CONSTRAINT `FKrcr8d20xwitjsj0v4yykooeyi` FOREIGN KEY (`RamID`) REFERENCES `ram` (`ID`),
  CONSTRAINT `pcprofile_ram_ibfk_1` FOREIGN KEY (`PcID`) REFERENCES `pcprofile` (`ID`),
  CONSTRAINT `pcprofile_ram_ibfk_2` FOREIGN KEY (`RamID`) REFERENCES `ram` (`ID`)
) ENGINE=InnoDB DEFAULT CHARSET=utf8;
/*!40101 SET character_set_client = @saved_cs_client */;

--
-- Dumping data for table `pcprofile_ram`
--

LOCK TABLES `pcprofile_ram` WRITE;
/*!40000 ALTER TABLE `pcprofile_ram` DISABLE KEYS */;
INSERT INTO `pcprofile_ram` VALUES ('amd-first-build','corsair-dominator-platinum-2x8G-3200'),('intel-1000$-build','corsair-vengeance-RGB-pro-2x8G-3000');
/*!40000 ALTER TABLE `pcprofile_ram` ENABLE KEYS */;
UNLOCK TABLES;

--
-- Table structure for table `pcprofile_ssd`
--

DROP TABLE IF EXISTS `pcprofile_ssd`;
/*!40101 SET @saved_cs_client     = @@character_set_client */;
/*!50503 SET character_set_client = utf8mb4 */;
CREATE TABLE `pcprofile_ssd` (
  `PcID` varchar(100) NOT NULL,
  `SsdID` varchar(100) NOT NULL,
  KEY `FK3e8ct6lfac4qjjkok471xjg87` (`SsdID`),
  KEY `FK3ushjl8ne69bx6er3rai8vb24` (`PcID`),
  CONSTRAINT `FK3e8ct6lfac4qjjkok471xjg87` FOREIGN KEY (`SsdID`) REFERENCES `ssd` (`ID`),
  CONSTRAINT `FK3ushjl8ne69bx6er3rai8vb24` FOREIGN KEY (`PcID`) REFERENCES `pcprofile` (`ID`),
  CONSTRAINT `pcprofile_ssd_ibfk_1` FOREIGN KEY (`PcID`) REFERENCES `pcprofile` (`ID`),
  CONSTRAINT `pcprofile_ssd_ibfk_2` FOREIGN KEY (`SsdID`) REFERENCES `ssd` (`ID`)
) ENGINE=InnoDB DEFAULT CHARSET=utf8;
/*!40101 SET character_set_client = @saved_cs_client */;

--
-- Dumping data for table `pcprofile_ssd`
--

LOCK TABLES `pcprofile_ssd` WRITE;
/*!40000 ALTER TABLE `pcprofile_ssd` DISABLE KEYS */;
INSERT INTO `pcprofile_ssd` VALUES ('amd-first-build','kingston-a2000-500-m2-nvme'),('intel-1000$-build','kingston-kc600-512-m2-sata');
/*!40000 ALTER TABLE `pcprofile_ssd` ENABLE KEYS */;
UNLOCK TABLES;

--
-- Table structure for table `post`
--

DROP TABLE IF EXISTS `post`;
/*!40101 SET @saved_cs_client     = @@character_set_client */;
/*!50503 SET character_set_client = utf8mb4 */;
CREATE TABLE `post` (
  `ID` int NOT NULL AUTO_INCREMENT,
  `Name` varchar(100) NOT NULL,
  `CreationTime` date NOT NULL,
  `Details` text NOT NULL,
  `CreatorID` int NOT NULL,
  `Description` longtext,
  PRIMARY KEY (`ID`),
  KEY `FKhtqbhkd9ojw742kw66rupa28e` (`CreatorID`),
  CONSTRAINT `FKhtqbhkd9ojw742kw66rupa28e` FOREIGN KEY (`CreatorID`) REFERENCES `user` (`ID`),
  CONSTRAINT `post_ibfk_1` FOREIGN KEY (`CreatorID`) REFERENCES `user` (`ID`)
) ENGINE=InnoDB AUTO_INCREMENT=4 DEFAULT CHARSET=utf8;
/*!40101 SET character_set_client = @saved_cs_client */;

--
-- Dumping data for table `post`
--

LOCK TABLES `post` WRITE;
/*!40000 ALTER TABLE `post` DISABLE KEYS */;
/*!40000 ALTER TABLE `post` ENABLE KEYS */;
UNLOCK TABLES;

--
-- Table structure for table `post_pc`
--

DROP TABLE IF EXISTS `post_pc`;
/*!40101 SET @saved_cs_client     = @@character_set_client */;
/*!50503 SET character_set_client = utf8mb4 */;
CREATE TABLE `post_pc` (
  `PcID` varchar(100) NOT NULL,
  `PostID` int NOT NULL,
  KEY `FKtm5o0y54yxj8d8j5kj572rbiv` (`PcID`),
  KEY `FK8le1n0od31bft4a2l2iscy2ql` (`PostID`),
  CONSTRAINT `FK8le1n0od31bft4a2l2iscy2ql` FOREIGN KEY (`PostID`) REFERENCES `post` (`ID`),
  CONSTRAINT `FKtm5o0y54yxj8d8j5kj572rbiv` FOREIGN KEY (`PcID`) REFERENCES `pcprofile` (`ID`),
  CONSTRAINT `post_pc_ibfk_1` FOREIGN KEY (`PostID`) REFERENCES `post` (`ID`),
  CONSTRAINT `post_pc_ibfk_2` FOREIGN KEY (`PcID`) REFERENCES `pcprofile` (`ID`)
) ENGINE=InnoDB DEFAULT CHARSET=utf8;
/*!40101 SET character_set_client = @saved_cs_client */;

--
-- Dumping data for table `post_pc`
--

LOCK TABLES `post_pc` WRITE;
/*!40000 ALTER TABLE `post_pc` DISABLE KEYS */;
/*!40000 ALTER TABLE `post_pc` ENABLE KEYS */;
UNLOCK TABLES;

--
-- Table structure for table `psu`
--

DROP TABLE IF EXISTS `psu`;
/*!40101 SET @saved_cs_client     = @@character_set_client */;
/*!50503 SET character_set_client = utf8mb4 */;
CREATE TABLE `psu` (
  `ID` varchar(100) NOT NULL,
  `manufacturer` varchar(100) NOT NULL,
  `serieName` varchar(100) NOT NULL,
  `chipset` varchar(100) DEFAULT NULL,
  `power` int NOT NULL,
  `standard_80` varchar(100) NOT NULL,
  `fullname` text NOT NULL,
  PRIMARY KEY (`ID`)
) ENGINE=InnoDB DEFAULT CHARSET=utf8;
/*!40101 SET character_set_client = @saved_cs_client */;

--
-- Dumping data for table `psu`
--

LOCK TABLES `psu` WRITE;
/*!40000 ALTER TABLE `psu` DISABLE KEYS */;
INSERT INTO `psu` VALUES ('aerocool-lux-rgb-550-bronze','AEROCOOL','LUX RGB','ATX',550,'Bronze','AEROCOOL LUX RGB 550W 80 Plus Bronze'),('aerocool-lux-rgb-650-bronze','AEROCOOL','LUX RGB','ATX',650,'Bronze','Aerocool LUX RGB 650W 80 Plus Bronze'),('aerocool-lux-rgb-750-bronze','AEROCOOL','LUX RGB','ATX',750,'Bronze','Aerocool LUX RGB 750W 80 Plus Bronze'),('aerocool-united-power-500-white','AEROCOOL','UNITED POWER','ATX',500,'White','AEROCOOL UNITED POWER 500W 80Plus'),('aerocool-vx-plus-350-none','AEROCOOL','VX PLUS','ATX',350,'None','AEROCOOL VX PLUS 350'),('aerocool-vx-plus-400-none','AEROCOOL','VX PLUS','ATX',400,'None','AEROCOOL VX PLUS 400'),('aerocool-vx-plus-500-none','AEROCOOL','VX PLUS','ATX',500,'None','AEROCOOL VX PLUS 500'),('aerocool-vx-plus-600-none','AEROCOOL','VX PLUS','ATX',600,'None','AEROCOOL VX PLUS 600'),('antec-ae-pro-750-gold','Antec','VP','ATX',750,'Gold','ANTEC EA750G PRO-750W'),('antec-atom-350-none','Antec','ATOM','ATX',350,'None','Antec ATOM V350'),('antec-atom-450-none','Antec','ATOM','ATX',450,'None','Antec ATOM V450'),('antec-atom-550-bronze','Antec','ATOM','ATX',550,'Bronze','Antec ATOM B550 - 550W 80 PLUS BRONZE'),('antec-atom-550-none','Antec','ATOM','ATX',550,'None','Antec ATOM B550 - 550W 80'),('antec-atom-650-bronze','Antec','ATOM','ATX',650,'Bronze','Antec ATOM B650 - 650W 80 PLUS BRONZE'),('antec-vp-500-none','Antec','VP','ATX',500,'None','Antec VP500PC'),('asus-rog-strix-1000-gold','ASUS','ROG STRIX','ATX',1000,'Gold','ASUS ROG STRIX 1000W GOLD'),('asus-rog-strix-750-gold','ASUS','ROG STRIX','ATX',750,'Gold','ASUS ROG STRIX 750W GOLD'),('asus-rog-strix-850-gold','ASUS','ROG STRIX','ATX',850,'Gold','ASUS ROG STRIX 850W GOLD'),('asus-rog-thor-1200-platinum','ASUS','ROG Thor','ATX',1200,'Platinum','Asus ROG Thor 1200w'),('asus-rog-thor-850-platinum','ASUS','ROG Thor','ATX',850,'Platinum','Asus ROG Thor 850w'),('asus-tuf-550-bronze','ASUS','TUF','ATX',550,'Bronze','ASUS TUF GAMING 550W Bronze'),('asus-tuf-650-bronze','ASUS','TUF','ATX',650,'Bronze','ASUS TUF GAMING 650W Bronze'),('cm-elite-v1000-1000-white','Cooler Master','V1000 V3','ATX',1000,'none','Cooler Master Elite V1000 1000W'),('cm-elite-v3-400-none','Cooler Master','Elite V3','ATX',400,'none','Cooler Master Elite V3 400W'),('cm-elite-v3-500-none','Cooler Master','Elite V3','ATX',500,'none','Cooler Master Elite V3 500W'),('cm-elite-v3-600-none','Cooler Master','Elite V3','ATX',600,'None','Cooler Master Elite V3 600W'),('cm-elite-v3-700-none','Cooler Master','Elite V3','ATX',600,'None','Cooler Master Elite V3 700W'),('cm-elite-v4-500-white','Cooler Master','Elite V3','ATX',500,'none','Cooler Master Elite V4 500W'),('cm-elite-v4-600-white','Cooler Master','Elite V3','ATX',600,'none','Cooler Master Elite V4 600W'),('cm-mwe-bronze-v2-400-bronze','Cooler Master','MWE Bronze V2','ATX',400,'bronze','Cooler Master MWE Bronze V2 400W'),('cm-mwe-bronze-v2-450-bronze','Cooler Master','MWE Bronze V2','ATX',450,'bronze','Cooler Master MWE Bronze V2 450W'),('cm-mwe-bronze-v2-550-bronze','Cooler Master','MWE Bronze V2','ATX',550,'bronze','Cooler Master MWE Bronze V2 550W'),('cm-mwe-bronze-v2-600-bronze','Cooler Master','MWE Bronze V2','ATX',600,'bronze','Cooler Master MWE Bronze V2 600W'),('cm-mwe-bronze-v2-650-bronze','Cooler Master','MWE Bronze V2','ATX',650,'bronze','Cooler Master MWE Bronze V2 650W'),('cm-mwe-bronze-v2-700-bronze','Cooler Master','MWE Bronze V2','ATX',700,'bronze','Cooler Master MWE Bronze V2 700W'),('cm-mwe-bronze-v2-750-bronze','Cooler Master','MWE Bronze V2','ATX',750,'bronze','Cooler Master MWE Bronze V2 750W'),('cm-mwe-gold-650-gold','Cooler Master','MWE Gold','ATX',650,'gold','Cooler Master MWE Gold 650W'),('cm-mwe-gold-750-gold','Cooler Master','MWE Gold','ATX',750,'gold','Cooler Master MWE Gold 750W'),('cm-mwe-gold-850-gold','Cooler Master','MWE Gold','ATX',850,'gold','Cooler Master MWE Gold 850W'),('cm-mwe-v2-400-white','Cooler Master','MWE','ATX',400,'White','Cooler master MWE 400 White V2'),('cm-mwe-v2-500-white','Cooler Master','MWE','ATX',500,'White','Cooler master MWE 500 White V2'),('cm-mwe-v2-650-white','Cooler Master','MWE','ATX',650,'White','Cooler Master MWE White 650W'),('cm-mwe-v2-700-white','Cooler Master','MWE','ATX',700,'White','Cooler Master MWE 700 WHITE V2'),('cm-mwe-v2-750-white','Cooler Master','MWE','ATX',750,'White','Cooler Master MWE 750 WHITE V2'),('cm-v-sfx-gold-650-gold','Cooler Master','V SFX Gold','SFX',650,'gold','Cooler Master V SFX Gold 650W'),('cm-v-sfx-gold-750-gold','Cooler Master','V SFX Gold','SFX',750,'gold','Cooler Master V SFX Gold 750W'),('cm-v-sfx-gold-850-gold','Cooler Master','V SFX Gold','SFX',850,'gold','Cooler Master V SFX Gold 850W'),('corsair-axi-1200-titanium','Corsair','RMX','ATX',1200,'Titanium','CORSAIR AX1200i DIGITAL - 80 PLUS Titanium'),('corsair-axi-1600-titanium','Corsair','RMX','ATX',1600,'Titanium','CORSAIR AX1600i DIGITAL - 80 PLUS Titanium'),('corsair-cv-450-bronze','Corsair','CV','ATX',450,'Bronze','Corsair CV 450W'),('corsair-cv-550-bronze','Corsair','CV','ATX',550,'Bronze','Corsair CV 550W'),('corsair-cv-650-bronze','Corsair','CV','ATX',650,'Bronze','Corsair CV 650W'),('corsair-cx-550-bronze','Corsair','CX','ATX',550,'Bronze','Corsair CX 550'),('corsair-cxf-550-bronze','Corsair','CXF','ATX',550,'bronze','Corsair CXF 550W'),('corsair-cxf-650-bronze','Corsair','CXF','ATX',650,'bronze','Corsair CXF 650W'),('corsair-cxf-rgb-550-white','Corsair','CX RGB','ATX',550,'White','Corsair CX 550F'),('corsair-cxm-750-bronze','Corsair','CXM','ATX',750,'bronze','Corsair CXM 750W'),('corsair-hx-platinum-1000-platinum','Corsair','HX Platinum','ATX',1000,'platinum','Corsair HX Platinum 1000W'),('corsair-hx-platinum-1200-platinum','Corsair','HX Platinum','ATX',1200,'platinum','Corsair HX Platinum 1200W'),('corsair-hx-platinum-850-platinum','Corsair','HX Platinum','ATX',850,'platinum','Corsair HX Platinum 850W'),('corsair-rm-650-gold','Corsair','RM','ATX',650,'Gold','Corsair RM650 80 Plus Gold'),('corsair-rm-750-gold','Corsair','RM','ATX',750,'Gold','Corsair RM750 80 Plus Gold'),('corsair-rm-850-gold','Corsair','RM','ATX',850,'Gold','Corsair RM850 80 Plus Gold'),('corsair-rmi-1000-gold','Corsair','RMX','ATX',1000,'Gold','Corsair RM1000i 80 PLUS Gold'),('corsair-rmx-650-gold','Corsair','RMX','ATX',650,'Gold','Corsair RM650X 80 Plus Gold'),('corsair-rmx-750-gold','Corsair','RMX','ATX',750,'Gold','Corsair RM750X 80 Plus Gold'),('corsair-rmx-850-gold','Corsair','RMX','ATX',850,'Gold','Corsair RM850X 80 Plus Gold'),('corsair-sf-600-gold','Corsair','SF','SFX',600,'Gold','Corsair SF600 600W - 80Plus Gold'),('corsair-sf-600-platinum','Corsair','SF','SFX',600,'Platinum','Corsair SF600 600W - 80Plus Platinum'),('corsair-sf-750-platinum','Corsair','SF','SFX',750,'Platinum','Corsair SF 750W - 80Plus Platinum'),('corsair-vs-450-white','Corsair','VS','ATX',450,'White','Corsair VS 450W'),('seasonic-focus-1000-gold','Seasonic','FOCUS','ATX',1000,'Gold','Seasonic FOCUS 1000w PLUS GOLD'),('seasonic-m12ii-620-bronze','Seasonic','FOCUS','ATX',620,'Bronze','Seasonic M12II-620 EVO 80 Plus Bronze'),('seasonic-prime-1300-gold','Seasonic','PRIME','ATX',1300,'Gold','Seasonic PRIME 1300PD 80 PLUS Gold'),('seasonic-prime-1300-platinum','Seasonic','PRIME','ATX',1300,'Platinum','Seasonic PRIME 1300PD 80 PLUS PLATINUM'),('seasonic-prime-ultra-1000-platinum','Seasonic','PRIME','ATX',1000,'Platinum','Seasonic Prime Ultra 1000TR 80Plus Titanium'),('silverstone-sst-et650-g-tuf-v1.1-650-gold','Silverstone','SST-ET650-G','ATX',650,'Gold','SilverStone SST-ET650-G ASUS TUF Gaming'),('silverstone-sst-et650-hg-v1.1-650-gold','Silverstone','SST-ET650-HG V1.1','ATX',650,'Gold','SilverStone SST-ET650-HG V1.1'),('silverstone-sst-et750-g-tuf-v1.1-650-gold','Silverstone','SST-ET750-G','ATX',750,'Gold','SilverStone SST-ET750-G ASUS TUF Gaming'),('silverstone-sst-et750-hg-v1.1-750-gold','Silverstone','SST-ET650-HG V1.1','ATX',750,'Gold','SilverStone SST-ET750-HG V1.1'),('silverstone-sst-st50f-es230-v2.0-500-white','Silverstone','SST-ST50F-ES230 V2.0','ATX',500,'White','SilverStone SST-ST50F-ES230 V2.0'),('silverstone-sst-st65f-es230-v2.0-650-white','Silverstone','SST-ST50F-ES230 V2.0','ATX',650,'White','SilverStone SST-ST65F-ES230 V2.0'),('xigmatek-tauro-500-bronze','XIGMATEK','Tauro','ATX',500,'Bronze','Xigmatek Tauro 500W M'),('xigmatek-x-power-ii-500-white','XIGMATEK','X-POWER II','ATX',500,'white','XIGMATEK X-POWER II 550 80PLUS'),('xigmatek-x-power-ii-600-white','XIGMATEK','X-POWER II','ATX',600,'white','XIGMATEK X-POWER II 650 80PLUS'),('xigmatek-x-power-iii-400-white','XIGMATEK','X-POWER III','ATX',400,'white','XIGMATEK X-POWER III 450 80PLUS'),('xigmatek-x-power-iii-450-white','XIGMATEK','X-POWER III','ATX',450,'white','XIGMATEK X-POWER III 500 80PLUS'),('xigmatek-x-power-iii-500-white','XIGMATEK','X-POWER III','ATX',500,'white','XIGMATEK X-POWER III 550 80PLUS'),('xigmatek-x-power-iii-600-white','XIGMATEK','X-POWER III','ATX',600,'white','XIGMATEK X-POWER III 650 80PLUS');
/*!40000 ALTER TABLE `psu` ENABLE KEYS */;
UNLOCK TABLES;

--
-- Table structure for table `psu_price_list`
--

DROP TABLE IF EXISTS `psu_price_list`;
/*!40101 SET @saved_cs_client     = @@character_set_client */;
/*!50503 SET character_set_client = utf8mb4 */;
CREATE TABLE `psu_price_list` (
  `Id` int NOT NULL AUTO_INCREMENT,
  `link` text NOT NULL,
  `img` text NOT NULL,
  `name` text NOT NULL,
  `price` int NOT NULL,
  `fid` varchar(100) NOT NULL,
  `logo` text NOT NULL,
  `retailer` varchar(100) NOT NULL,
  PRIMARY KEY (`Id`),
  KEY `fid` (`fid`),
  CONSTRAINT `psu_price_list_ibfk_1` FOREIGN KEY (`fid`) REFERENCES `psu` (`ID`)
) ENGINE=InnoDB AUTO_INCREMENT=135 DEFAULT CHARSET=utf8;
/*!40101 SET character_set_client = @saved_cs_client */;

--
-- Dumping data for table `psu_price_list`
--

LOCK TABLES `psu_price_list` WRITE;
/*!40000 ALTER TABLE `psu_price_list` DISABLE KEYS */;
INSERT INTO `psu_price_list` VALUES (1,'https://www.hanoicomputer.vn/nguon-corsair-rm-series-rm850-850-watt-80-plus-gold-certified-fully-modular','https://hanoicomputercdn.com/media/product/250_48214____nh______i_di___n_0007_8.jpg','Nguồn Corsair RM Series RM850 - 850W (80 Plus  Gold Certified Full Modular/Màu Đen)',3249000,'corsair-rmx-850-gold','https://hanoicomputercdn.com/media/lib/logo-trang.png','HanoiComputer'),(2,'https://www.hanoicomputer.vn/nguon-corsair-rm-series-rm750-750-watt-80-plus-gold-certified-fully-modular','https://hanoicomputercdn.com/media/product/250_48213_nguon_corsair_rm_series_rm750_750_watt_80_plus_gold_certified_fully_modular_0007_8.jpg','Nguồn Corsair RM Series RM750 - 750W (80 Plus  Gold Certified Full Modular/Màu Đen)',2949000,'corsair-rm-750-gold','https://hanoicomputercdn.com/media/lib/logo-trang.png','HanoiComputer'),(3,'https://www.hanoicomputer.vn/nguon-asus-rog-thor-1200w-platinum-rgb-1200w-80-plus-platinum-full-modular','https://hanoicomputercdn.com/media/product/250_45770_rog_thor_1200p_box_psu.jpg','Nguồn Asus ROG Thor 1200W Platinum - RGB 1200W 80 Plus Platinum Full Modular',9189000,'asus-rog-thor-1200-platinum','https://hanoicomputercdn.com/media/lib/logo-trang.png','HanoiComputer'),(4,'https://www.hanoicomputer.vn/nguon-may-tinh-cooler-master-elite-v3-230v-pc400-400w-box-mau-den','https://hanoicomputercdn.com/media/product/250_52100_ngu___n_m__y_t__nh_cooler_master_elite_v3_230v_pc400_400w_box_0000_1__5_.jpg','Nguồn máy tính Cooler Master Elite V3 230V PC400 400W Box (Màu Đen)',499000,'cm-elite-v3-400-none','https://hanoicomputercdn.com/media/lib/logo-trang.png','HanoiComputer'),(5,'https://www.hanoicomputer.vn/nguon-may-tinh-cooler-master-elite-500w-v4-80-plus-den','https://hanoicomputercdn.com/media/product/250_57070__cooler_master_elite_500w_v4__6_.jpg','Nguồn máy tính Cooler master Elite 500w V4 (80 Plus /Màu Đen)  ',889000,'cm-elite-v4-500-white','https://hanoicomputercdn.com/media/lib/logo-trang.png','HanoiComputer'),(6,'https://www.hanoicomputer.vn/nguon-may-tinh-cooler-master-elite-v3-230v-pc500-500w-mau-den','https://hanoicomputercdn.com/media/product/250_52101__cooler_master_elite_v3_230v_pc500_500w_0000_1__5_.jpg','Nguồn máy tính Cooler Master Elite V3 230V PC500 500W  (Màu Đen)',799000,'cm-elite-v3-500-none','https://hanoicomputercdn.com/media/lib/logo-trang.png','HanoiComputer'),(7,'https://www.hanoicomputer.vn/nguon-may-tinh-cooler-master-elite-600w-v4-80-plus-den','https://hanoicomputercdn.com/media/product/250_57071__cooler_master_elite_600w_v4__0005_1__4_.jpg','Nguồn máy tính Cooler master Elite 600w V4 (80 Plus /Màu Đen)  ',989000,'cm-elite-v4-600-white','https://hanoicomputercdn.com/media/lib/logo-trang.png','HanoiComputer'),(8,'https://www.hanoicomputer.vn/nguon-may-tinh-cooler-master-v1000-80-plus-gold-full-modular','https://hanoicomputercdn.com/media/product/250_48984_coolermaster_v1000_gold_0005_1__1_.jpg','Nguồn Cooler Master V1000 1000W (80 Plus  Gold Full Modular/Màu Đen)',4189000,'cm-elite-v1000-1000-white','https://hanoicomputercdn.com/media/lib/logo-trang.png','HanoiComputer'),(9,'https://www.hanoicomputer.vn/nguon-may-tinh-cooler-master-elite-v3-230v-pc700-700w-mau-den','https://hanoicomputercdn.com/media/product/250_52103_cooler_master_elite_v3_230v_pc700_0000_1__5_.jpg','Nguồn máy tính Cooler Master Elite V3 230V PC700 700W  (Màu Đen)',999000,'cm-elite-v3-700-none','https://hanoicomputercdn.com/media/lib/logo-trang.png','HanoiComputer'),(10,'https://www.hanoicomputer.vn/nguon-may-tinh-cooler-master-mwe-v2-230v-450-450w-plus-bronze-den','https://hanoicomputercdn.com/media/product/250_55274_cooler_master_mwe_v2_230v_450_450w_plus_bronze_0006_1__4_.jpg','Nguồn máy tính Cooler Master MWE V2 230V 450 450W Plus Bronze  (80 Plus Bronze/Màu Đen) ',959000,'cm-mwe-bronze-v2-450-bronze','https://hanoicomputercdn.com/media/lib/logo-trang.png','HanoiComputer'),(11,'https://www.hanoicomputer.vn/nguon-aero-cool-lux-rgb-550w-80-plus-bronze-mau-den-led-rgb','https://hanoicomputercdn.com/media/product/250_52590__aero_cool_lux_rgb_550w__4_.jpg','Nguồn Aero Cool Lux RGB 550W ( 80 Plus Bronze/Màu Đen/Led RGB)',959000,'aerocool-lux-rgb-550-bronze','https://hanoicomputercdn.com/media/lib/logo-trang.png','HanoiComputer'),(12,'https://www.hanoicomputer.vn/nguon-may-tinh-cooler-master-mwe-v2-230v-650-650w-plus-bronze-den','https://hanoicomputercdn.com/media/product/250_55275_cooler_master_mwe_v2_230v_650_650w_plus_bronze_0007_1__2_.jpg','Nguồn máy tính Cooler Master MWE V2 230V 650 650W Plus Bronze  (80 Plus Bronze/Màu Đen)  ',1429000,'cm-mwe-bronze-v2-650-bronze','https://hanoicomputercdn.com/media/lib/logo-trang.png','HanoiComputer'),(13,'https://www.hanoicomputer.vn/nguon-corsair-rm-series-rm650-650-watt-80-plus-gold-certified-fully-modular','https://hanoicomputercdn.com/media/product/250_48212_nguon_corsair_rm_series_rm650_650_watt_80_plus_gold_certified_fully_modular_0008_9.jpg','Nguồn Corsair RM Series RM650 - 650W  (80 Plus  Gold Certified Full Modular/Màu Đen)',2759000,'corsair-rm-650-gold','https://hanoicomputercdn.com/media/lib/logo-trang.png','HanoiComputer'),(14,'https://www.hanoicomputer.vn/nguon-aero-cool-lux-rgb-650w-80-plus-bronze-mau-den-led-rgb','https://hanoicomputercdn.com/media/product/250_52591__aero_cool_lux_rgb_650w__4_.jpg','Nguồn Aero Cool Lux RGB 650W ( 80 Plus Bronze/Màu Đen/Led RGB)',1190000,'aerocool-lux-rgb-650-bronze','https://hanoicomputercdn.com/media/lib/logo-trang.png','HanoiComputer'),(15,'https://www.hanoicomputer.vn/nguon-may-tinh-cooler-master-elite-v3-230v-pc700-700w-mau-den','https://hanoicomputercdn.com/media/product/250_52103_cooler_master_elite_v3_230v_pc700_0000_1__5_.jpg','Nguồn máy tính Cooler Master Elite V3 230V PC700 700W  (Màu Đen)',999000,'cm-elite-v3-700-none','https://hanoicomputercdn.com/media/lib/logo-trang.png','HanoiComputer'),(16,'https://www.hanoicomputer.vn/nguon-may-tinh-cooler-master-mwe-v2-230v-450-450w-plus-bronze-den','https://hanoicomputercdn.com/media/product/250_55274_cooler_master_mwe_v2_230v_450_450w_plus_bronze_0006_1__4_.jpg','Nguồn máy tính Cooler Master MWE V2 230V 450 450W Plus Bronze  (80 Plus Bronze/Màu Đen) ',959000,'cm-mwe-bronze-v2-450-bronze','https://hanoicomputercdn.com/media/lib/logo-trang.png','HanoiComputer'),(17,'https://www.hanoicomputer.vn/nguon-aero-cool-lux-rgb-550w-80-plus-bronze-mau-den-led-rgb','https://hanoicomputercdn.com/media/product/250_52590__aero_cool_lux_rgb_550w__4_.jpg','Nguồn Aero Cool Lux RGB 550W ( 80 Plus Bronze/Màu Đen/Led RGB)',959000,'aerocool-lux-rgb-550-bronze','https://hanoicomputercdn.com/media/lib/logo-trang.png','HanoiComputer'),(18,'https://www.hanoicomputer.vn/nguon-may-tinh-cooler-master-mwe-v2-230v-650-650w-plus-bronze-den','https://hanoicomputercdn.com/media/product/250_55275_cooler_master_mwe_v2_230v_650_650w_plus_bronze_0007_1__2_.jpg','Nguồn máy tính Cooler Master MWE V2 230V 650 650W Plus Bronze  (80 Plus Bronze/Màu Đen)  ',1429000,'cm-mwe-bronze-v2-650-bronze','https://hanoicomputercdn.com/media/lib/logo-trang.png','HanoiComputer'),(19,'https://www.hanoicomputer.vn/nguon-corsair-series-cv-550-550w-80-plus-bronze-mau-den','https://hanoicomputercdn.com/media/product/250_51311_corsair_series_cv_550_1.jpg','Nguồn Corsair Series CV 550 550W (80 Plus Bronze/Màu Đen)',1229000,'corsair-cv-550-bronze','https://hanoicomputercdn.com/media/lib/logo-trang.png','HanoiComputer'),(20,'https://www.hanoicomputer.vn/nguon-aerocool-vx-plus-350-230v-n-pfc-350w','https://hanoicomputercdn.com/media/product/250_52788__aerocool_vx_plus_350__3_.jpg','Nguồn Aerocool VX PLUS 350 230V N-PFC 350W ( Màu Đen)',389000,'aerocool-vx-plus-350-none','https://hanoicomputercdn.com/media/lib/logo-trang.png','HanoiComputer'),(21,'https://www.hanoicomputer.vn/nguon-may-tinh-cooler-master-mwe-v2-230v-550-550w-plus-bronze-80-plus-bronze-den','https://hanoicomputercdn.com/media/product/250_55755__cooler_master_mwe_v2_230v_550_550w_plus_bronze_0005_1__4_.jpg','Nguồn máy tính Cooler Master MWE V2 230V 550 550W Plus Bronze  (80 Plus Bronze/Màu Đen) ',1259000,'cm-mwe-bronze-v2-550-bronze','https://hanoicomputercdn.com/media/lib/logo-trang.png','HanoiComputer'),(22,'https://www.hanoicomputer.vn/nguon-aerocool-vx-plus-400-230v-n-pfc400w','https://hanoicomputercdn.com/media/product/250_52789_aerocool_vx_plus_400_230v_0000_1__4_.jpg','Nguồn Aerocool VX PLUS 400 230V N-PFC400W ( Màu Đen)',449000,'aerocool-vx-plus-400-none','https://hanoicomputercdn.com/media/lib/logo-trang.png','HanoiComputer'),(23,'https://www.hanoicomputer.vn/nguon-may-tinh-cooler-master-mwe-gold-750-v2-750w-80-plus-gold-den-full-modular','https://hanoicomputercdn.com/media/product/250_55756_cooler_master_mwe_gold_750___v2__750w_0006_1__4_.jpg','Nguồn máy tính Cooler Master MWE GOLD 750 - V2  750W ( 80 Plus Gold/Màu Đen/Full Modular)',2699000,'cm-mwe-gold-750-gold','https://hanoicomputercdn.com/media/lib/logo-trang.png','HanoiComputer'),(24,'https://www.hanoicomputer.vn/nguon-aerocool-vx-plus-500-230v-n-pfc-500w','https://hanoicomputercdn.com/media/product/250_52790_aerocool_vx_plus_500_0002_1__4_.jpg','Nguồn Aerocool VX PLUS 500 230V N-PFC 500W ( Màu Đen)',549000,'aerocool-vx-plus-500-none','https://hanoicomputercdn.com/media/lib/logo-trang.png','HanoiComputer'),(25,'https://www.hanoicomputer.vn/nguon-may-tinh-cooler-master-mwe-gold-850-v2-850w-80-plus-gold-den-full-modular','https://hanoicomputercdn.com/media/product/250_55757_cooler_master_mwe_gold_850___v2_0003_1__4_.jpg','Nguồn máy tính Cooler Master MWE GOLD 850 - V2  850W ( 80 Plus Gold/Màu Đen/Full Modular)',3159000,'cm-mwe-gold-850-gold','https://hanoicomputercdn.com/media/lib/logo-trang.png','HanoiComputer'),(26,'https://www.hanoicomputer.vn/nguon-aerocool-vx-plus-600-230v-n-pfc-600w','https://hanoicomputercdn.com/media/product/250_52791_aerocool_vx_plus_600_0000_1__4_.jpg','Nguồn Aerocool VX PLUS 600 230V N-PFC 600W ( Màu Đen)',689000,'aerocool-vx-plus-600-none','https://hanoicomputercdn.com/media/lib/logo-trang.png','HanoiComputer'),(27,'https://www.hanoicomputer.vn/nguon-corsair-series-cv-450-450w-80-plus-bronze-mau-den','https://hanoicomputercdn.com/media/product/250_51310_corsair_series_cv_450w_1.jpg','Nguồn Corsair Series CV 450 450W (80 Plus Bronze/Màu Đen)',959000,'corsair-cv-450-bronze','https://hanoicomputercdn.com/media/lib/logo-trang.png','HanoiComputer'),(28,'https://www.hanoicomputer.vn/nguon-may-tinh-cooler-master-mwe-v2-230v-500-500w-plus-bronze-den','https://hanoicomputercdn.com/media/product/250_56041__cooler_master_mwe_v2_230v_500_500w_plus_bronze___1__0004_1__5_.jpg','Nguồn máy tính Cooler Master MWE V2 230V 500 500W Plus Bronze  (80 Plus Bronze/Màu Đen)  ',1069000,'cm-mwe-v2-500-white','https://hanoicomputercdn.com/media/lib/logo-trang.png','HanoiComputer'),(29,'https://www.hanoicomputer.vn/nguon-may-tinh-cooler-master-mwe-bronze-v2-750w-80-plus-bronze','https://hanoicomputercdn.com/media/product/250_47626_nguon_may_tinh_cooler_master_mwe_bronze.png','Nguồn Cooler Master MWE Bronze V2 750w (80 Plus  Bronze/Màu Đen)',1999000,'cm-mwe-v2-750-white','https://hanoicomputercdn.com/media/lib/logo-trang.png','HanoiComputer'),(30,'https://www.hanoicomputer.vn/nguon-corsair-series-cv-650-650w-80-plus-brone','https://hanoicomputercdn.com/media/product/250_52936_corsair_series_cv_650w_0005_1__1_.jpg','Nguồn Corsair Series CV 650 650W (80 Plus Brone/Mầu Đen) ',1429000,'corsair-cv-650-bronze','https://hanoicomputercdn.com/media/lib/logo-trang.png','HanoiComputer'),(31,'https://www.hanoicomputer.vn/nguon-may-tinh-cooler-master-mwe-v2-230v-400-400w-plus-bronze-den','https://hanoicomputercdn.com/media/product/250_56040_51364_nguon_may_tinh_cooler_master_mwe_400_400w_v2__4_1.jpg','Nguồn máy tính Cooler Master MWE V2 230V 400 400W Plus Bronze  (80 Plus Bronze/Màu Đen)  ',859000,'cm-mwe-bronze-v2-400-bronze','https://hanoicomputercdn.com/media/lib/logo-trang.png','HanoiComputer'),(32,'https://www.hanoicomputer.vn/nguon-may-tinh-cooler-master-elite-v3-600w','https://hanoicomputercdn.com/media/product/250_47084_nguon_may_tinh_cooler_master_elite_v3_600w_0003_1__2_.jpg','Nguồn máy tính Cooler Master Elite V3 230V PC600 600W (Màu Đen)',869000,'cm-elite-v3-600-none','https://hanoicomputercdn.com/media/lib/logo-trang.png','HanoiComputer'),(33,'https://www.hanoicomputer.vn/nguon-corsair-sf600-80-plus-platinum-600w-sfx','https://hanoicomputercdn.com/media/product/250_53484_corsair_sf600_0006_1__2_.jpg','Nguồn  Corsair SF600 - 80 PLUS® Platinum 600W SFX ',3599000,'corsair-sf-600-platinum','https://hanoicomputercdn.com/media/lib/logo-trang.png','HanoiComputer'),(34,'https://www.hanoicomputer.vn/nguon-aero-cool-lux-rgb-750w-80-plus-bronze-mau-den-led-rgb','https://hanoicomputercdn.com/media/product/250_54238__aero_cool_lux_rgb_750w__4_.jpg','Nguồn Aero Cool Lux RGB 750W ( 80 Plus Bronze/Màu Đen/Led RGB) ',1399000,'aerocool-lux-rgb-750-bronze','https://hanoicomputercdn.com/media/lib/logo-trang.png','HanoiComputer'),(36,'https://gearvn.com/products/400w-nguon-may-tinh-cooler-master-mwe-400-white-v2-80-plus','https://product.hstatic.net/1000026716/product/gvn_cooler_master_mwe_400_white_v2_8456ba04e35648019d50fb29eab2528c_large.jpg','( 400W ) Nguồn máy tính Cooler Master MWE 400 White V2 80 PLUS',790000,'cm-mwe-v2-400-white','https://theme.hstatic.net/1000026716/1000440777/14/logo.svg?v=16422','GearVN'),(37,'https://gearvn.com/products/450w-nguon-may-tinh-corsair-cv450-80-plus-bronze','https://product.hstatic.net/1000026716/product/gearvn-nguon-may-tinh-corsair-cv450-80-plus-bronze-600_8a4fb3e84c614ebdad5ad3c2e0e7eec0_large.png','( 450W ) Nguồn máy tính Corsair CV450 80 Plus Bronze',850000,'corsair-cv-450-bronze','https://theme.hstatic.net/1000026716/1000440777/14/logo.svg?v=16422','GearVN'),(38,'https://gearvn.com/products/500w-silverstone-st50f-es230-80-plus','https://product.hstatic.net/1000026716/product/gvn_sivlerstone_st50f-es230_0f0980695d4e444a9a3e885fc713c64d_large.jpg','( 500W ) Nguồn máy tính SilverStone ST50F-ES230 80 Plus',990000,'silverstone-sst-st50f-es230-v2.0-500-white','https://theme.hstatic.net/1000026716/1000440777/14/logo.svg?v=16422','GearVN'),(39,'https://gearvn.com/products/550w-nguon-may-tinh-corsair-cv550-80-plus-bronze','https://product.hstatic.net/1000026716/product/gearvn-nguon-may-tinh-corsair-cv550-80-plus-bronze-888_759c3dd651874ee6930fac9d9b3f73f4_large.png','( 550W ) Nguồn máy tính Corsair CV550 80 Plus Bronze',1090000,'corsair-cv-550-bronze','https://theme.hstatic.net/1000026716/1000440777/14/logo.svg?v=16422','GearVN'),(40,'https://gearvn.com/products/650w-silverstone-st65f-es230-80-plus','https://product.hstatic.net/1000026716/product/gvn_sivlerstone_st65f-es230_bd762c16b30446eaa55506edd01fc54d_large.jpg','( 650W ) Nguồn máy tính SilverStone ST65F-ES230 80 Plus',1190000,'silverstone-sst-st65f-es230-v2.0-650-white','https://theme.hstatic.net/1000026716/1000440777/14/logo.svg?v=16422','GearVN'),(41,'https://gearvn.com/products/550w-nguon-may-tinh-cooler-master-mwe-550-bronze-v2-230v','https://product.hstatic.net/1000026716/product/6gearvn-550w-nguon-may-tinh-cooler-master-mwe-550-bronze-v2-230v-666_7f91d84233e942df9ca4efe763b4cb12_large.png','(550W) Nguồn máy tính Cooler Master MWE 550 BRONZE - V2 230V',1250000,'cm-mwe-bronze-v2-550-bronze','https://theme.hstatic.net/1000026716/1000440777/14/logo.svg?v=16422','GearVN'),(42,'https://gearvn.com/products/650w-nguon-may-tinh-corsair-cv650-80-plus-bronze','https://product.hstatic.net/1000026716/product/gearvn-corsair-cv650-80plus-bronze-1_b34dff5122c744438ae088cbcdcec10c_large.png','( 650W ) Nguồn máy tính Corsair CV650 80 Plus Bronze',1290000,'corsair-cv-650-bronze','https://theme.hstatic.net/1000026716/1000440777/14/logo.svg?v=16422','GearVN'),(43,'https://gearvn.com/products/600w-nguon-may-tinh-cooler-master-mwe-600-bronze-v2-230v','https://product.hstatic.net/1000026716/product/gearvn-600w-nguon-may-tinh-cooler-master-mwe-600-bronze-v2-230v-666_6c9a059773774699a0b9a98e4c131405_large.png','(600W) Nguồn máy tính Cooler Master MWE 600 BRONZE - V2 230V',1400000,'cm-mwe-bronze-v2-600-bronze','https://theme.hstatic.net/1000026716/1000440777/14/logo.svg?v=16422','GearVN'),(44,'https://gearvn.com/products/650w-nguon-may-tinh-cooler-master-mwe-650-bronze-v2-230v','https://product.hstatic.net/1000026716/product/gearvn-650w-nguon-may-tinh-cooler-master-mwe-650-bronze-v2-230v-666_53068b9ce75f4a1f9e4b883e2bd932b2_large.png','(650W) Nguồn máy tính Cooler Master MWE 650 BRONZE - V2 230V',1450000,'cm-mwe-bronze-v2-650-bronze','https://theme.hstatic.net/1000026716/1000440777/14/logo.svg?v=16422','GearVN'),(45,'https://gearvn.com/products/700w-nguon-may-tinh-cooler-master-mwe-700-bronze-v2-230v','https://product.hstatic.net/1000026716/product/gearvn-700w-nguon-may-tinh-cooler-master-mwe-700-bronze-v2-230v-666_2e7464dc44154f6e9b316759a19292b0_large.png','(700W) Nguồn máy tính Cooler Master MWE 700 BRONZE - V2 230V',1770000,'cm-mwe-bronze-v2-700-bronze','https://theme.hstatic.net/1000026716/1000440777/14/logo.svg?v=16422','GearVN'),(46,'https://gearvn.com/products/750w-nguon-may-tinh-cooler-master-mwe-750-bronze-v2-230v','https://product.hstatic.net/1000026716/product/gearvn-750w-nguon-may-tinh-cooler-master-mwe-750-bronze-v2-230v-666_e5d331ff0fb24fc5bf8d34ae7f354430_large.png','(750W) Nguồn máy tính Cooler Master MWE 750 BRONZE - V2 230V',1950000,'cm-mwe-bronze-v2-750-bronze','https://theme.hstatic.net/1000026716/1000440777/14/logo.svg?v=16422','GearVN'),(47,'https://gearvn.com/products/620w-bronze-seasonic-m12ii-620-evo-80-plus-bronze','https://product.hstatic.net/1000026716/product/nguon_seasonic_m12ii-620_evo_80_plus_bronze_gearvn_large.jpg','( 620W Bronze ) Seasonic M12II-620 EVO 80 Plus Bronze',1950000,'seasonic-m12ii-620-bronze','https://theme.hstatic.net/1000026716/1000440777/14/logo.svg?v=16422','GearVN'),(48,'https://gearvn.com/products/650w-gold-modular-nguon-may-tinh-corsair-rm650-80-plus-gold','https://product.hstatic.net/1000026716/product/gvn_corsair_rm650_315c85c720f04248bda97566f2345db1_large.jpg','(650W Gold Modular) Nguồn máy tính Corsair RM650 80 Plus GOLD',2600000,'corsair-rm-650-gold','https://theme.hstatic.net/1000026716/1000440777/14/logo.svg?v=16422','GearVN'),(49,'https://gearvn.com/products/750w-gold-modular-nguon-may-tinh-corsair-rm750-80-plus-gold','https://product.hstatic.net/1000026716/product/corsair_rm750_3bed6c3307d7481a8b2dc375ef255108_large.jpg','( 750W Gold Modular) Nguồn máy tính Corsair RM750 80 Plus GOLD',2690000,'corsair-rm-750-gold','https://theme.hstatic.net/1000026716/1000440777/14/logo.svg?v=16422','GearVN'),(50,'https://gearvn.com/products/cooler-master-v750-80-plus-gold','https://product.hstatic.net/1000026716/product/gearvn-cooler-master-v750-80-plus-gold_264a3b56e50749a592ed94f5329b6a15_large.jpg','( 750W ) Nguồn máy tính Cooler Master V750 80 Plus Gold',2990000,'cm-v-sfx-gold-750-gold','https://theme.hstatic.net/1000026716/1000440777/14/logo.svg?v=16422','GearVN'),(51,'https://gearvn.com/products/850w-gold-modular-nguon-corsair-rm850-80-plus-gold','https://product.hstatic.net/1000026716/product/gvn_corsair_rm850_222_3e406f963a1c4b4191e8950eecdd66f9_large.jpg','( 850W Gold Modular) Nguồn máy tính Corsair RM850 80 Plus GOLD',3190000,'corsair-rm-850-gold','https://theme.hstatic.net/1000026716/1000440777/14/logo.svg?v=16422','GearVN'),(52,'https://gearvn.com/products/750w-gold-modular-corsair-rm750x-80-plus-gold','https://product.hstatic.net/1000026716/product/rm750x_gearvn00_large.jpg','( 750W Gold Modular) Corsair RM750X 80 Plus GOLD',3290000,'corsair-rmx-750-gold','https://theme.hstatic.net/1000026716/1000440777/14/logo.svg?v=16422','GearVN'),(53,'https://gearvn.com/products/600w-corsair-sf-series-sf600-600w-80-plus-platinum','https://product.hstatic.net/1000026716/product/a1_893ab445217d41b49987f9414196d1c1_large.jpg','( 600W ) Corsair SF Series SF600 - 600W 80 PLUS Platinum',3500000,'corsair-sf-600-platinum','https://theme.hstatic.net/1000026716/1000440777/14/logo.svg?v=16422','GearVN'),(54,'https://gearvn.com/products/nguon-may-tinh-corsair-rm750x-white-80-plus-gold','https://product.hstatic.net/1000026716/product/nguon-may-tinh-corsair-rm750x-white-80-plus-gold_8f0f4b35ef2b47acbb3552955f64f258_large.jpg','( 750W Gold Modular) Nguồn máy tính Corsair RM750x White 80 Plus GOLD',3510000,'corsair-rmx-750-gold','https://theme.hstatic.net/1000026716/1000440777/14/logo.svg?v=16422','GearVN'),(55,'https://gearvn.com/products/850w-gold-modular-corsair-rm850x-80-plus-gold','https://hstatic.net/716/1000026716/1/2016/8-22/rm850x_3d_large.jpg','( 850W Gold Modular) Corsair RM850X 80 Plus GOLD',3690000,'corsair-rmx-850-gold','https://theme.hstatic.net/1000026716/1000440777/14/logo.svg?v=16422','GearVN'),(56,'https://gearvn.com/products/nguon-may-tinh-corsair-rm850x-white-80-plus-gold','https://product.hstatic.net/1000026716/product/corsair-rm850x-white-80-plus-gold_792cc715ffb44e2b913cf057f7a7b413_large.jpg','( 850W Gold Modular) Nguồn máy tính Corsair RM850x White 80 Plus GOLD',3790000,'corsair-rmx-850-gold','https://theme.hstatic.net/1000026716/1000440777/14/logo.svg?v=16422','GearVN'),(57,'https://gearvn.com/products/750w-corsair-sf750-80-plus-platinum','https://product.hstatic.net/1000026716/product/sf750w_gearvn_large.png','(750W) Corsair SF750 80 Plus Platinum',3990000,'corsair-sf-750-platinum','https://theme.hstatic.net/1000026716/1000440777/14/logo.svg?v=16422','GearVN'),(58,'https://gearvn.com/products/1000w-platinum-modular-corsair-hx1000-80-plus-platinum','https://product.hstatic.net/1000026716/product/hx1000_gearvn_00_large.png','( 1000W Platinum Modular) Corsair HX1000 80 PLUS® Platinum',5700000,'corsair-hx-platinum-1000-platinum','https://theme.hstatic.net/1000026716/1000440777/14/logo.svg?v=16422','GearVN'),(59,'https://gearvn.com/products/850w-platinum-nguon-asus-rog-thor-850w-platinum','https://product.hstatic.net/1000026716/product/rog-thor-850p_box_vga-color_04448c07da294e42b32c412dd07f3538_large.png','(850W Platinum) Nguồn ASUS ROG Thor 850W Platinum',5990000,'asus-rog-thor-850-platinum','https://theme.hstatic.net/1000026716/1000440777/14/logo.svg?v=16422','GearVN'),(60,'https://gearvn.com/products/1300w-gold-seasonic-prime-1300w','https://product.hstatic.net/1000026716/product/seasonic_1300w_gold__gearvn_large.png','( 1300W ) Seasonic Prime 1300 80 Plus Gold',6490000,'seasonic-prime-1300-gold','https://theme.hstatic.net/1000026716/1000440777/14/logo.svg?v=16422','GearVN'),(61,'https://gearvn.com/products/1200w-platinum-modular-corsair-hx1200-80-plus-platinum','https://product.hstatic.net/1000026716/product/untitled-1_3fb632e903404687b2c48ee7df2f8f24_large.jpg','( 1200W Platinum Modular) Corsair HX1200 80 PLUS® Platinum',6690000,'corsair-hx-platinum-1200-platinum','https://theme.hstatic.net/1000026716/1000440777/14/logo.svg?v=16422','GearVN'),(62,'https://gearvn.com/products/1200w-nguon-corsair-ax1200i-1200-watt-80-plus-platinum','https://product.hstatic.net/1000026716/product/gvn___1200w___nguon_corsair_ax1200i_-_1200_watt_80_plus__platinum_e0bd62698f7e4cc8b0886b984ef4af8e_large.jpg','( 1200W ) Nguồn Corsair AX1200i - 1200 Watt 80 PLUS® PLATINUM',9200000,'corsair-axi-1200-titanium','https://theme.hstatic.net/1000026716/1000440777/14/logo.svg?v=16422','GearVN'),(63,'https://gearvn.com/products/1200w-platinum-nguon-asus-rog-thor-1200p-80-plus-platinum','https://product.hstatic.net/1000026716/product/rog-thor-1200p_box_psu_5700a08d814447068ea62b231604557d_large.png','( 1200W Platinum ) Nguồn ASUS Rog Thor 1200P 80 PLUS® Platinum',9290000,'asus-rog-thor-1200-platinum','https://theme.hstatic.net/1000026716/1000440777/14/logo.svg?v=16422','GearVN'),(64,'https://gearvn.com/products/corsair-ax1600i-digital-atx-power-supply-1600-watt-fully-modular-psu','https://product.hstatic.net/1000026716/product/cosair_ax1600i_large.jpg','( 1600W )Corsair AX1600i Digital ATX Power Supply — 1600 Watt Fully - Modular PSU',12700000,'corsair-axi-1600-titanium','https://theme.hstatic.net/1000026716/1000440777/14/logo.svg?v=16422','GearVN'),(65,'https://www.anphatpc.com.vn/nguon-may-tinh-corsair-vs-450w-80-plus-white-certified-psu_id25625.html','https://anphat.com.vn/media/product/250_25625_vs450_psu_05.jpg','Nguồn máy tính corsair VS 450W 80 PLUS White Certified PSU',899000,'corsair-vs-450-white','https://www.anphatpc.com.vn/template/anphat_2020/images/anphatpc.png','AnPhatPC'),(67,'https://www.anphatpc.com.vn/nguon-may-tinh-corsair-rm750-80-plus-gold-full-modul-cp-9020195-na_id30146.html','https://anphat.com.vn/media/product/250_30146_corsair_rm750_80_plus_gold___full_modul___cp_9020195_na_1.png','Nguồn máy tính Corsair RM750 80 Plus Gold - Full Modul - CP-9020195-NA',2948000,'corsair-rm-750-gold','https://www.anphatpc.com.vn/template/anphat_2020/images/anphatpc.png','AnPhatPC'),(68,'https://www.anphatpc.com.vn/nguon-may-tinh-corsair-rm850-80-plus-gold-full-modul-cp-9020196-na_id30147.html','https://anphat.com.vn/media/product/250_30147_corsair_rm850_80_plus_gold___full_modul___cp_9020196_na_1.png','Nguồn máy tính Corsair RM850 80 Plus Gold - Full Modul - CP-9020196-NA ',3239000,'corsair-rm-850-gold','https://www.anphatpc.com.vn/template/anphat_2020/images/anphatpc.png','AnPhatPC'),(69,'https://www.anphatpc.com.vn/nguon-may-tinh-aerocool-united-power-500w-80plus-certified_id32562.html','https://anphat.com.vn/media/product/250_32562_untitled_3.jpg','Nguồn máy tính AEROCOOL UNITED POWER 500W 80Plus Certified ',799000,'aerocool-united-power-500-white','https://www.anphatpc.com.vn/template/anphat_2020/images/anphatpc.png','AnPhatPC'),(70,'https://www.anphatpc.com.vn/nguon-corsair-cx550-80-plus-bronze_id26400.html','https://anphat.com.vn/media/product/250_26400_fonte_80plus_bronze_corsair_cp_9020121_ww_cx550_atx_550w_pfc_d_nq_np_647482_mlb25929827220_082017_f.jpg','Nguồn Corsair CX550 - 80 Plus Bronze',1449000,'corsair-cx-550-bronze','https://www.anphatpc.com.vn/template/anphat_2020/images/anphatpc.png','AnPhatPC'),(71,'https://www.anphatpc.com.vn/nguon-may-tinh-cooler-master-elite-v3-230v-pc600-600w_id32584.html','https://anphat.com.vn/media/product/250_32584_b692327d8cbe77e02eaf.jpg','Nguồn máy tính Cooler Master Elite V3 230V PC600 600w',859000,'cm-elite-v3-600-none','https://www.anphatpc.com.vn/template/anphat_2020/images/anphatpc.png','AnPhatPC'),(72,'https://www.anphatpc.com.vn/nguon-may-tinh-corsair-cv450-80-plus-bronze-cp-9020209_id31695.html','https://anphat.com.vn/media/product/250_31695_2.jpg','Nguồn máy tính Corsair CV450 80 Plus Bronze (CP-9020209)',949000,'corsair-cv-450-bronze','https://www.anphatpc.com.vn/template/anphat_2020/images/anphatpc.png','AnPhatPC'),(73,'https://www.anphatpc.com.vn/nguon-may-tinh-corsair-cv550-80-plus-bronze-cp-9020210-na_id31697.html','https://anphat.com.vn/media/product/250_31697_2.jpg','Nguồn máy tính Corsair CV550 80 Plus Bronze (CP-9020210-NA)',1228000,'corsair-cv-550-bronze','https://www.anphatpc.com.vn/template/anphat_2020/images/anphatpc.png','AnPhatPC'),(74,'https://www.anphatpc.com.vn/nguon-may-tinh-cooler-master-mwe-650-white-v2_id32632.html','https://anphat.com.vn/media/product/250_32632_5_650w_mwe_white_230v_v2_image.png','Nguồn máy tính Cooler Master MWE 650 white V2',1269000,'cm-mwe-v2-650-white','https://www.anphatpc.com.vn/template/anphat_2020/images/anphatpc.png','AnPhatPC'),(75,'https://www.anphatpc.com.vn/nguon-may-tinh-corsair-cv650-80-plus-bronze-cp-9020211-na_id31698.html','https://anphat.com.vn/media/product/250_31698__cp_9020211_uk_gallery_cv650_psu_01.png','Nguồn máy tính Corsair CV650 80 Plus Bronze (CP-9020211-NA)',1419000,'corsair-cv-650-bronze','https://www.anphatpc.com.vn/template/anphat_2020/images/anphatpc.png','AnPhatPC'),(77,'https://www.anphatpc.com.vn/nguon-may-tinh-cooler-master-elite-v3-230v-pc400-400w-bulk-mau-bac_id32922.html','https://anphat.com.vn/media/product/250_32922_elite_v3_230v_pc400_bulk.jpg','Nguồn máy tính Cooler Master Elite V3 230V PC400 400w Bulk (màu bạc)',529000,'cm-elite-v3-400-none','https://www.anphatpc.com.vn/template/anphat_2020/images/anphatpc.png','AnPhatPC'),(78,'https://www.anphatpc.com.vn/nguon-may-tinh-cooler-master-elite-v3-230v-pc400-400w_id32923.html','https://anphat.com.vn/media/product/250_32923_p400v3_1.jpg','Nguồn máy tính Cooler Master Elite V3 230V PC400 400w ',549000,'cm-elite-v3-400-none','https://www.anphatpc.com.vn/template/anphat_2020/images/anphatpc.png','AnPhatPC'),(79,'https://www.anphatpc.com.vn/nguon-aerocool-lux-rgb-750w-80-plus-bronze_id30261.html','https://anphat.com.vn/media/product/250_30261_aerocool_lux_rgb_750w_80_plus_bronze_1.png','Nguồn Aerocool LUX RGB 750W 80 Plus Bronze',1399000,'aerocool-lux-rgb-750-bronze','https://www.anphatpc.com.vn/template/anphat_2020/images/anphatpc.png','AnPhatPC'),(80,'https://www.anphatpc.com.vn/nguon-may-tinh-xigmatek-x-power-iii-550-500w-en45983_id34842.html','https://anphat.com.vn/media/product/250_34842_11527.png','Nguồn máy tính Xigmatek X-POWER III 550 - 500W EN45983',888000,'xigmatek-x-power-iii-500-white','https://www.anphatpc.com.vn/template/anphat_2020/images/anphatpc.png','AnPhatPC'),(81,'https://www.anphatpc.com.vn/nguon-may-tinh-corsair-cx550f-rgb-white-80-plus-bronze-full-modul_id35436.html','https://anphat.com.vn/media/product/250_35436_41265_cp_9020225_na_ha1.jpg','Nguồn máy tính Corsair CX550F RGB White 80 Plus Bronze - Full Modul ',2360000,'corsair-cxf-rgb-550-white','https://www.anphatpc.com.vn/template/anphat_2020/images/anphatpc.png','AnPhatPC'),(82,'https://www.anphatpc.com.vn/nguon-may-tinh-antec-atom-b550-550w-80-plus-bronze_id35783.html','https://anphat.com.vn/media/product/250_35783_nguon_antec_atom_b550_1_500x500.jpg','Nguồn máy tính Antec ATOM B550 - 550W 80 PLUS BRONZE',990000,'antec-atom-550-bronze','https://www.anphatpc.com.vn/template/anphat_2020/images/anphatpc.png','AnPhatPC'),(83,'https://www.anphatpc.com.vn/nguon-may-tinh-xigmatek-tauro-500w-m-en5636_id16648.html','https://anphat.com.vn/media/product/250_16648_tmp_20170502113232775_e37c4d4a374447a48ed0b1465d9aac9d_1024x1024.jpg','Nguồn máy tính Xigmatek Tauro 500W M EN5636',899000,'xigmatek-tauro-500-bronze','https://www.anphatpc.com.vn/template/anphat_2020/images/anphatpc.png','AnPhatPC'),(84,'https://www.anphatpc.com.vn/nguon-may-tinh-antec-atom-550-550w_id30220.html','https://anphat.com.vn/media/product/250_30220_4610_antec_atom_4.jpg','Nguồn máy tính ANTEC ATOM 550 - 550W',749000,'antec-atom-550-none','https://www.anphatpc.com.vn/template/anphat_2020/images/anphatpc.png','AnPhatPC'),(85,'https://www.anphatpc.com.vn/nguon-may-tinh-antec-atom-v350-350w_id32488.html','https://anphat.com.vn/media/product/250_32488_343434.png','Nguồn máy tính Antec ATOM V350 350w',465000,'antec-atom-350-none','https://www.anphatpc.com.vn/template/anphat_2020/images/anphatpc.png','AnPhatPC'),(86,'https://www.anphatpc.com.vn/nguon-may-tinh-seasonic-prime-1300pd-80-plus-platinum_id28115.html','https://anphat.com.vn/media/product/250_28115_prime_platinum_ac_side_4.jpg','Nguồn máy tính Seasonic PRIME 1300PD 80 PLUS PLATINUM ',7490000,'seasonic-prime-1300-platinum','https://www.anphatpc.com.vn/template/anphat_2020/images/anphatpc.png','AnPhatPC'),(87,'https://www.anphatpc.com.vn/nguon-may-tinh-cooler-master-mwe-gold-650w-fully-modular_id29227.html','https://anphat.com.vn/media/product/250_29227_13_61e5cd96475e920c10e1aeff9a4b6211_1522054468.jpg','Nguồn máy tính Cooler Master Mwe Gold 650W Fully modular',1989000,'cm-mwe-gold-650-gold','https://www.anphatpc.com.vn/template/anphat_2020/images/anphatpc.png','AnPhatPC'),(88,'https://www.anphatpc.com.vn/nguon-may-tinh-cooler-master-v650-sfx-gold-650w-a-eu-cable_id34199.html','https://anphat.com.vn/media/product/250_34199_v650_sfx_gold_gallery_4_image.png','Nguồn máy tính Cooler Master V650 SFX Gold 650W A/EU Cable',2750000,'cm-v-sfx-gold-650-gold','https://www.anphatpc.com.vn/template/anphat_2020/images/anphatpc.png','AnPhatPC'),(89,'https://www.anphatpc.com.vn/nguon-cooler-master-mwe-gold-850-v2-fully-modular-mpe-8501-afaag-eu_id35699.html','https://anphat.com.vn/media/product/250_35699_mwe_gold_850_v2_full_modular_gallery_4_image.png','Nguồn Cooler master MWE GOLD 850 - V2  Fully modular (MPE-8501-AFAAG-EU)',2989000,'cm-mwe-gold-850-gold','https://www.anphatpc.com.vn/template/anphat_2020/images/anphatpc.png','AnPhatPC'),(90,'https://www.anphatpc.com.vn/nguon-may-tinh-corsair-cx750m-80-plus-bronze-semi-modul_id29502.html','https://anphat.com.vn/media/product/250_29502__cp_9020061_na_gallery_cx750m_01.png','Nguồn máy tính Corsair CX750M 80 Plus Bronze - Semi Modul',2410000,'corsair-cxm-750-bronze','https://www.anphatpc.com.vn/template/anphat_2020/images/anphatpc.png','AnPhatPC'),(91,'https://www.anphatpc.com.vn/nguon-aerocool-lux-rgb-650w-80-plus-bronze_id30260.html','https://anphat.com.vn/media/product/250_30260_aerocool_lux_rgb_650w_80_plus_bronze_1.png','Nguồn Aerocool LUX RGB 650W 80 Plus Bronze',1199000,'aerocool-lux-rgb-650-bronze','https://www.anphatpc.com.vn/template/anphat_2020/images/anphatpc.png','AnPhatPC'),(92,'https://www.anphatpc.com.vn/nguon-may-tinh-cooler-master-v750-sfx-gold-750w-a-eu-cable_id34201.html','https://anphat.com.vn/media/product/250_34201_v750_sfx_gold_gallery_4_image.png','Nguồn máy tính Cooler Master V750 SFX Gold 750W A/EU Cable',3099000,'cm-v-sfx-gold-750-gold','https://www.anphatpc.com.vn/template/anphat_2020/images/anphatpc.png','AnPhatPC'),(94,'https://www.anphatpc.com.vn/nguon-may-tinh-seasonic-prime-ultra-1000tr-1000w-80plus-titanium_id24888.html','https://anphat.com.vn/media/product/250_24888_ngu___n_m__y_t__nh_seasonic_prime_ultra_1000tr_1000w___80plus_titanium_1.png','Nguồn máy tính Seasonic Prime Ultra 1000TR 1000W - 80Plus Titanium',7490000,'seasonic-prime-ultra-1000-platinum','https://www.anphatpc.com.vn/template/anphat_2020/images/anphatpc.png','AnPhatPC'),(95,'https://www.anphatpc.com.vn/nguon-may-tinh-corsair-sf750-80-plus-platinum-750w-sfx_id28600.html','https://anphat.com.vn/media/product/250_28600__cp_9020186_na_gallery_sf750_01_300m.png','Nguồn máy tính Corsair SF750 - 80 PLUS® Platinum 750W SFX',3649000,'corsair-sf-750-platinum','https://www.anphatpc.com.vn/template/anphat_2020/images/anphatpc.png','AnPhatPC'),(96,'https://www.anphatpc.com.vn/nguon-may-tinh-cooler-master-mwe-700-white-v2_id29817.html','https://anphat.com.vn/media/product/250_29817_5_700w_mwe_white_230v_v2_image.png','Nguồn máy tính Cooler Master MWE 700 WHITE V2',1789000,'cm-elite-v3-700-none','https://www.anphatpc.com.vn/template/anphat_2020/images/anphatpc.png','AnPhatPC'),(97,'https://www.anphatpc.com.vn/nguon-may-tinh-antec-atom-v450-450w_id32168.html','https://anphat.com.vn/media/product/250_32168_nguon_antec_atom_v450_2512.jpg','Nguồn máy tính ANTEC ATOM V450 - 450W',629000,'antec-atom-450-none','https://www.anphatpc.com.vn/template/anphat_2020/images/anphatpc.png','AnPhatPC'),(98,'https://www.anphatpc.com.vn/nguon-may-tinh-cooler-master-v850-sfx-gold-850w-a-eu-cable_id34202.html','https://anphat.com.vn/media/product/250_34202_v850_sfx_gold_gallery_4_image.png','Nguồn máy tính Cooler Master V850 SFX Gold 850W A/EU Cable',3299000,'cm-v-sfx-gold-850-gold','https://www.anphatpc.com.vn/template/anphat_2020/images/anphatpc.png','AnPhatPC'),(99,'https://www.anphatpc.com.vn/nguon-cooler-master-mwe-450-bronze-v2-230v-mpe-4501-acabw-beu_id35701.html','https://anphat.com.vn/media/product/250_35701_mwe_450_bronze_v2_230v_gallery_4_image.png','Nguồn Cooler master MWE 450 BRONZE V2 230V (MPE-4501-ACABW-BEU)',949000,'cm-mwe-bronze-v2-450-bronze','https://www.anphatpc.com.vn/template/anphat_2020/images/anphatpc.png','AnPhatPC'),(100,'https://www.anphatpc.com.vn/nguon-may-tinh-corsair-rm850x-80-plus-gold-full-modul-cp-9020180-na_id19566.html','https://anphat.com.vn/media/product/250_19566_2ef2abf4_583a_4591_801c_6feb3282298f.jpg','Nguồn máy tính Corsair RM850x 80 Plus Gold Full Modul - CP-9020180-NA',3789000,'corsair-rmx-850-gold','https://www.anphatpc.com.vn/template/anphat_2020/images/anphatpc.png','AnPhatPC'),(101,'https://www.anphatpc.com.vn/nguon-may-tinh-corsair-sf600-600w-80plus-gold-sfx_id24890.html','https://anphat.com.vn/media/product/250_24890_ngu___n_m__y_t__nh_corsair_sf600_600w___80plus_gold_1.png','Nguồn máy tính Corsair SF600 600W - 80Plus Gold SFX',2849000,'corsair-sf-600-gold','https://www.anphatpc.com.vn/template/anphat_2020/images/anphatpc.png','AnPhatPC'),(102,'https://www.anphatpc.com.vn/nguon-silverstone-sst-st50f-es230-v2.0_id32208.html','https://anphat.com.vn/media/product/250_32208_19177_st50f_es230_package_2.jpg','Nguồn SilverStone SST-ST50F-ES230 V2.0',990000,'silverstone-sst-st50f-es230-v2.0-500-white','https://www.anphatpc.com.vn/template/anphat_2020/images/anphatpc.png','AnPhatPC'),(103,'https://www.anphatpc.com.vn/nguon-may-tinh-asus-rog-strix-1000w-gold_id35415.html','https://anphat.com.vn/media/product/250_35415_rog_strix_1000g_01.jpg','Nguồn máy tính ASUS ROG STRIX 1000W GOLD',5460000,'asus-rog-strix-1000-gold','https://www.anphatpc.com.vn/template/anphat_2020/images/anphatpc.png','AnPhatPC'),(104,'https://www.anphatpc.com.vn/nguon-cooler-master-mwe-500-bronze-v2-230v-mpe-5001-acabw-beu_id35702.html','https://anphat.com.vn/media/product/250_35702_mwe_500_bronze_v2_230v_gallery_4_image.png','Nguồn Cooler master MWE 500 BRONZE V2 230V (MPE-5001-ACABW-BEU)',1159000,'cm-mwe-bronze-v2-550-bronze','https://www.anphatpc.com.vn/template/anphat_2020/images/anphatpc.png','AnPhatPC'),(105,'https://www.anphatpc.com.vn/nguon-may-tinh-rmx-series-rm650x-gold-certified_id20625.html','https://anphat.com.vn/media/product/250_20625_17_139_143_08.jpg','Nguồn máy tính RMx Series™ RM650x Gold Certified',2990000,'corsair-rmx-650-gold','https://www.anphatpc.com.vn/template/anphat_2020/images/anphatpc.png','AnPhatPC'),(106,'https://www.anphatpc.com.vn/nguon-may-tinh-antec-vp500pc_id15735.html','https://anphat.com.vn/media/product/250_15735_0_vp500.jpg','Nguồn Máy Tính Antec VP500PC',929000,'antec-vp-500-none','https://www.anphatpc.com.vn/template/anphat_2020/images/anphatpc.png','AnPhatPC'),(107,'https://www.anphatpc.com.vn/nguon-corsair-rm1000i-1000w-modular-80-plus-gold_id21332.html','https://anphat.com.vn/media/product/250_21332_17_139_139_ts.jpg','Nguồn Corsair RM1000i 1000W Modular 80 PLUS Gold',5379000,'corsair-rmi-1000-gold','https://www.anphatpc.com.vn/template/anphat_2020/images/anphatpc.png','AnPhatPC'),(108,'https://www.anphatpc.com.vn/nguon-may-tinh-seasonic-focus-1000w-plus-gold-ssr-1000fx_id25553.html','https://anphat.com.vn/media/product/250_25553_12.jpg','Nguồn máy tính Seasonic FOCUS 1000w PLUS GOLD (SSR - 1000FX)',4290000,'seasonic-focus-1000-gold','https://www.anphatpc.com.vn/template/anphat_2020/images/anphatpc.png','AnPhatPC'),(109,'https://www.anphatpc.com.vn/nguon-may-tinh-asus-rog-thor-1200w_id28960.html','https://anphat.com.vn/media/product/250_28960_rog_thor_1200p_box_psu.png','Nguồn máy tính Asus ROG Thor 1200w',8999000,'asus-rog-thor-1200-platinum','https://www.anphatpc.com.vn/template/anphat_2020/images/anphatpc.png','AnPhatPC'),(110,'https://www.anphatpc.com.vn/nguon-corsair-rm750x-80-plus-gold-fully-atx-power-supply-cp-9020187-na-white_id31061.html','https://anphat.com.vn/media/product/250_31061__cp_9020187_na_gallery_rmx_white_750_02.png','Nguồn Corsair RM750x 80 PLUS Gold Fully ATX Power Supply- CP-9020187-NA WHITE',3510000,'corsair-rmx-750-gold','https://www.anphatpc.com.vn/template/anphat_2020/images/anphatpc.png','AnPhatPC'),(111,'https://www.anphatpc.com.vn/nguon-silverstone-sst-et650-hg-v1.1_id32212.html','https://anphat.com.vn/media/product/250_32212_et650_hg_package_1.jpg','Nguồn SilverStone SST-ET650-HG V1.1',2490000,'silverstone-sst-et650-hg-v1.1-650-gold','https://www.anphatpc.com.vn/template/anphat_2020/images/anphatpc.png','AnPhatPC'),(112,'https://www.anphatpc.com.vn/nguon-may-tinh-xigmatek-x-power-iii-450-400w-en45969_id34840.html','https://anphat.com.vn/media/product/250_34840_11517.png','Nguồn máy tính Xigmatek X-POWER III 450 - 400W EN45969',688000,'xigmatek-x-power-iii-400-white','https://www.anphatpc.com.vn/template/anphat_2020/images/anphatpc.png','AnPhatPC'),(113,'https://www.anphatpc.com.vn/nguon-may-tinh-asus-tuf-gaming-550w-bronze_id35419.html','https://anphat.com.vn/media/product/250_35419_tuf_gaming_550b_01.jpg','Nguồn máy tính ASUS TUF GAMING 550W Bronze',1850000,'asus-tuf-550-bronze','https://www.anphatpc.com.vn/template/anphat_2020/images/anphatpc.png','AnPhatPC'),(114,'https://www.anphatpc.com.vn/nguon-cooler-master-mwe-650-bronze-v2-full-range-mpe-6501-acaaw-beu_id35706.html','https://anphat.com.vn/media/product/250_35706_mwe_650_bronze_v2_full_range_gallery_3_image.png','Nguồn Cooler master MWE 650 BRONZE V2 FULL RANGE (MPE-6501-ACAAW-BEU)',1499000,'cm-mwe-bronze-v2-650-bronze','https://www.anphatpc.com.vn/template/anphat_2020/images/anphatpc.png','AnPhatPC'),(115,'https://www.anphatpc.com.vn/nguon-silverstone-sst-et750-hg_id32213.html','https://anphat.com.vn/media/product/250_32213_et750_hg_package_1.jpg','Nguồn SilverStone SST-ET750-HG ',2710000,'silverstone-sst-et750-hg-v1.1-750-gold','https://www.anphatpc.com.vn/template/anphat_2020/images/anphatpc.png','AnPhatPC'),(116,'https://www.anphatpc.com.vn/nguon-may-tinh-xigmatek-x-power-iii-500-450w-en45976_id34841.html','https://anphat.com.vn/media/product/250_34841_11522.png','Nguồn máy tính Xigmatek X-POWER III 500 - 450W EN45976',788000,'xigmatek-x-power-iii-450-white','https://www.anphatpc.com.vn/template/anphat_2020/images/anphatpc.png','AnPhatPC'),(117,'https://www.anphatpc.com.vn/nguon-may-tinh-corsair-cx550f-rgb-black-80-plus-bronze-full-modul_id35435.html','https://anphat.com.vn/media/product/250_35435_55697__corsair_cx550f_550w_rgb_black_0008_1__1_.jpg','Nguồn máy tính Corsair CX550F RGB Black 80 Plus Bronze - Full Modul ',2260000,'corsair-cxf-550-bronze','https://www.anphatpc.com.vn/template/anphat_2020/images/anphatpc.png','AnPhatPC'),(118,'https://www.anphatpc.com.vn/nguon-cooler-master-mwe-750-bronze-v2-full-range-mpe-7501-acaaw-beu_id35707.html','https://anphat.com.vn/media/product/250_35707_mwe_750_bronze_v2_full_range_gallery_3_image.png','Nguồn Cooler master MWE 750 BRONZE V2 FULL RANGE (MPE-7501-ACAAW-BEU)',1890000,'cm-mwe-bronze-v2-750-bronze','https://www.anphatpc.com.vn/template/anphat_2020/images/anphatpc.png','AnPhatPC'),(119,'https://www.anphatpc.com.vn/nguon-may-tinh-corsair-ax1600i-digital-80-plus-titanium_id26108.html','https://anphat.com.vn/media/product/250_26108_image.jpg','Nguồn máy tính CORSAIR AX1600i DIGITAL - 80 PLUS® Titanium',12499000,'corsair-axi-1600-titanium','https://www.anphatpc.com.vn/template/anphat_2020/images/anphatpc.png','AnPhatPC'),(120,'https://www.anphatpc.com.vn/nguon-may-tinh-xigmatek-x-power-ii-650-en42463_id29128.html','https://anphat.com.vn/media/product/250_29128_8659.jpg','Nguồn máy tính Xigmatek X-POWER II 650 EN42463',988000,'xigmatek-x-power-ii-600-white','https://www.anphatpc.com.vn/template/anphat_2020/images/anphatpc.png','AnPhatPC'),(121,'https://www.anphatpc.com.vn/nguon-may-tinh-antec-ea750g-pro-750w_id30228.html','https://anphat.com.vn/media/product/250_30228_ea750g_pro.jpg','Nguồn máy tính ANTEC EA750G PRO-750W',2499000,'antec-ae-pro-750-gold','https://www.anphatpc.com.vn/template/anphat_2020/images/anphatpc.png','AnPhatPC'),(122,'https://www.anphatpc.com.vn/nguon-may-tinh-xigmatek-x-power-iii-650-600w-en45990_id34843.html','https://anphat.com.vn/media/product/250_34843_11532.png','Nguồn máy tính Xigmatek X-POWER III 650 - 600W EN45990',988000,'xigmatek-x-power-iii-600-white','https://www.anphatpc.com.vn/template/anphat_2020/images/anphatpc.png','AnPhatPC'),(123,'https://www.anphatpc.com.vn/nguon-may-tinh-corsair-cx650f-rgb-black-80-plus-bronze-full-modul_id35437.html','https://anphat.com.vn/media/product/250_35437_55699_ngu___n_corsair_cx650f_650w_rgb_black_0006_1__1_.jpg','Nguồn máy tính Corsair CX650F RGB Black 80 Plus Bronze - Full Modul ',2480000,'corsair-cxf-650-bronze','https://www.anphatpc.com.vn/template/anphat_2020/images/anphatpc.png','AnPhatPC'),(124,'https://www.anphatpc.com.vn/nguon-may-tinh-antec-atom-b650-650w-80-plus-bronze_id35784.html','https://anphat.com.vn/media/product/250_35784_6558180768b93c08600360ecff277526.jpg','Nguồn máy tính Antec ATOM B650 - 650W 80 PLUS BRONZE',1090000,'antec-atom-650-bronze','https://www.anphatpc.com.vn/template/anphat_2020/images/anphatpc.png','AnPhatPC'),(125,'https://www.anphatpc.com.vn/nguon-may-tinh-asus-tuf-gaming-650w-bronze_id35418.html','https://anphat.com.vn/media/product/250_35418_tuf_gaming_650b_01.jpg','Nguồn máy tính ASUS TUF GAMING 650W Bronze',2090000,'asus-tuf-650-bronze','https://www.anphatpc.com.vn/template/anphat_2020/images/anphatpc.png','AnPhatPC'),(126,'https://www.anphatpc.com.vn/nguon-may-tinh-rog-strix-750w-gold_id30049.html','https://anphat.com.vn/media/product/250_30049_rog_strix_psu_750w_01.png','Nguồn máy tính ROG STRIX 750W GOLD ',3389000,'asus-rog-strix-750-gold','https://www.anphatpc.com.vn/template/anphat_2020/images/anphatpc.png','AnPhatPC'),(127,'https://www.anphatpc.com.vn/nguon-silverstone-sst-et650-g-asus-tuf-gaming_id32210.html','https://anphat.com.vn/media/product/250_32210_et650_g_asus_tuf_gaming_package_2.jpg','Nguồn SilverStone SST-ET650-G ASUS TUF Gaming',2200000,'silverstone-sst-et650-g-tuf-v1.1-650-gold','https://www.anphatpc.com.vn/template/anphat_2020/images/anphatpc.png','AnPhatPC'),(128,'https://www.anphatpc.com.vn/nguon-may-tinh-asus-rog-strix-850w-gold_id35417.html','https://anphat.com.vn/media/product/250_35417_rog_strix_850g_01.jpg','Nguồn máy tính ASUS ROG STRIX 850W GOLD',4490000,'asus-rog-strix-850-gold','https://www.anphatpc.com.vn/template/anphat_2020/images/anphatpc.png','AnPhatPC'),(129,'https://www.anphatpc.com.vn/nguon-cooler-master-mwe-600-bronze-v2-230v-mpe-6001-acabw-beu_id35704.html','https://anphat.com.vn/media/product/250_35704_mwe_600_bronze_v2_230v_gallery_4_image.png','Nguồn Cooler master MWE 600 BRONZE V2 230V (MPE-6001-ACABW-BEU)',1359000,'cm-mwe-bronze-v2-600-bronze','https://www.anphatpc.com.vn/template/anphat_2020/images/anphatpc.png','AnPhatPC'),(130,'https://www.anphatpc.com.vn/nguon-may-tinh-asus-rog-thor-850w_id28959.html','https://anphat.com.vn/media/product/250_28959_rog_thor_850p_box_vga_color.png','Nguồn máy tính Asus ROG Thor 850w',5599000,'asus-rog-thor-850-platinum','https://www.anphatpc.com.vn/template/anphat_2020/images/anphatpc.png','AnPhatPC'),(131,'https://www.anphatpc.com.vn/nguon-may-tinh-corsair-rm650-80-plus-gold-full-modul-cp-9020194-na_id30145.html','https://anphat.com.vn/media/product/250_30145_corsair_rm650_80_plus_gold___full_modul___cp_9020194_na_1.png','Nguồn máy tính Corsair RM650 80 Plus Gold - Full Modul - CP-9020194-NA',2719000,'corsair-rm-650-gold','https://www.anphatpc.com.vn/template/anphat_2020/images/anphatpc.png','AnPhatPC'),(132,'https://www.anphatpc.com.vn/nguon-silverstone-sst-et750-g-asus-tuf-gaming_id32211.html','https://anphat.com.vn/media/product/250_32211_et750_g_asus_tuf_gaming_package_2.jpg','Nguồn SilverStone SST-ET750-G ASUS TUF Gaming',2430000,'silverstone-sst-et750-g-tuf-v1.1-650-gold','https://www.anphatpc.com.vn/template/anphat_2020/images/anphatpc.png','AnPhatPC'),(133,'https://www.anphatpc.com.vn/nguon-may-tinh-aerocool-vx-plus-400-230v-n-pfc_id33192.html','https://anphat.com.vn/media/product/250_33192_ac_vx_plus_400w_right.png','Nguồn máy tính AEROCOOL VX PLUS 400 230V N-PFC',449000,'aerocool-vx-plus-400-none','https://www.anphatpc.com.vn/template/anphat_2020/images/anphatpc.png','AnPhatPC'),(134,'https://www.anphatpc.com.vn/nguon-may-tinh-corsair-hx850-platinum-80-plus-platinum-full-modul_id34686.html','https://anphat.com.vn/media/product/250_34686_13428_cp_9020138_na.png','Nguồn máy tính Corsair HX850 Platinum 80 Plus Platinum - Full Modul',4759000,'corsair-hx-platinum-850-platinum','https://www.anphatpc.com.vn/template/anphat_2020/images/anphatpc.png','AnPhatPC');
/*!40000 ALTER TABLE `psu_price_list` ENABLE KEYS */;
UNLOCK TABLES;

--
-- Table structure for table `ram`
--

DROP TABLE IF EXISTS `ram`;
/*!40101 SET @saved_cs_client     = @@character_set_client */;
/*!50503 SET character_set_client = utf8mb4 */;
CREATE TABLE `ram` (
  `ID` varchar(100) NOT NULL,
  `manufacturer` varchar(100) NOT NULL,
  `serieName` varchar(100) NOT NULL,
  `sizeOfRam` varchar(100) NOT NULL,
  `chipset` varchar(100) NOT NULL,
  `clockSpeed` int NOT NULL,
  `fullname` text NOT NULL,
  PRIMARY KEY (`ID`)
) ENGINE=InnoDB DEFAULT CHARSET=utf8;
/*!40101 SET character_set_client = @saved_cs_client */;

--
-- Dumping data for table `ram`
--

LOCK TABLES `ram` WRITE;
/*!40000 ALTER TABLE `ram` DISABLE KEYS */;
INSERT INTO `ram` VALUES ('corsair-dominator-platinum-2x16G-3200','Corsair','Dominator','2x16G','DDR4',3200,'Corsair Dominator Platinum 4x16G 3200'),('corsair-dominator-platinum-2x16G-3600','Corsair','Dominator','2x16G','DDR4',3600,'Corsair Dominator Platinum 4x16G 3600'),('corsair-dominator-platinum-2x8G-3000','Corsair','Dominator','2x8G','DDR4',3000,'Corsair Dominator Platinum 2x8G 3000'),('corsair-dominator-platinum-2x8G-3200','Corsair','Dominator','2x8G','DDR4',3200,'Corsair Dominator Platinum 2x8G 3200'),('corsair-vengeance-lpx-1x16G-3000','Corsair','Vengeance','1x16G','DDR4',3000,'Corsair Vengeance LPX 1x16G 3000'),('corsair-vengeance-lpx-1x8G-2666','Corsair','Vengeance','1x8G','DDR4',2666,'Corsair Vengeance LPX 1x8G 2666'),('corsair-vengeance-lpx-1x8G-3000','Corsair','Vengeance','1x8G','DDR4',3000,'Corsair Vengeance LPX 1x8G 3000'),('corsair-vengeance-lpx-2x16G-2666','Corsair','Vengeance','2x16G','DDR4',2666,'Corsair Vengeance LPX 2x16G 2666'),('corsair-vengeance-lpx-2x8G-2666','Corsair','Vengeance','2x8G','DDR4',2666,'Corsair Vengeance LPX 2x8G 2666'),('corsair-vengeance-RGB-pro-1x16G-3000','Corsair','Vengeance','1x16G','DDR4',3000,'Corsair Vengeance RGB Pro 1x16G 3000'),('corsair-vengeance-RGB-pro-1x8G-3000','Corsair','Vengeance','1x8G','DDR4',3000,'Corsair Vengeance RGB Pro 1x8G 3000'),('corsair-vengeance-RGB-pro-2x16G-3000','Corsair','Vengeance','2x16G','DDR4',3000,'Corsair Vengeance RGB Pro 2x16G 3000'),('corsair-vengeance-RGB-pro-2x16G-3200','Corsair','Vengeance','2x16G','DDR4',3200,'Corsair Vengeance RGB Pro 2x16G 3200'),('corsair-vengeance-RGB-pro-2x16G-3600','Corsair','Vengeance','2x16G','DDR4',3600,'Corsair Vengeance RGB Pro 2x16G 3600'),('corsair-vengeance-RGB-pro-2x32G-3200','Corsair','Vengeance','2x32G','DDR4',3200,'Corsair Vengeance RGB Pro 2x32G 3200'),('corsair-vengeance-RGB-pro-2x8G-3000','Corsair','Vengeance','2x8G','DDR4',3000,'Corsair Vengeance RGB Pro 2x8G 3000'),('g.skill-ripjaws-v-1x16G-3000','G.Skill','Ripjaws','1x16G','DDR4',3000,'G.Skill Ripjaws V 1x8G 3000'),('g.skill-ripjaws-v-1x8G-2800','G.Skill','Ripjaws','1x8G','DDR4',2800,'G.Skill Ripjaws V 1x8G 2800'),('g.skill-ripjaws-v-2x16G-3200','G.Skill','Ripjaws','2x16G','DDR4',3200,'G.Skill Ripjaws V 2x16G 3200'),('g.skill-ripjaws-v-2x8G-3000','G.Skill','Ripjaws','2x8G','DDR4',3000,'G.Skill Ripjaws V 2x8G 3000'),('g.skill-trident-z-neo-1x16G-3600','G.Skill','Trident','1x16G','DDR4',3600,'G.Skill Trident Z Neo 2x16G 3600'),('g.skill-trident-z-neo-1x8G-3600','G.Skill','Trident','1x8G','DDR4',3600,'G.Skill Trident Z Neo 1x8G 3600'),('g.skill-trident-z-neo-2x16G-3600','G.Skill','Trident','2x16G','DDR4',3600,'G.Skill Trident Z Neo 2x16G 3600'),('g.skill-trident-z-neo-2x32G-3600','G.Skill','Trident','2x32G','DDR4',3600,'G.Skill Trident Z Neo 2x32G 3600'),('g.skill-trident-z-neo-2x8G-3600','G.Skill','Trident','2x8G','DDR4',3600,'G.Skill Trident Z Neo 2x8G 3600'),('g.skill-trident-z-RGB-1x16G-3000','G.Skill','Trident','1x16G','DDR4',3000,'G.Skill Trident Z RGB 1x16G 3000'),('g.skill-trident-z-RGB-1x8G-3000','G.Skill','Trident','1x8G','DDR4',3000,'G.Skill Trident Z RGB 2x8G 3000'),('g.skill-trident-z-RGB-2x16G-3000','G.Skill','Trident','2x16G','DDR4',3000,'G.Skill Trident Z RGB 2x16G 3000'),('g.skill-trident-z-RGB-2x16G-3200','G.Skill','Trident','2x16G','DDR4',3200,'G.Skill Trident Z RGB 2x16G 3200'),('g.skill-trident-z-RGB-2x32G-3200','G.Skill','Trident','2x32G','DDR4',3200,'G.Skill Trident Z RGB 2x32G 3200'),('g.skill-trident-z-RGB-2x8G-3000','G.Skill','Trident','2x8G','DDR4',3000,'G.Skill Trident Z RGB 2x8G 3000'),('g.skill-trident-z-RGB-2x8G-3200','G.Skill','Trident','2x8G','DDR4',3200,'G.Skill Trident Z RGB 2x8G 3200'),('g.skill-trident-z-RGB-2x8G-3600','G.Skill','Trident','2x8G','DDR4',3600,'G.Skill Trident Z RGB 2x8G 3600'),('g.skill-trident-z-royal-2x8G-3000','G.Skill','Trident','2x8G','DDR4',3000,'G.Skill Trident Z Royal 2x8G 3000'),('g.skill-trident-z-royal-2x8G-3200','G.Skill','Trident','2x8G','DDR4',3200,'G.Skill Trident Z Royal 2x8G 3200'),('kingston-hyperx-fury-1x16G-2666','Kingston','HyperX','1x16G','DDR4',2666,'Kingston HyperX Fury 2x8G 2666'),('kingston-hyperx-fury-1x8G-2666','Kingston','HyperX','1x8G','DDR4',2666,'Kingston HyperX Fury 1x8G 2666'),('kingston-hyperx-fury-1x8G-3200','Kingston','HyperX','1x8G','DDR4',3200,'Kingston HyperX Fury 1x8G 3200'),('kingston-hyperx-fury-2x16G-3200','Kingston','HyperX','2x16G','DDR4',3200,'Kingston HyperX Fury 2x16G 3200'),('kingston-hyperx-fury-2x8G-2666','Kingston','HyperX','2x8G','DDR4',2666,'Kingston HyperX Fury 2x8G 2666'),('kingston-hyperx-fury-2x8G-3200','Kingston','HyperX','2x8G','DDR4',3200,'Kingston HyperX Fury 2x8G 3200'),('kingston-hyperx-fury-RGB-1x8G-2666','Kingston','HyperX','1x8G','DDR4',2666,'Kingston HyperX Fury RGB 1x8G 2666'),('kingston-hyperx-fury-RGB-1x8G-3200','Kingston','HyperX','1x8G','DDR4',3200,'Kingston HyperX Fury RGB 1x8G 3200'),('kingston-hyperx-fury-RGB-2x16G-3200','Kingston','HyperX','2x16G','DDR4',3200,'Kingston HyperX Fury RGB 2x16G 3200'),('kingston-hyperx-fury-RGB-2x8G-3200','Kingston','HyperX','2x8G','DDR4',3200,'Kingston HyperX Fury RGB 2x8G 3200');
/*!40000 ALTER TABLE `ram` ENABLE KEYS */;
UNLOCK TABLES;

--
-- Table structure for table `ram_price_list`
--

DROP TABLE IF EXISTS `ram_price_list`;
/*!40101 SET @saved_cs_client     = @@character_set_client */;
/*!50503 SET character_set_client = utf8mb4 */;
CREATE TABLE `ram_price_list` (
  `Id` int NOT NULL AUTO_INCREMENT,
  `link` text NOT NULL,
  `img` text NOT NULL,
  `name` text NOT NULL,
  `price` int NOT NULL,
  `logo` text NOT NULL,
  `retailer` varchar(100) NOT NULL,
  `fid` varchar(100) NOT NULL,
  PRIMARY KEY (`Id`),
  KEY `fid` (`fid`),
  CONSTRAINT `ram_price_list_ibfk_1` FOREIGN KEY (`fid`) REFERENCES `ram` (`ID`)
) ENGINE=InnoDB AUTO_INCREMENT=175 DEFAULT CHARSET=utf8;
/*!40101 SET character_set_client = @saved_cs_client */;

--
-- Dumping data for table `ram_price_list`
--

LOCK TABLES `ram_price_list` WRITE;
/*!40000 ALTER TABLE `ram_price_list` DISABLE KEYS */;
INSERT INTO `ram_price_list` VALUES (88,'https://www.hanoicomputer.vn/kit-ram-4-kingston-hyperx-fury-black-16gb-bus-2666mhz-28gb-hx426c16fb3k2-16','https://hanoicomputercdn.com/media/product/250_48825_hyperx_fury_16gb_2666mhz_ddr4_cl16_dimm_1rx8_black_xmp_desktop_memory_hx426c16fb3k2_16.jpg','Kit RAM 4 Kingston HyperX Fury Black 16GB bus 2666MHz (2*8GB) - HX426C16FB3K2/16 ',1849000,'https://hanoicomputercdn.com/media/lib/logo-trang.png','HanoiComputer','kingston-hyperx-fury-2x8G-2666'),(89,'https://www.hanoicomputer.vn/ram-desktop-gskill-trident-z-rgb-f4-3600c19d-16gtzrb-16gb-2x8gb-ddr4-3600mhz','https://hanoicomputercdn.com/media/product/250_54206_ram_desktop_gskill_trident_z_rgb__f4_3600c19d_16gtzrb__16gb__2x8gb__ddr4_3600mhz_4.jpg','RAM Desktop Gskill Trident Z RGB (F4-3600C19D-16GTZRB) 16GB (2x8GB) DDR4 3600MHz',2699000,'https://hanoicomputercdn.com/media/lib/logo-trang.png','HanoiComputer','g.skill-trident-z-RGB-2x8G-3600'),(90,'https://www.hanoicomputer.vn/ram-desktop-corsair-dominator-platinum-white-rgb-cmt16gx4m2c3200c16w','https://hanoicomputercdn.com/media/product/250_55500_ram_desktop_corsair_dominator_platinum_white_rgb_cmt16gx4m2c3200c16w_01.jpg','Ram Desktop Corsair Dominator Platinum White RGB (CMT16GX4M2C3200C16W) 16GB (2x8G) DDR4 3200MHz',3299000,'https://hanoicomputercdn.com/media/lib/logo-trang.png','HanoiComputer','corsair-dominator-platinum-2x16G-3200'),(91,'https://www.hanoicomputer.vn/ram-desktop-corsair-vengeance-pro-rgb-cmw32gx4m2d3600c18','https://hanoicomputercdn.com/media/product/250_56836_ram_desktop_corsair_vengeance_pro_rgb_cmw32gx4m2d3600c18.jpg','Ram Desktop Corsair Vengeance PRO RGB (CMW32GX4M2D3600C18) 32GB (2x16GB) DDR4 3600MHz',4399000,'https://hanoicomputercdn.com/media/lib/logo-trang.png','HanoiComputer','corsair-vengeance-RGB-pro-2x16G-3600'),(92,'https://www.hanoicomputer.vn/ram-4-corsair-8gb2666-18gb-cmk8gx4m1a2666c16','https://hanoicomputercdn.com/media/product/250_43475_ram_corsair__vengeance__lpx.jpg','RAM Desktop CORSAIR Vengeance LPX (CMK8GX4M1A2666C16 ) 8GB (1x8GB) DDR4 2666MHz  ',899000,'https://hanoicomputercdn.com/media/lib/logo-trang.png','HanoiComputer','corsair-vengeance-lpx-1x8G-2666'),(93,'https://www.hanoicomputer.vn/ram-destop-kingston-hyperx-fury-black-hx426c16fb3-8-8gb-1x8gb-ddr4-2666mhz','https://hanoicomputercdn.com/media/product/250_49459_kingston__hyperx_fury_black.jpg','RAM Desktop Kingston HyperX Fury Black (HX426C16FB3/8) 8GB (1x8GB) DDR4 2666Mhz',899000,'https://hanoicomputercdn.com/media/lib/logo-trang.png','HanoiComputer','kingston-hyperx-fury-1x8G-2666'),(94,'https://www.hanoicomputer.vn/ram-desktop-gskill-trident-z-neo-rgb-f4-3600c18d-32gtzn-32gb-2x16gb-ddr4-3600mhz','https://hanoicomputercdn.com/media/product/250_54209_ram_desktop_gskill_trident_z_rgb__f4_3600c18d_64gtzr__64gb__2x16gb__ddr4_3600mhz_3.jpg','Ram Desktop Gskill Trident Z Neo RGB (F4-3600C18D-32GTZN) 32GB (2x16GB) DDR4 3600MHz',4399000,'https://hanoicomputercdn.com/media/lib/logo-trang.png','HanoiComputer','g.skill-trident-z-neo-2x16G-3600'),(95,'https://www.hanoicomputer.vn/ram-desktop-corsair-vengeance-lpx-cmk16gx4m2d2666c16','https://hanoicomputercdn.com/media/product/250_56986_ram_desktop_corsair_vengeance_lpx_cmk16gx4m2d2666c16_16gb_2x8gb_ddr4_2666mhz.jpg','Ram Desktop Corsair Vengeance LPX (CMK16GX4M2D2666C16) 16GB (2x8GB) DDR4 2666MHz',1849000,'https://hanoicomputercdn.com/media/lib/logo-trang.png','HanoiComputer','corsair-vengeance-lpx-2x8G-2666'),(96,'https://www.hanoicomputer.vn/ram-desktop-gskill-trident-z-neo-rgb-f4-3600c18d-64gtzn-64gb-2x32gb-ddr4-3600mhz','https://hanoicomputercdn.com/media/product/250_54210_ram_desktop_gskill_trident_z_rgb__f4_3600c18d_64gtzn__64gb__2x32gb__ddr4_3600mhz_1.jpg','Ram Desktop Gskill Trident Z Neo RGB (F4-3600C18D-64GTZN) 64GB (2x32GB) DDR4 3600MHz',7399000,'https://hanoicomputercdn.com/media/lib/logo-trang.png','HanoiComputer','g.skill-trident-z-neo-2x32G-3600'),(97,'https://www.hanoicomputer.vn/ram-desktop-corsair-vengeance-lpx-cmk8gx4m1d3000c16-8gb-1x8gb-ddr4-3000mhz','https://hanoicomputercdn.com/media/product/250_51372_ram_corsair__vengeance__lpx.jpg','RAM Desktop Corsair Vengeance LPX (CMK8GX4M1D3000C16 ) 8GB (1x8GB) DDR4 3000MHz',919000,'https://hanoicomputercdn.com/media/lib/logo-trang.png','HanoiComputer','corsair-vengeance-lpx-1x8G-3000'),(98,'https://www.hanoicomputer.vn/ram-desktop-4-kingston-hyperx-fury-hx426c16fb4-16','https://hanoicomputercdn.com/media/product/250_55946_ram_desktop_4_kingston_hyperx_fury_hx426c16fb4_16_1.jpg','Ram Desktop 4 Kingston HyperX Fury (HX426C16FB4/16) 16GB (1x16GB) - DDR4 2666MHz',1699000,'https://hanoicomputercdn.com/media/lib/logo-trang.png','HanoiComputer','kingston-hyperx-fury-1x16G-2666'),(99,'https://www.hanoicomputer.vn/ram-desktop-corsair-vengeance-rgb-cmw16gx4m1d3000c16','https://hanoicomputercdn.com/media/product/250_55009_ram_desktop_corsair_vengeance_rgb__cmw16gx4m1d3000c16__16gb__1x16gb__ddr4_3000mhz_1.jpg','Ram Desktop Corsair Vengeance RGB (CMW16GX4M1D3000C16) 16GB (1x16GB) DDR4 3000MHz',1899000,'https://hanoicomputercdn.com/media/lib/logo-trang.png','HanoiComputer','corsair-vengeance-RGB-pro-1x16G-3000'),(100,'https://www.hanoicomputer.vn/ram-4-corsair-16gb/3000-2x8gb-cmw16gx4m2d3000c16-vengeance-pro-rgb-black','https://hanoicomputercdn.com/media/product/250_47008_corsair_vengeance_pro_rgb.jpg','RAM Desktop CORSAIR Vengeance PRO RGB (CMW16GX4M2D3000C16) 16GB (2x8GB) DDR4 3000MHz',2299000,'https://hanoicomputercdn.com/media/lib/logo-trang.png','HanoiComputer','corsair-vengeance-RGB-pro-2x8G-3000'),(101,'https://www.hanoicomputer.vn/ram-4-corsair-32gb/3000-2x16gb-cmw32gx4m2d3000c16-vengeance-pro-rgb-black','https://hanoicomputercdn.com/media/product/250_47009_corsair_vengeance_pro_rgb.jpg','RAM Desktop CORSAIR Vengeance PRO RGB (CMW32GX4M2D3000C16) 32GB (2x16GB) DDR4 3000MHz',3899000,'https://hanoicomputercdn.com/media/lib/logo-trang.png','HanoiComputer','corsair-vengeance-RGB-pro-2x16G-3000'),(102,'https://www.hanoicomputer.vn/ram-desktop-corsair-vengeance-rgb-cmw64gx4m2e3200c16-64gb','https://hanoicomputercdn.com/media/product/250_55011_ram_desktop_corsair_vengeance_rgb__cmw64gx4m2e3200c16__64gb__2x32gb__ddr4_3200mhz__3_.jpg','Ram Desktop Corsair Vengeance RGB (CMW64GX4M2E3200C16) 64GB (2x32GB) DDR4 3200MHz',7399000,'https://hanoicomputercdn.com/media/lib/logo-trang.png','HanoiComputer','corsair-vengeance-RGB-pro-2x32G-3200'),(103,'https://www.hanoicomputer.vn/ram-desktop-kingston-hyperx-fury-hx432c16fb3-8','https://hanoicomputercdn.com/media/product/250_56677_ram_desktop_kingston_hyperx_fury_hx432c16fb3_8.jpg','Ram Desktop Kingston HyperX Fury (HX432C16FB3/8) 8GB (1x8GB) DDR4 3200Mhz',949000,'https://hanoicomputercdn.com/media/lib/logo-trang.png','HanoiComputer','kingston-hyperx-fury-1x8G-3200'),(104,'https://www.hanoicomputer.vn/ram-gskill-16gb-2x8gb-ddr4-bus-3000mhz-f4-3000c16d-16gtzr','https://hanoicomputercdn.com/media/product/250_36086_gskill_trident_z_royal_rgb.jpg','RAM Desktop Gskill Trident Z RGB (F4-3000C16D-16GTZR) 16GB (2x8GB) DDR4 3000MHz ',2349000,'https://hanoicomputercdn.com/media/lib/logo-trang.png','HanoiComputer','g.skill-trident-z-RGB-2x8G-3000'),(105,'https://www.hanoicomputer.vn/ram-desktop-corsair-vengeance-lpx-cmk16gx4m1d3000c16-16gb-1x16gb-ddr4-3000mhz','https://hanoicomputercdn.com/media/product/250_51131_ram_corsair__vengeance__lpx.jpg','Ram Desktop Corsair Vengeance LPX (CMK16GX4M1D3000C16) 16GB (1x16GB) DDR4 3000MHz',1719000,'https://hanoicomputercdn.com/media/lib/logo-trang.png','HanoiComputer','corsair-vengeance-lpx-1x16G-3000'),(106,'https://www.hanoicomputer.vn/ram-desktop-gskill-trident-z-rgb-f4-3200c16d-32gtzr-32gb-2x16gb-ddr4-3200mhz','https://hanoicomputercdn.com/media/product/250_54203_ram_desktop_gskill_trident_z_rgb__f4_3200c16d_32gtzr__32gb__2x16gb__ddr4_3200mhz_3.jpg','RAM Desktop Gskill Trident Z RGB (F4-3200C16D-32GTZR) 32GB (2x16GB) DDR4 3200MHz',4099000,'https://hanoicomputercdn.com/media/lib/logo-trang.png','HanoiComputer','g.skill-trident-z-RGB-2x16G-3200'),(107,'https://www.hanoicomputer.vn/ram-desktop-corsair-dominator-platinum-rgb-cmt32gx4m2c3200c16-32gb','https://hanoicomputercdn.com/media/product/250_55039_ram_desktop_corsair_dominator_platinum_rgb__cmt32gx4m2c3200c16__32gb__2x16g__ddr4_3200mhz.jpg','Ram Desktop Corsair Dominator Platinum RGB (CMT32GX4M2C3200C16) 32GB (2x16G) DDR4 3200MHz',5099000,'https://hanoicomputercdn.com/media/lib/logo-trang.png','HanoiComputer','corsair-dominator-platinum-2x16G-3200'),(108,'https://www.hanoicomputer.vn/kit-ram-4-gskill-trident-z-rgb-32gb3000-2x16gb-f4-3000c16d-32gtzr','https://hanoicomputercdn.com/media/product/250_42696_gskill_trident_z_royal_rgb.jpg','RAM Desktop Gskill Trident Z RGB (F4-3000C16D-32GTZR) 32GB (2x16GB) DDR4 3000MHz ',3999000,'https://hanoicomputercdn.com/media/lib/logo-trang.png','HanoiComputer','g.skill-trident-z-RGB-2x16G-3000'),(109,'https://www.hanoicomputer.vn/kit-ram-4-gskill-trident-z-neo-16gb/3600-2x8gb-f4-3600c18d-16gtzn','https://hanoicomputercdn.com/media/product/250_48541_gskill_trident_z_neo.jpg','RAM Desktop Gskill Trident Z Neo (F4-3600C18D-16GTZN)16GB (2x8GB) DDR4 3600MHz',2799000,'https://hanoicomputercdn.com/media/lib/logo-trang.png','HanoiComputer','g.skill-trident-z-RGB-2x8G-3600'),(110,'https://www.hanoicomputer.vn/ram-desktop-gskill-trident-z-rgb-f4-3200c16d-64gtzr-64gb-2x32gb-ddr4-3200mhz','https://hanoicomputercdn.com/media/product/250_54204_ram_desktop_gskill_trident_z_rgb__f4_3200c16d_64gtzr__64gb__2x32gb__ddr4_3200mhz_4.jpg','RAM Desktop Gskill Trident Z RGB (F4-3200C16D-64GTZR) 64GB (2x32GB) DDR4 3200MHz',7199000,'https://hanoicomputercdn.com/media/lib/logo-trang.png','HanoiComputer','g.skill-trident-z-RGB-2x32G-3200'),(111,'https://www.hanoicomputer.vn/ram-desktop-corsair-dominator-platinum-white-rgb-cmt32gx4m2c3200c16w-32gb','https://hanoicomputercdn.com/media/product/250_55040_ram_desktop_corsair_dominator_platinum_white_rgb__cmt32gx4m2c3200c16w__32gb__2x16g__ddr4_3200mhz__2_.jpg','Ram Desktop Corsair Dominator Platinum White RGB (CMT32GX4M2C3200C16W) 32GB (2x16G) DDR4 3200MHz',5099000,'https://hanoicomputercdn.com/media/lib/logo-trang.png','HanoiComputer','corsair-dominator-platinum-2x16G-3200'),(112,'https://www.hanoicomputer.vn/ram-desktop-gskill-trident-z-rgb-f4-3600c18d-16gtzr-16gb-2x8gb-ddr4-3600mhz','https://hanoicomputercdn.com/media/product/250_54205_ram_desktop_gskill_trident_z_rgb__f4_3600c18d_16gtzr__16gb__2x8gb__ddr4_3600mhz_2.jpg','RAM Desktop Gskill Trident Z RGB (F4-3600C18D-16GTZR) 16GB (2x8GB) DDR4 3600MHz',2699000,'https://hanoicomputercdn.com/media/lib/logo-trang.png','HanoiComputer','g.skill-trident-z-RGB-2x8G-3600'),(113,'https://www.hanoicomputer.vn/ram-desktop-kingston-hyperx-fury-rbg-hx432c16fb3ak2-16','https://hanoicomputercdn.com/media/product/250_55178_ram_desktop_kingston_hyperx_fury_rbg_hx432c16fb3ak2_16_2.jpg','Ram Desktop Kingston HyperX Fury RBG (HX432C16FB3AK2/16 ) 16GB (2x8GB) DDR4 3200Mhz',2199000,'https://hanoicomputercdn.com/media/lib/logo-trang.png','HanoiComputer','kingston-hyperx-fury-RGB-2x8G-3200'),(114,'https://www.hanoicomputer.vn/ram-desktop-corsair-vengeance-pro-rgb-white-cmw16gx4m2e3200c16w','https://hanoicomputercdn.com/media/product/250_56688_ram_desktop_corsair_vengeance_pro_rgb_white_cmw16gx4m2e3200c16w.jpg','Ram Desktop Corsair Vengeance PRO RGB White (CMW16GX4M2E3200C16W) 16GB (2x8GB) DDR4 3200MHz',2449000,'https://hanoicomputercdn.com/media/lib/logo-trang.png','HanoiComputer','corsair-vengeance-RGB-pro-2x16G-3200'),(115,'https://www.hanoicomputer.vn/kit-ram-4-kingston-hyperx-fury-black-16gb-bus-2666mhz-28gb-hx426c16fb3k2-16','https://hanoicomputercdn.com/media/product/250_48825_hyperx_fury_16gb_2666mhz_ddr4_cl16_dimm_1rx8_black_xmp_desktop_memory_hx426c16fb3k2_16.jpg','Kit RAM 4 Kingston HyperX Fury Black 16GB bus 2666MHz (2*8GB) - HX426C16FB3K2/16 ',1849000,'https://hanoicomputercdn.com/media/lib/logo-trang.png','HanoiComputer','kingston-hyperx-fury-2x8G-2666'),(116,'https://www.hanoicomputer.vn/ram-desktop-gskill-trident-z-rgb-f4-3600c19d-16gtzrb-16gb-2x8gb-ddr4-3600mhz','https://hanoicomputercdn.com/media/product/250_54206_ram_desktop_gskill_trident_z_rgb__f4_3600c19d_16gtzrb__16gb__2x8gb__ddr4_3600mhz_4.jpg','RAM Desktop Gskill Trident Z RGB (F4-3600C19D-16GTZRB) 16GB (2x8GB) DDR4 3600MHz',2699000,'https://hanoicomputercdn.com/media/lib/logo-trang.png','HanoiComputer','g.skill-trident-z-RGB-2x8G-3600'),(117,'https://www.hanoicomputer.vn/ram-desktop-corsair-dominator-platinum-white-rgb-cmt16gx4m2c3200c16w','https://hanoicomputercdn.com/media/product/250_55500_ram_desktop_corsair_dominator_platinum_white_rgb_cmt16gx4m2c3200c16w_01.jpg','Ram Desktop Corsair Dominator Platinum White RGB (CMT16GX4M2C3200C16W) 16GB (2x8G) DDR4 3200MHz',3299000,'https://hanoicomputercdn.com/media/lib/logo-trang.png','HanoiComputer','corsair-dominator-platinum-2x8G-3200'),(118,'https://www.hanoicomputer.vn/ram-desktop-corsair-vengeance-pro-rgb-cmw32gx4m2d3600c18','https://hanoicomputercdn.com/media/product/250_56836_ram_desktop_corsair_vengeance_pro_rgb_cmw32gx4m2d3600c18.jpg','Ram Desktop Corsair Vengeance PRO RGB (CMW32GX4M2D3600C18) 32GB (2x16GB) DDR4 3600MHz',4399000,'https://hanoicomputercdn.com/media/lib/logo-trang.png','HanoiComputer','corsair-dominator-platinum-2x16G-3600'),(119,'https://gearvn.com/products/8gb-ddr4-1x8g-2666-ram-kingston-hyperx-fury-black','https://product.hstatic.net/1000026716/product/gvn_kingston_hyper_fury_black_8g_2666_5bac4719e35a428a9a19c4a4c1921d0c_large.jpg','(8GB DDR4 1x8G 2666) RAM Kingston HyperX Fury Black',890000,'https://theme.hstatic.net/1000026716/1000440777/14/logo.svg?v=16422','GearVN','kingston-hyperx-fury-1x8G-2666'),(120,'https://gearvn.com/products/8g-ddr4-1x8g-2800-g-skill-ripjaws-v','https://product.hstatic.net/1000026716/product/rj4g-gearvn_large.jpg','(8G DDR4 1x8G 2800) G.SKILL Ripjaws V',890000,'https://theme.hstatic.net/1000026716/1000440777/14/logo.svg?v=16422','GearVN','g.skill-ripjaws-v-1x8G-2800'),(121,'https://gearvn.com/products/ram-pc-corsair-vengeance-lpx-8gb-ddr4-3000mhz','https://product.hstatic.net/1000026716/product/gearvn-ram-pc-corsair-vengeance-lpx-8gb-ddr4-3000mhz-666_ba4570bf150a4df980f9273042dd37df_large.jpg','Ram PC Corsair Vengeance LPX 8GB DDR4 3000MHz',990000,'https://theme.hstatic.net/1000026716/1000440777/14/logo.svg?v=16422','GearVN','corsair-vengeance-lpx-1x8G-3000'),(122,'https://gearvn.com/products/8gb-ddr4-1x8g-3200-hyperx-fury-rgb','https://product.hstatic.net/1000026716/product/gearvn-8gb-ddr4-1x8g-3200-hyperx-fury-rgb-666_aa7c602279ce4dee80f465ef5805cea8_large.jpg','(8GB DDR4 1x8G 3200) HyperX Fury RGB',1090000,'https://theme.hstatic.net/1000026716/1000440777/14/logo.svg?v=16422','GearVN','kingston-hyperx-fury-RGB-1x8G-3200'),(123,'https://gearvn.com/products/8g-ddr4-1x8g-3000-corsair-vengeance-rgb-pro','https://product.hstatic.net/1000026716/product/corsair_vengeance_rgb_pro_gearvn00_15202ffc4e584a2884a2166098800be5_large.jpg','(8G DDR4 1x8G 3000) Corsair Vengeance RGB PRO',1190000,'https://theme.hstatic.net/1000026716/1000440777/14/logo.svg?v=16422','GearVN','corsair-vengeance-RGB-pro-1x8G-3000'),(124,'https://gearvn.com/products/ram-gskill-trident-z-rgb-8gb-ddr4-3000mhz-f4-3000c16s-8gtzr','https://product.hstatic.net/1000026716/product/anyconv.com__trident_z_gearvn00_large_9ffcc7aed66c450ea6a128ea85aec02b_large.jpg','(8GB DDR4 1x8G 3000) RAM G.SKILL Trident Z RGB CL16-18-18-38',1250000,'https://theme.hstatic.net/1000026716/1000440777/14/logo.svg?v=16422','GearVN','g.skill-trident-z-RGB-1x8G-3000'),(125,'https://gearvn.com/products/16gb-ddr4-2x8g-2666-ram-kingston-hyperx-fury-black','https://product.hstatic.net/1000026716/product/ram_kingston_hyper_x_fury_black_bus_2666_223479e6e75a45e5adc058ebbabf09a2_large.jpg','(16GB DDR4 2x8G 2666) RAM Kingston HyperX Fury Black',1780000,'https://theme.hstatic.net/1000026716/1000440777/14/logo.svg?v=16422','GearVN','corsair-vengeance-lpx-2x8G-2666'),(126,'https://gearvn.com/products/16g-ddr4-1x16g-3000-ram-gskill-ripjaws-v','https://product.hstatic.net/1000026716/product/ripjawv.1_d2a22fa26fad4c569bb3b70a1bcfb9aa_large.png','(16G DDR4 1x16G 3000) RAM GSKILL RIPJAWS V',1895000,'https://theme.hstatic.net/1000026716/1000440777/14/logo.svg?v=16422','GearVN','g.skill-ripjaws-v-1x16G-3000'),(127,'https://gearvn.com/products/16gb-ddr4-2x8g-3200-hyperx-fury-rgb','https://product.hstatic.net/1000026716/product/0f06729391bc00f49f3d817b8f3c209b_40444a316c79464fa78112d064e262fd_large.png','(16GB DDR4 2x8G 3200) HyperX Fury RGB CL16-18-18',1900000,'https://theme.hstatic.net/1000026716/1000440777/14/logo.svg?v=16422','GearVN','kingston-hyperx-fury-RGB-2x8G-3200'),(128,'https://gearvn.com/products/16g-ddr4-1x16g-3000-g-skill-trident-z-rgb','https://product.hstatic.net/1000026716/product/triden_1x16_f84cd78ac3524bb2b6e33260ba0f095f_large.jpg','(16G DDR4 1x16G 3000 ) G.SKILL Trident Z RGB',1990000,'https://theme.hstatic.net/1000026716/1000440777/14/logo.svg?v=16422','GearVN','g.skill-trident-z-RGB-1x16G-3000'),(129,'https://gearvn.com/products/8g-ddr4-1x8g-3600-g-skill-trident-z-neo-ddr4-cl16-16-16-36','https://product.hstatic.net/1000026716/product/ram_03_1x1_94d85987287342779028fea38ee03d44_large.jpg','(8GB DDR4 1x8GB 3600 ) G.SKILL Trident Z Neo DDR4 CL16-16-16-36',2345000,'https://theme.hstatic.net/1000026716/1000440777/14/logo.svg?v=16422','GearVN','g.skill-trident-z-neo-1x8G-3600'),(130,'https://gearvn.com/products/16g-ddr4-2x8g-3000-corsair-vengeance-rgb-pro','https://product.hstatic.net/1000026716/product/corsair_vengeance_rgb_pro_gearvn_large.jpg','(16G DDR4 2x8G 3000 ) Corsair Vengeance RGB PRO CL16-16-16-36',2500000,'https://theme.hstatic.net/1000026716/1000440777/14/logo.svg?v=16422','GearVN','corsair-vengeance-RGB-pro-2x8G-3000'),(131,'https://gearvn.com/products/16g-ddr4-2x8g-3000-cas-16-g-skill-trident-z-rgb','https://product.hstatic.net/1000026716/product/trident_z_gearvn_large.png','(16G DDR4 2x8G 3000 cas 16) G.SKILL Trident Z RGB',2500000,'https://theme.hstatic.net/1000026716/1000440777/14/logo.svg?v=16422','GearVN','corsair-vengeance-RGB-pro-2x8G-3000'),(132,'https://gearvn.com/products/16g-ddr4-2x8g-3200-corsair-dominator-platinum-rgb-white','https://product.hstatic.net/1000026716/product/16g-ddr4-2x8g-3200-corsair-dominator-platinum-rgb-white-2_de089f0593aa4b429c6da5e07e53b9f3_large.png','(16G DDR4 2x8G 3200) Corsair Dominator Platinum RGB White CL16-18-18-36',2950000,'https://theme.hstatic.net/1000026716/1000440777/14/logo.svg?v=16422','GearVN','corsair-dominator-platinum-2x8G-3200'),(133,'https://gearvn.com/products/16g-ddr4-2x8g-3200-corsair-dominator-platinum-rgb','https://product.hstatic.net/1000026716/product/3658__cmt16gx4m2c3000c15_gallery_dominator_plat_rgb_03_7085fc2a5db848dbaf8979840303bcfd_large.png','(16G DDR4 2x8G 3200) Corsair Dominator Platinum RGB CL16-18-18-36',2990000,'https://theme.hstatic.net/1000026716/1000440777/14/logo.svg?v=16422','GearVN','corsair-dominator-platinum-2x8G-3200'),(134,'https://gearvn.com/products/16g-ddr4-2x8g-3000-corsair-dominator-platinum-rgb','https://product.hstatic.net/1000026716/product/ram__gearvn_dominator_platinum_large.png','(16G DDR4 2x8G 3000) Corsair Dominator Platinum RGB  CL15-17-17-35',3190000,'https://theme.hstatic.net/1000026716/1000440777/14/logo.svg?v=16422','GearVN','corsair-dominator-platinum-2x8G-3000'),(135,'https://gearvn.com/products/16g-ddr4-2x8g-3000-g-skill-trident-z-royal-rgb-silver','https://product.hstatic.net/1000026716/product/gskill_tridentz_royal_gearvn000_a77ac7cba8cf458cb691cb861b5fca10_large.jpg','(16G DDR4 2x8G 3000) G.SKILL Trident Z Royal RGB SILVER CL16-18-18-38',3390000,'https://theme.hstatic.net/1000026716/1000440777/14/logo.svg?v=16422','GearVN','g.skill-trident-z-royal-2x8G-3000'),(136,'https://gearvn.com/products/16g-ddr4-2x8g-3000-g-skill-trident-z-royal-rgb-gold','https://product.hstatic.net/1000026716/product/gskill_tridentz_royal_gearvn00_large.jpg','(16G DDR4 2x8G 3000) G.SKILL Trident Z Royal RGB GOLD CL16-18-18-38',3390000,'https://theme.hstatic.net/1000026716/1000440777/14/logo.svg?v=16422','GearVN','g.skill-trident-z-royal-2x8G-3000'),(137,'https://gearvn.com/products/32g-ddr4-2x16g-3200-ram-gskill-ripjaws-v','https://product.hstatic.net/1000026716/product/153611115410_c5a28e598cf744d785a5289dbd64e386_large.png','(32G DDR4 2x16G 3200) RAM GSKILL RIPJAWS V CL16-16-16-36',3790000,'https://theme.hstatic.net/1000026716/1000440777/14/logo.svg?v=16422','GearVN','g.skill-ripjaws-v-2x16G-3200'),(138,'https://gearvn.com/products/32g-ddr4-2x16g-3000-ram-gskill-ripjaws-v','https://product.hstatic.net/1000026716/product/gearvn-32g-ddr4-2x-16g-3000-ram-gskill-ripjaws-v_8d8930f225dd40839de6fa14c3a93cbc_large.jpg','(32G DDR4 2x16G 3000) RAM GSKILL RIPJAWS V CL16-18-18-38',3790000,'https://theme.hstatic.net/1000026716/1000440777/14/logo.svg?v=16422','GearVN','g.skill-ripjaws-v-2x16G-3200'),(139,'https://gearvn.com/products/32g-ddr4-2x16g-3200-corsair-vengeance-rgb-pro','https://product.hstatic.net/1000026716/product/corsair_vengeance_rgb_pro_gearvn_7e338324775045feaf2c939b4f761182_large.jpg','(32G DDR4 2x16G 3200) Corsair Vengeance RGB PRO CL16-18-18-36',3990000,'https://theme.hstatic.net/1000026716/1000440777/14/logo.svg?v=16422','GearVN','corsair-vengeance-RGB-pro-2x16G-3200'),(140,'https://gearvn.com/products/16g-ddr4-2x8g-3200-g-skill-trident-z-royal-rgb-gold','https://product.hstatic.net/1000026716/product/gskill_tridentz_royal_gearvn00_f1c7e80894854252a7f226f168b80b04_large.jpg','(16G DDR4 2x8G 3200) G.SKILL Trident Z Royal RGB GOLD CL16-18-18-38',4090000,'https://theme.hstatic.net/1000026716/1000440777/14/logo.svg?v=16422','GearVN','g.skill-trident-z-royal-2x8G-3200'),(141,'https://gearvn.com/products/16g-ddr4-2x8g-3200-g-skill-trident-z-royal-rgb-silver','https://product.hstatic.net/1000026716/product/gskill_tridentz_royal_gearvn000_a77ac7cba8cf458cb691cb861b5fca10_32f96a65936e40829c5cb405fe5c30a6_large.jpg','(16G DDR4 2x8G 3200) G.SKILL Trident Z Royal RGB SILVER CL16-18-18-38',4090000,'https://theme.hstatic.net/1000026716/1000440777/14/logo.svg?v=16422','GearVN','g.skill-trident-z-royal-2x8G-3200'),(142,'https://gearvn.com/products/16g-ddr4-1x16g-3600-g-skill-trident-z-neo-ddr4-cl16-16-16-36','https://product.hstatic.net/1000026716/product/ram_1x1_c499af7d811f430eb52f011de1bee3d4_large.jpg','(16G DDR4 1x16G 3600) G.SKILL Trident Z Neo DDR4 CL16-16-16-36',4145000,'https://theme.hstatic.net/1000026716/1000440777/14/logo.svg?v=16422','GearVN','g.skill-trident-z-neo-1x16G-3600'),(143,'https://gearvn.com/products/16g-ddr4-2x8g-3600-g-skill-trident-z-neo-ddr4-cl16-16-16-36','https://product.hstatic.net/1000026716/product/ram_gskill_trident_neo_gearvn00_c575855b555a408d9c2c31c453667e17_large.jpg','(16G DDR4 2x8G 3600) G.SKILL Trident Z Neo DDR4 CL16-16-16-36',4690000,'https://theme.hstatic.net/1000026716/1000440777/14/logo.svg?v=16422','GearVN','g.skill-trident-z-neo-2x8G-3600'),(144,'https://gearvn.com/products/32g-ddr4-2x16g-3200-corsair-dominator-platinum-rgb','https://product.hstatic.net/1000026716/product/ram__gearvn_dominator_platinum__1__cd8ec5fdeb914349bab1596fda95cef3_large.jpg','(32G DDR4 2x16G 3200) Corsair Dominator Platinum RGB CL16-18-18-36',5490000,'https://theme.hstatic.net/1000026716/1000440777/14/logo.svg?v=16422','GearVN','corsair-dominator-platinum-2x16G-3200'),(145,'https://gearvn.com/products/32g-ddr4-2x16g-3600-g-skill-trident-z-neo-ddr4-cl16-16-16-36','https://product.hstatic.net/1000026716/product/ram_gskill_trident_neo_gearvn00_e34bd126716a483f82db1fa079f2be85_large.jpg','(32G DDR4 2x16G 3600) G.SKILL Trident Z Neo DDR4 CL16-16-16-36',8290000,'https://theme.hstatic.net/1000026716/1000440777/14/logo.svg?v=16422','GearVN','g.skill-trident-z-neo-2x16G-3600'),(146,'https://gearvn.com/products/64g-ddr4-2x32g-3200-corsair-vengeance-rgb-pro','https://product.hstatic.net/1000026716/product/gearvn-64g-ddr4-2x32g-3200-corsair-vengeance-rgb-pro-3_5cb3dd98aa6443598b1b0f9da9053022_large.jpg','(64G DDR4 2x32G 3200) Corsair Vengeance RGB PRO CL16-18-18-36',8400000,'https://theme.hstatic.net/1000026716/1000440777/14/logo.svg?v=16422','GearVN','corsair-vengeance-RGB-pro-2x32G-3200'),(147,'https://gearvn.com/products/32g-ddr4-2x16g-2666-corsair-vengeance-lpx','https://product.hstatic.net/1000026716/product/-cmk32gx4m2a2666c16-gallery-veng-lpx-blk-00_large.png','(32G DDR4 2x16G 2666) Corsair Vengeance LPX',8490000,'https://theme.hstatic.net/1000026716/1000440777/14/logo.svg?v=16422','GearVN','corsair-vengeance-lpx-2x16G-2666'),(148,'https://www.anphatpc.com.vn/ram-corsair-vengeance-lpx-8gb-1x8gb-ddr4-dram-2666mhz-c16-black-cmk8gx4m1a2666c16_id25049.html','https://anphat.com.vn/media/product/250_25049_ram_corsair_vengeance___lpx_8gb__1x8gb__ddr4_dram_2666mhz_c16___black__cmk8gx4m1a2666c16__1.png','RAM Corsair Vengeance LPX 8GB (1x8GB) DDR4 DRAM 2666MHz Black',899000,'https://www.anphatpc.com.vn/template/anphat_2020/images/anphatpc.png','AnPhatPC','corsair-vengeance-lpx-1x8G-2666'),(149,'https://www.anphatpc.com.vn/ram-kingston-hyperx-fury-8gb-1x8gb-ddr4-bus-2666mhz-black_id27651.html','https://anphat.com.vn/media/product/250_27651_19971_1_black.jpeg','Ram Kingston HyperX Fury 8GB (1x8GB) DDR4 Bus 2666Mhz Black ',799000,'https://www.anphatpc.com.vn/template/anphat_2020/images/anphatpc.png','AnPhatPC','kingston-hyperx-fury-RGB-1x8G-2666'),(150,'https://www.anphatpc.com.vn/ram-corsair-vengeance-rgb-pro-32gb-2x16gb-ddr4-3000mhz-c15-black-cmw32gx4m2c3000c15_id28267.html','https://anphat.com.vn/media/product/250_28267_81jodopl_gl__ac_sl1500_.jpg','Ram Corsair Vengeance RGB Pro 32GB (2x16GB) DDR4 3000MHz Black',3849000,'https://www.anphatpc.com.vn/template/anphat_2020/images/anphatpc.png','AnPhatPC','corsair-vengeance-RGB-pro-2x16G-3000'),(151,'https://www.anphatpc.com.vn/ram-gskill-trident-z-rgb-16gb-8gbx2-ddr4-3000ghz-f4-3000c16d-16gtzr_id21820.html','https://anphat.com.vn/media/product/250_21820_trident_z_rgb.jpg','RAM G.Skill TRIDENT Z RGB 16GB (2x8GB) DDR4 3000MHz (F4-3000C16D-16GTZR)',2349000,'https://www.anphatpc.com.vn/template/anphat_2020/images/anphatpc.png','AnPhatPC','g.skill-trident-z-RGB-2x8G-3000'),(152,'https://www.anphatpc.com.vn/ram-corsair-vengeance-rgb-pro-32gb-2x16gb-ddr4-3200mhz-black_id29961.html','https://anphat.com.vn/media/product/250_29961_81jodopl_gl__ac_sl1500_.jpg','Ram Corsair Vengeance RGB Pro 32GB (2x16GB) DDR4 3200MHz Black',3949000,'https://www.anphatpc.com.vn/template/anphat_2020/images/anphatpc.png','AnPhatPC','corsair-vengeance-RGB-pro-2x16G-3200'),(153,'https://www.anphatpc.com.vn/ram-corsair-dominator-platinum-rgb-32gb-2x16gb-ddr4-3200mhz_id30108.html','https://anphat.com.vn/media/product/250_30108_dominator___en.png','Ram Corsair Dominator Platinum RGB 32GB (2x16GB) DDR4 3200MHz (Đen)',5099000,'https://www.anphatpc.com.vn/template/anphat_2020/images/anphatpc.png','AnPhatPC','corsair-dominator-platinum-2x16G-3200'),(154,'https://www.anphatpc.com.vn/ram-corsair-dominator-platinum-rgb-32gb-2x16gb-ddr4-3200mhz-trang_id34252.html','https://anphat.com.vn/media/product/250_34252_dominator_tr___ng.png','Ram Corsair Dominator Platinum RGB 32GB (2x16GB) DDR4 3200MHz (Trắng)',5099000,'https://www.anphatpc.com.vn/template/anphat_2020/images/anphatpc.png','AnPhatPC','corsair-dominator-platinum-2x16G-3200'),(155,'https://www.anphatpc.com.vn/ram-kingston-16gb-2666mhz-ddr4-cl16-dimm-hyperx-fury-black-hx426c16fb16_id31054.html','https://anphat.com.vn/media/product/250_31054_hyper_x_fury.jpeg','Ram Kingston HyperX Fury 16GB (1x16GB) DDR4 Bus 2666Mhz',1499000,'https://www.anphatpc.com.vn/template/anphat_2020/images/anphatpc.png','AnPhatPC','kingston-hyperx-fury-1x16G-2666'),(156,'https://www.anphatpc.com.vn/ram-g-skill-trident-z-neo-rgb-32gb-2x16gb-ddr4-3600mhz-f4-3600c18d-32gtzn_id33684.html','https://anphat.com.vn/media/product/250_33684_156284052514.png','RAM G.Skill TRIDENT Z Neo RGB 32GB (2x16GB) DDR4 3600MHz (F4-3600C18D-32GTZN)',4499000,'https://www.anphatpc.com.vn/template/anphat_2020/images/anphatpc.png','AnPhatPC','g.skill-trident-z-neo-2x16G-3600'),(157,'https://www.anphatpc.com.vn/ram-g-skill-trident-z-rgb-32gb-2x16gb-ddr4-3200mhz-f4-3200c16d-32gtzr_id33686.html','https://anphat.com.vn/media/product/250_33686_trident_z_rgb.jpg','RAM G.Skill TRIDENT Z RGB 32GB (2x16GB) DDR4 3200MHz (F4-3200C16D-32GTZR)',4149000,'https://www.anphatpc.com.vn/template/anphat_2020/images/anphatpc.png','AnPhatPC','g.skill-trident-z-rgb-2x16G-3000'),(158,'https://www.anphatpc.com.vn/ram-corsair-vengeance-lpx-16gb-1x16gb-ddr4-bus-3000-mhz-black_id33200.html','https://anphat.com.vn/media/product/250_33200__cmk16gx4m1d3000c16_gallery_veng_lpx_blk_01.png','Ram Corsair Vengeance LPX 16GB (1x16GB) DDR4 Bus 3000 MHz Black',1499000,'https://www.anphatpc.com.vn/template/anphat_2020/images/anphatpc.png','AnPhatPC','corsair-vengeance-lpx-1x16G-3000'),(159,'https://www.anphatpc.com.vn/ram-corsair-vengeance-pro-rgb-16gb-2x8gb-ddr4-bus-3200mhz_id33387.html','https://anphat.com.vn/media/product/250_33387_81jodopl_gl__ac_sl1500_.jpg','Ram Corsair Vengeance Pro RGB 16GB (2x8GB) DDR4 bus 3200Mhz',2299000,'https://www.anphatpc.com.vn/template/anphat_2020/images/anphatpc.png','AnPhatPC','corsair-vengeance-RGB-pro-2x16G-3200'),(160,'https://www.anphatpc.com.vn/ram-kingston-hyperx-fury-8gb-1x8gb-ddr4-bus-3200mhz-black_id35571.html','https://anphat.com.vn/media/product/250_35571_hx_product_memory_fury_ddr4_black_1mod_zm_lg.jpg','Ram Kingston HyperX Fury 8GB (1x8GB) DDR4 Bus 3200Mhz Black',799000,'https://www.anphatpc.com.vn/template/anphat_2020/images/anphatpc.png','AnPhatPC','kingston-hyperx-fury-1x8G-3200'),(161,'https://www.anphatpc.com.vn/ram-gskill-trident-z-rgb-32gb-2x16gb-ddr4-3000mhz-f4-3000c16d-32gtzr_id27811.html','https://anphat.com.vn/media/product/250_27811_trident_z_rgb.jpg','Ram GSkill TRIDENT Z RGB 32GB (2x16GB) DDR4 3000MHz (F4-3000C16D-32GTZR)',3899000,'https://www.anphatpc.com.vn/template/anphat_2020/images/anphatpc.png','AnPhatPC','g.skill-trident-z-RGB-2x16G-3000'),(162,'https://www.anphatpc.com.vn/ram-g.skill-ripjaws-v-16gb-8gbx2-ddr4-3000mhz-f4-3000c16d-16gvrb_id30152.html','https://anphat.com.vn/media/product/250_30152_ram_g_skill_ripjaws_v_16gb__8gbx2__ddr4_3000mhz__f4_3000c16d_16gvrb_1.jpg','RAM G.SKILL RIPJAWS V 16GB (2x8GB) DDR4 3000MHz',1599000,'https://www.anphatpc.com.vn/template/anphat_2020/images/anphatpc.png','AnPhatPC','g.skill-ripjaws-v-2x8G-3000'),(163,'https://www.anphatpc.com.vn/ram-corsair-vengeance-rgb-pro-16gb-2x8gb-ddr4-3000mhz-c15-white-cmw16gx4m2c3000c15w_id26589.html','https://anphat.com.vn/media/product/250_26589__cmw16gx4m2c3600c18w_gallery_vegeance_rgb_pro_wht_07_2up.png','Ram Corsair Vengeance RGB Pro 16GB (2x8GB) DDR4 3000MHz White',2099000,'https://www.anphatpc.com.vn/template/anphat_2020/images/anphatpc.png','AnPhatPC','corsair-vengeance-RGB-pro-2x8G-3000'),(164,'https://www.anphatpc.com.vn/ram-corsair-vengeance-rgb-pro-16gb-2x8gb-ddr4-3000mhz-c15-black-cmw16gx4m2c3000c15_id27469.html','https://anphat.com.vn/media/product/250_27469_81jodopl_gl__ac_sl1500_.jpg','Ram Corsair Vengeance RGB Pro 16GB (2x8GB) DDR4 3000MHz',2199000,'https://www.anphatpc.com.vn/template/anphat_2020/images/anphatpc.png','AnPhatPC','corsair-vengeance-RGB-pro-2x8G-3000'),(165,'https://www.anphatpc.com.vn/ram-g-skill-trident-z-rgb-16gb-2x8gb-ddr4-3600mhz-f4-3600c19d-16gtzrb_id35149.html','https://anphat.com.vn/media/product/250_35149_156496965310.png','RAM G.Skill TRIDENT Z RGB 16GB (2x8GB) DDR4 3600MHz (F4-3600C19D-16GTZRB)',2899000,'https://www.anphatpc.com.vn/template/anphat_2020/images/anphatpc.png','AnPhatPC','g.skill-trident-z-RGB-2x8G-3600'),(166,'https://www.anphatpc.com.vn/ram-corsair-vengeance-rgb-pro-32gb-2x16gb-ddr4-3600mhz-black_id35314.html','https://anphat.com.vn/media/product/250_35314_81jodopl_gl__ac_sl1500_.jpg','Ram Corsair Vengeance RGB Pro 32GB (2x16GB) DDR4 3600MHz Black',3999000,'https://www.anphatpc.com.vn/template/anphat_2020/images/anphatpc.png','AnPhatPC','corsair-vengeance-RGB-pro-2x16G-3600'),(167,'https://www.anphatpc.com.vn/ram-gskill-trident-z-rgb-32gb-2x16gb-ddr4-3000mhz-f4-3000c16d-32gtzr_id27811.html','https://anphat.com.vn/media/product/250_27811_trident_z_rgb.jpg','Ram GSkill TRIDENT Z RGB 32GB (2x16GB) DDR4 3000MHz (F4-3000C16D-32GTZR)',3899000,'https://www.anphatpc.com.vn/template/anphat_2020/images/anphatpc.png','AnPhatPC','g.skill-trident-z-RGB-2x16G-3000'),(168,'https://www.anphatpc.com.vn/ram-gskill-ripjaw-v-8gb-1x8gb-ddr4-2800mhz-f4-2800c17s-8gvr_id26820.html','https://anphat.com.vn/media/product/250_26820_ddr4_gskill_ripjawsv_x1_1_3.jpg','Ram GSkill RIPJAW V 8GB (1x8GB) DDR4 2800MHz',849000,'https://www.anphatpc.com.vn/template/anphat_2020/images/anphatpc.png','AnPhatPC','g.skill-ripjaws-v-1x8G-2800'),(169,'https://www.anphatpc.com.vn/ram-kingston-hyperx-fury-rgb-32gb-2x16gb-3200mhz-ddr4-hx432c16fb3ak232_id30898.html','https://anphat.com.vn/media/product/250_30898_hyper_x_fury_rgb_2.jpg','Ram Kingston HyperX FURY RGB 32GB (2x16GB) 3200MHz DDR4 (HX432C16FB3AK2/32)',3649000,'https://www.anphatpc.com.vn/template/anphat_2020/images/anphatpc.png','AnPhatPC','kingston-hyperx-fury-RGB-2x16G-3200'),(170,'https://www.anphatpc.com.vn/ram-g-skill-trident-z-neo-rgb-16gb-2x8gb-ddr4-3600mhz-f4-3600c18d-16gtzn_id33682.html','https://anphat.com.vn/media/product/250_33682_156284046114.png','RAM G.Skill TRIDENT Z Neo RGB 16GB (2x8GB) DDR4 3600MHz (F4-3600C18D-16GTZN)',2799000,'https://www.anphatpc.com.vn/template/anphat_2020/images/anphatpc.png','AnPhatPC','g.skill-trident-z-neo-2x8G-3600'),(171,'https://www.anphatpc.com.vn/ram-g-skill-trident-z-neo-rgb-64gb-2x32gb-ddr4-3600mhz-f4-3600c18d-64gtzn_id34298.html','https://anphat.com.vn/media/product/250_34298_trident_z_neo.png','RAM G.Skill TRIDENT Z Neo RGB 64GB (2x32GB) DDR4 3600MHz (F4-3600C18D-64GTZN)',8199000,'https://www.anphatpc.com.vn/template/anphat_2020/images/anphatpc.png','AnPhatPC','g.skill-trident-z-neo-2x32G-3600'),(172,'https://www.anphatpc.com.vn/ram-g-skill-trident-z-rgb-16gb-2x8gb-ddr4-3200mhz-f4-3200c16d-16gtzr_id33685.html','https://anphat.com.vn/media/product/250_33685_trident_z_rgb.jpg','RAM G.Skill TRIDENT Z RGB 16GB (2x8GB) DDR4 3200MHz (F4-3200C16D-16GTZR)',2599000,'https://www.anphatpc.com.vn/template/anphat_2020/images/anphatpc.png','AnPhatPC','g.skill-trident-z-RGB-2x8G-3200'),(173,'https://www.anphatpc.com.vn/ram-kingston-hyperx-fury-black-16g-ddr4-bus-2666mhz-cl15-kit-of-2-hx426c15fbk216_id19973.html','https://anphat.com.vn/media/product/250_19973_2_black.jpg','RAM Kingston HyperX Fury Black 16GB (2x8GB) DDR4 Bus 2666',1599000,'https://www.anphatpc.com.vn/template/anphat_2020/images/anphatpc.png','AnPhatPC','kingston-hyperx-fury-2x8G-2666'),(174,'https://www.anphatpc.com.vn/ram-corsair-corsair-vengeance-rgb-pro-8gb-1-x-8gb-ddr4-3000mhz_id32255.html','https://anphat.com.vn/media/product/250_32255_81jodopl_gl__ac_sl1500_.jpg','Ram Corsair Corsair Vengeance RGB PRO 8GB (1x8GB) DDR4 3000MHz',1049000,'https://www.anphatpc.com.vn/template/anphat_2020/images/anphatpc.png','AnPhatPC','corsair-vengeance-RGB-pro-1x8G-3000');
/*!40000 ALTER TABLE `ram_price_list` ENABLE KEYS */;
UNLOCK TABLES;

--
-- Table structure for table `ssd`
--

DROP TABLE IF EXISTS `ssd`;
/*!40101 SET @saved_cs_client     = @@character_set_client */;
/*!50503 SET character_set_client = utf8mb4 */;
CREATE TABLE `ssd` (
  `ID` varchar(100) NOT NULL,
  `manufacturer` varchar(100) NOT NULL,
  `serieName` varchar(100) NOT NULL,
  `size` varchar(100) NOT NULL,
  `chipset` varchar(100) NOT NULL,
  `fullname` text NOT NULL,
  `storage` varchar(255) DEFAULT NULL,
  PRIMARY KEY (`ID`)
) ENGINE=InnoDB DEFAULT CHARSET=utf8;
/*!40101 SET character_set_client = @saved_cs_client */;

--
-- Dumping data for table `ssd`
--

LOCK TABLES `ssd` WRITE;
/*!40000 ALTER TABLE `ssd` DISABLE KEYS */;
INSERT INTO `ssd` VALUES ('adata-xpg-spectrix-s40g-rgb-256-m2-nvme','ADATA','XPG SPECTRIX S40G RGB','M2 NVMe','256 GB','SSD ADATA XPG SPECTRIX S40G RGB 256 GB',NULL),('adata-xpg-spectrix-s40g-rgb-512-m2-nvme','ADATA','XPG SPECTRIX S40G RGB','M2 NVMe','512 GB','SSD ADATA XPG SPECTRIX S40G RGB 512 GB',NULL),('kingston-a2000-1024-m2-nvme','Kingston','A2000','M2 NVMe','1 TB','SSD Kingston A2000 1 TB',NULL),('kingston-a2000-250-m2-nvme','Kingston','A2000','M2 NVMe','250 GB','SSD Kingston A2000 250 GB',NULL),('kingston-a2000-500-m2-nvme','Kingston','A2000','M2 NVMe','500 GB','SSD Kingston A2000 500 GB',NULL),('kingston-a400-120-m2-sata','Kingston','A400','M2 SATA','120 GB','SSD Kingston A400 120 GB',NULL),('kingston-a400-240-m2-sata','Kingston','A400','M2 SATA','240 GB','SSD Kingston A400 240 GB',NULL),('kingston-hyperx-fury-rgb-240-m2-sata','Kingston','HyperX FURY RGB','M2 SATA','240 GB','SSD Kingston HyperX FURY RGB 240 GB',NULL),('kingston-hyperx-fury-rgb-480-m2-sata','Kingston','HyperX FURY RGB','M2 SATA','480 GB','SSD Kingston HyperX FURY RGB 480 GB',NULL),('kingston-hyperx-fury-rgb-960-m2-sata','Kingston','HyperX FURY RGB','M2 SATA','960 GB','SSD Kingston HyperX FURY RGB 960 GB',NULL),('kingston-kc600-256-m2-sata','Kingston','KC600','M2 SATA','256 GB','SSD Kingston KC600 256 GB',NULL),('kingston-kc600-512-m2-sata','Kingston','KC600','M2 SATA','512 GB','SSD Kingston KC600 512 GB',NULL),('samsung-870-qvo-1024-m2-sata','Samsung','870 QVO','M2 SATA','1 TB','SSD Samsung 870 QVO 1 TB',NULL),('samsung-870-qvo-2048-m2-sata','Samsung','870 QVO','M2 SATA','2 TB','SSD Samsung 870 QVO 2 TB',NULL),('samsung-870-qvo-4096-m2-sata','Samsung','870 QVO','M2 SATA','4 TB','SSD Samsung 870 QVO 4 TB',NULL),('samsung-870-qvo-8192-m2-sata','Samsung','870 QVO','M2 SATA','8 TB','SSD Samsung 870 QVO 8 TB',NULL);
/*!40000 ALTER TABLE `ssd` ENABLE KEYS */;
UNLOCK TABLES;

--
-- Table structure for table `ssd_price_list`
--

DROP TABLE IF EXISTS `ssd_price_list`;
/*!40101 SET @saved_cs_client     = @@character_set_client */;
/*!50503 SET character_set_client = utf8mb4 */;
CREATE TABLE `ssd_price_list` (
  `Id` int NOT NULL AUTO_INCREMENT,
  `link` text NOT NULL,
  `img` text NOT NULL,
  `name` text NOT NULL,
  `price` int NOT NULL,
  `logo` text NOT NULL,
  `retailer` varchar(100) NOT NULL,
  `fid` varchar(100) NOT NULL,
  PRIMARY KEY (`Id`),
  KEY `fid` (`fid`),
  CONSTRAINT `ssd_price_list_ibfk_1` FOREIGN KEY (`fid`) REFERENCES `ssd` (`ID`)
) ENGINE=InnoDB AUTO_INCREMENT=20 DEFAULT CHARSET=utf8;
/*!40101 SET character_set_client = @saved_cs_client */;

--
-- Dumping data for table `ssd_price_list`
--

LOCK TABLES `ssd_price_list` WRITE;
/*!40000 ALTER TABLE `ssd_price_list` DISABLE KEYS */;
INSERT INTO `ssd_price_list` VALUES (1,'https://www.anphatpc.com.vn/o-cung-ssd-samsung-870-qvo-1tb-2-5-inch-sata-iii_id34479.html','https://anphat.com.vn/media/product/250_34479_1593755653_534_o_cung_ssd_1tb_samsung_870_qvo_25_inch_sata_iii_6.jpg','Ổ cứng SSD Samsung 870 QVO 1TB 2.5-Inch SATA III',3080000,'https://www.anphatpc.com.vn/template/anphat_2020/images/anphatpc.png','AnPhatPC','samsung-870-qvo-1024-m2-sata'),(2,'https://www.anphatpc.com.vn/o-cung-ssd-samsung-870-qvo-4tb-2-5-inch-sata-iii_id34481.html','https://anphat.com.vn/media/product/250_34481_1593755684_986_o_cung_ssd_2tb_samsung_870_qvo_25_inch_sata_iii_2.jpg','Ổ cứng SSD Samsung 870 QVO 4TB 2.5-Inch SATA III',12240000,'https://www.anphatpc.com.vn/template/anphat_2020/images/anphatpc.png','AnPhatPC','samsung-870-qvo-4096-m2-sata'),(3,'https://www.anphatpc.com.vn/o-cung-ssd-samsung-870-qvo-8tb-2-5-inch-sata-iii_id34482.html','https://anphat.com.vn/media/product/250_34482_1593755729_753_o_cung_ssd_8tb_samsung_870_qvo_25_inch_sata_iii_6.jpg','Ổ cứng SSD Samsung 870 QVO 8TB 2.5-Inch SATA III',22990000,'https://www.anphatpc.com.vn/template/anphat_2020/images/anphatpc.png','AnPhatPC','samsung-870-qvo-8192-m2-sata'),(4,'https://www.anphatpc.com.vn/o-cung-ssd-adata-xpg-spectrix-s40g-rgb-256gb-nvme-m.2-2280-pcie-gen-3.0-x4_id29720.html','https://anphat.com.vn/media/product/250_29720_adata_xpg_spectrix_s40g_rgb_256gb_pcie_m_2_2280_ssd_solid_state_drive_netstorecommy_1906_15_netstorecommy_9.jpg','Ổ cứng SSD ADATA XPG SPECTRIX S40G RGB 256GB NVMe M.2 2280 PCIe Gen 3.0 x4',1399000,'https://www.anphatpc.com.vn/template/anphat_2020/images/anphatpc.png','AnPhatPC','adata-xpg-spectrix-s40g-rgb-256-m2-nvme'),(5,'https://www.anphatpc.com.vn/o-cung-ssd-adata-xpg-spectrix-s40g-rgb-512gb-nvme-m.2-2280-pcie-gen-3.0-x4_id29721.html','https://anphat.com.vn/media/product/250_29721_','Ổ cứng SSD ADATA XPG SPECTRIX S40G RGB 512GB NVMe M.2 2280 PCIe Gen 3.0 x4',2349000,'https://www.anphatpc.com.vn/template/anphat_2020/images/anphatpc.png','AnPhatPC','adata-xpg-spectrix-s40g-rgb-512-m2-nvme'),(6,'https://www.anphatpc.com.vn/o-cung-ssd-samsung-870-qvo-2tb-2-5-inch-sata-iii_id34480.html','https://anphat.com.vn/media/product/250_34480_1593755684_932_o_cung_ssd_2tb_samsung_870_qvo_25_inch_sata_iii_6.jpg','Ổ cứng SSD Samsung 870 QVO 2TB 2.5-Inch SATA III',6060000,'https://www.anphatpc.com.vn/template/anphat_2020/images/anphatpc.png','AnPhatPC','samsung-870-qvo-2048-m2-sata'),(7,'https://gearvn.com/products/ssd-xpg-spectrix-s40g-rgb-led-256gb','https://product.hstatic.net/1000026716/product/ssd_adata_s40g_gearvn00_e12f3019dac0488d988a89fcecb7c517_large.jpg','SSD ADATA XPG SPECTRIX S40G RGB 256GB',1490000,'https://theme.hstatic.net/1000026716/1000440777/14/logo.svg?v=16422','GearVN','adata-xpg-spectrix-s40g-rgb-256-m2-nvme'),(8,'https://gearvn.com/products/ssd-adata-xpg-spectrix-s40g-rgb-512gb','https://product.hstatic.net/1000026716/product/ssd_adata_s40g_gearvn00_9c96b977c6cf4a8ca511b1eb5775fa33_large.jpg','SSD ADATA XPG SPECTRIX S40G RGB 512GB',2390000,'https://theme.hstatic.net/1000026716/1000440777/14/logo.svg?v=16422','GearVN','adata-xpg-spectrix-s40g-rgb-512-m2-nvme'),(9,'https://gearvn.com/products/ssd-kingston-kc600-256gb-2-5-sata3','https://product.hstatic.net/1000026716/product/gearvn-product-ssd-kc600-1_7d2f9a65e5b14003ac34247a3255407c_large.jpg','SSD Kingston KC600 256GB 2.5\" SATA3',1290000,'https://theme.hstatic.net/1000026716/1000440777/14/logo.svg?v=16422','GearVN','kingston-kc600-256-m2-sata'),(10,'https://gearvn.com/products/ssd-kingston-kc600-512gb-2-5-sata3','https://product.hstatic.net/1000026716/product/gearvn-product-ssd-kc600-1_def5e519aecb4e0888c066c5bbc37876_large.jpg','SSD Kingston KC600 512GB 2.5\" SATA3',2290000,'https://theme.hstatic.net/1000026716/1000440777/14/logo.svg?v=16422','GearVN','kingston-kc600-512-m2-sata'),(12,'https://gearvn.com/products/ssd-kingston-a400-120gb-m-2-sata-3','https://product.hstatic.net/1000026716/product/ssd-kingston-a400_1cb57dcbd5024f9da1e8b8f8a3fb9cbc_large.png','SSD KINGSTON A400 120GB M.2 Sata 3',590000,'https://theme.hstatic.net/1000026716/1000440777/14/logo.svg?v=16422','GearVN','kingston-a400-120-m2-sata'),(13,'https://gearvn.com/products/ssd-kingston-a400-240gb-m-2-sata-3','https://product.hstatic.net/1000026716/product/ssd-kingston-a400_c8d62280cba64e48935410993f606b12_large.png','SSD KINGSTON A400 240GB M.2 Sata 3',890000,'https://theme.hstatic.net/1000026716/1000440777/14/logo.svg?v=16422','GearVN','kingston-a400-240-m2-sata'),(14,'https://gearvn.com/products/ssd-kingston-a2000-500gb-m-2-nvme-sa2000m8-500g','https://product.hstatic.net/1000026716/product/gearvn.com-ssd-kingston-a2000-3_1500f2de07574538a78886c4ac2e8aa0_large.jpg','SSD KINGSTON A2000 500GB M.2 NVMe - SA2000M8/500G',2190000,'https://theme.hstatic.net/1000026716/1000440777/14/logo.svg?v=16422','GearVN','kingston-a2000-500-m2-nvme'),(15,'https://gearvn.com/products/ssd-kingston-a2000-250gb-m-2-nvme-sa2000m8-250g','https://product.hstatic.net/1000026716/product/gearvn.com-ssd-kingston-a2000-3_0f0d754eadf1458d813150f1dcd894e5_large.jpg','SSD KINGSTON A2000 250GB M.2 NVMe - SA2000M8/250G',1010000,'https://theme.hstatic.net/1000026716/1000440777/14/logo.svg?v=16422','GearVN','kingston-a2000-250-m2-nvme'),(16,'https://gearvn.com/products/ssd-kingston-a2000-1tb-m-2-nvme-sa2000m8-1000g','https://product.hstatic.net/1000026716/product/gearvn.com-ssd-kingston-a2000-3_fb9a4fd14a38408a88efed8effb4125e_large.jpg','SSD KINGSTON A2000 1TB M.2 NVMe - SA2000M8/1000G',3290000,'https://theme.hstatic.net/1000026716/1000440777/14/logo.svg?v=16422','GearVN','kingston-a2000-1024-m2-nvme'),(17,'https://gearvn.com/products/hyperx-ssd-fury-rgb-240gb-2-5-sata-3','https://product.hstatic.net/1000026716/product/ssd_kingston_hyperx_fury_rgb_large.jpg','HyperX SSD Fury RGB 240GB 2.5\" Sata 3',1990000,'https://theme.hstatic.net/1000026716/1000440777/14/logo.svg?v=16422','GearVN','kingston-hyperx-fury-rgb-240-m2-sata'),(18,'https://gearvn.com/products/hyperx-ssd-fury-rgb-480gb-2-5-sata-3','https://product.hstatic.net/1000026716/product/ssd_kingston_hyperx_fury_rgb_039917d65b514a569c528de3a75111db_large.jpg','HyperX SSD Fury RGB 480GB 2.5\" Sata 3',3350000,'https://theme.hstatic.net/1000026716/1000440777/14/logo.svg?v=16422','GearVN','kingston-hyperx-fury-rgb-480-m2-sata'),(19,'https://gearvn.com/products/hyperx-ssd-fury-rgb-960gb-2-5-sata-iii','https://product.hstatic.net/1000026716/product/hx-product-ssd-fury-rgb-shfr200-1-zm-lg_6d4fa528a68c47bda9702863383b5f53_large.jpg','HyperX SSD Fury RGB 960GB 2.5\" SATA III',5850000,'https://theme.hstatic.net/1000026716/1000440777/14/logo.svg?v=16422','GearVN','kingston-hyperx-fury-rgb-960-m2-sata');
/*!40000 ALTER TABLE `ssd_price_list` ENABLE KEYS */;
UNLOCK TABLES;

--
-- Table structure for table `user`
--

DROP TABLE IF EXISTS `user`;
/*!40101 SET @saved_cs_client     = @@character_set_client */;
/*!50503 SET character_set_client = utf8mb4 */;
CREATE TABLE `user` (
  `ID` int NOT NULL AUTO_INCREMENT,
  `Username` varchar(100) NOT NULL,
  `password` varchar(100) NOT NULL,
  `mail` varchar(100) NOT NULL,
  `UserType` varchar(100) NOT NULL,
  `name` varchar(255) NOT NULL,
  PRIMARY KEY (`ID`)
) ENGINE=InnoDB AUTO_INCREMENT=2 DEFAULT CHARSET=utf8;
/*!40101 SET character_set_client = @saved_cs_client */;

--
-- Dumping data for table `user`
--

LOCK TABLES `user` WRITE;
/*!40000 ALTER TABLE `user` DISABLE KEYS */;
INSERT INTO `user` VALUES (1,'amaggat','weare123','amaggat@gmail.com','user','Amaggat');
/*!40000 ALTER TABLE `user` ENABLE KEYS */;
UNLOCK TABLES;
/*!40103 SET TIME_ZONE=@OLD_TIME_ZONE */;

/*!40101 SET SQL_MODE=@OLD_SQL_MODE */;
/*!40014 SET FOREIGN_KEY_CHECKS=@OLD_FOREIGN_KEY_CHECKS */;
/*!40014 SET UNIQUE_CHECKS=@OLD_UNIQUE_CHECKS */;
/*!40101 SET CHARACTER_SET_CLIENT=@OLD_CHARACTER_SET_CLIENT */;
/*!40101 SET CHARACTER_SET_RESULTS=@OLD_CHARACTER_SET_RESULTS */;
/*!40101 SET COLLATION_CONNECTION=@OLD_COLLATION_CONNECTION */;
/*!40111 SET SQL_NOTES=@OLD_SQL_NOTES */;

-- Dump completed on 2020-12-27 17:34:05
